frame311.jpg,454.0,112.0,0.86278504,460.0,100.0,0.8591807,460.0,99.0,0.77578545,444.0,80.0,0.86272776,443.0,76.0,0.87875134,403.0,95.0,0.7085877,407.0,89.0,0.67846096,345.0,124.0,0.12493711,313.0,81.0,0.86742157,358.0,153.0,0.31100065,347.0,148.0,0.7844854,285.0,173.0,0.78184825,275.0,174.0,0.71893346,346.0,278.0,0.85664237,341.0,280.0,0.7134286,329.0,389.0,0.8049394,327.0,396.0,0.77158886
frame312.jpg,455.0,111.0,0.8086144,461.0,100.0,0.7851344,462.0,98.0,0.7890541,445.0,79.0,0.7728758,444.0,75.0,0.6909963,404.0,94.0,0.68366796,406.0,88.0,0.7479826,351.0,128.0,0.1636578,313.0,85.0,0.93823254,364.0,158.0,0.24700195,348.0,151.0,0.8142216,288.0,175.0,0.8340793,274.0,174.0,0.6617652,349.0,278.0,0.85899806,339.0,281.0,0.6026269,331.0,389.0,0.78216565,328.0,397.0,0.7061908
frame313.jpg,454.0,110.0,0.835474,460.0,99.0,0.7275518,461.0,96.0,0.7567141,444.0,77.0,0.7528001,444.0,73.0,0.7737576,405.0,94.0,0.6873348,406.0,86.0,0.7884606,354.0,131.0,0.12208322,313.0,89.0,0.9433694,363.0,158.0,0.25575566,348.0,154.0,0.7721321,288.0,174.0,0.8220965,275.0,173.0,0.6799873,347.0,278.0,0.86837023,339.0,281.0,0.54923785,331.0,390.0,0.7647021,328.0,397.0,0.7221608
frame314.jpg,455.0,108.0,0.79164463,461.0,97.0,0.75762945,461.0,95.0,0.72131586,444.0,76.0,0.80994564,444.0,72.0,0.66211164,406.0,94.0,0.65365195,406.0,83.0,0.8196881,359.0,130.0,0.14140059,315.0,94.0,0.9307705,363.0,159.0,0.3001139,347.0,155.0,0.59468853,286.0,174.0,0.82430005,274.0,173.0,0.47340962,346.0,278.0,0.8735086,338.0,281.0,0.56162584,333.0,389.0,0.7757438,327.0,398.0,0.7186761
frame315.jpg,455.0,108.0,0.8159658,461.0,96.0,0.7465133,461.0,95.0,0.7010051,444.0,76.0,0.8092751,444.0,72.0,0.64953136,404.0,95.0,0.8488879,404.0,82.0,0.8911291,361.0,130.0,0.15389742,316.0,95.0,0.89655346,365.0,162.0,0.28675538,351.0,161.0,0.7323988,287.0,171.0,0.80197287,273.0,171.0,0.6439948,346.0,278.0,0.88597673,338.0,280.0,0.5483353,333.0,390.0,0.7590693,328.0,396.0,0.7075095
frame317.jpg,454.0,108.0,0.79654384,460.0,97.0,0.7684487,460.0,95.0,0.7422931,444.0,76.0,0.7536949,443.0,72.0,0.6847582,402.0,91.0,0.8481987,404.0,86.0,0.8915938,329.0,107.0,0.30715826,318.0,104.0,0.82214093,364.0,168.0,0.40083414,357.0,172.0,0.7622843,284.0,171.0,0.77070016,275.0,171.0,0.736294,345.0,280.0,0.8892621,338.0,282.0,0.6680886,332.0,390.0,0.7906469,329.0,396.0,0.5617365
frame318.jpg,454.0,107.0,0.78058594,459.0,96.0,0.7942651,460.0,94.0,0.71917707,443.0,75.0,0.78477585,442.0,72.0,0.8323547,401.0,93.0,0.86533177,403.0,84.0,0.8832713,352.0,147.0,0.117056765,320.0,108.0,0.8022094,365.0,175.0,0.44544417,361.0,178.0,0.68346286,284.0,169.0,0.59164166,274.0,169.0,0.73439544,344.0,280.0,0.8916551,337.0,282.0,0.6608069,332.0,389.0,0.73938763,329.0,396.0,0.7606786
frame319.jpg,453.0,108.0,0.8223834,459.0,97.0,0.823364,459.0,95.0,0.72460645,443.0,75.0,0.8079567,442.0,72.0,0.8225053,401.0,94.0,0.8769017,402.0,86.0,0.88232714,357.0,149.0,0.11075404,322.0,114.0,0.93500626,366.0,176.0,0.41588876,362.0,182.0,0.7124319,282.0,170.0,0.7608645,273.0,169.0,0.7426902,344.0,281.0,0.80221176,337.0,283.0,0.6459608,332.0,389.0,0.7608783,329.0,396.0,0.7513796
frame320.jpg,453.0,107.0,0.84149706,459.0,97.0,0.8624947,459.0,95.0,0.76530975,444.0,75.0,0.8544028,442.0,72.0,0.8455562,403.0,92.0,0.7486007,402.0,85.0,0.8878006,331.0,122.0,0.439691,323.0,118.0,0.8849605,365.0,177.0,0.3718937,364.0,184.0,0.83587515,281.0,171.0,0.7992507,273.0,170.0,0.7838456,346.0,281.0,0.5456142,338.0,283.0,0.6454885,332.0,390.0,0.7848372,328.0,396.0,0.7661478
frame321.jpg,452.0,107.0,0.844066,459.0,96.0,0.8317179,458.0,94.0,0.720032,444.0,74.0,0.8719561,442.0,71.0,0.8290347,402.0,91.0,0.7648102,400.0,85.0,0.9100175,331.0,127.0,0.49789923,323.0,124.0,0.9248919,363.0,181.0,0.33804587,365.0,190.0,0.7236816,281.0,171.0,0.78938454,274.0,169.0,0.79859596,346.0,280.0,0.57480097,340.0,281.0,0.7712831,332.0,389.0,0.76657456,329.0,395.0,0.7635142
frame322.jpg,454.0,106.0,0.803673,459.0,96.0,0.65766037,460.0,95.0,0.81009567,445.0,74.0,0.8293751,443.0,72.0,0.7357929,400.0,89.0,0.84829473,399.0,80.0,0.81571853,335.0,131.0,0.5748334,328.0,128.0,0.88023114,366.0,188.0,0.34694603,370.0,194.0,0.80227065,281.0,170.0,0.89251673,275.0,168.0,0.7746689,344.0,281.0,0.8002484,340.0,281.0,0.7616022,333.0,389.0,0.7428628,329.0,395.0,0.72807
frame323.jpg,452.0,107.0,0.82496035,459.0,96.0,0.84122205,459.0,94.0,0.72264636,445.0,74.0,0.870426,443.0,71.0,0.8318659,400.0,89.0,0.83619493,397.0,84.0,0.8387599,334.0,133.0,0.6515027,328.0,133.0,0.900796,369.0,194.0,0.38185024,375.0,199.0,0.83190334,281.0,170.0,0.90642935,277.0,169.0,0.83733845,346.0,280.0,0.5700996,341.0,283.0,0.6735407,332.0,389.0,0.77377486,330.0,395.0,0.75548184
frame324.jpg,451.0,107.0,0.81973696,458.0,96.0,0.77683485,458.0,94.0,0.6429793,445.0,74.0,0.8739332,442.0,71.0,0.79790205,400.0,89.0,0.57652426,396.0,84.0,0.8179815,335.0,135.0,0.7293497,330.0,134.0,0.7108274,367.0,190.0,0.28543663,375.0,202.0,0.63636565,283.0,170.0,0.8957456,277.0,169.0,0.81988,347.0,279.0,0.6543014,342.0,282.0,0.7728611,333.0,388.0,0.80507356,330.0,395.0,0.7662017
frame325.jpg,452.0,107.0,0.8299256,459.0,97.0,0.80179775,458.0,95.0,0.6793224,445.0,74.0,0.87863076,442.0,72.0,0.82283115,399.0,90.0,0.6414678,395.0,87.0,0.87299025,337.0,140.0,0.660106,331.0,141.0,0.8433012,370.0,195.0,0.40100816,379.0,208.0,0.7363652,283.0,170.0,0.8894879,277.0,169.0,0.8050515,348.0,279.0,0.6602335,342.0,283.0,0.770372,332.0,388.0,0.7990012,330.0,396.0,0.74056
frame326.jpg,452.0,107.0,0.7638302,458.0,97.0,0.8302811,458.0,95.0,0.8014151,443.0,75.0,0.6986588,442.0,71.0,0.71533084,398.0,91.0,0.72046494,393.0,84.0,0.80913556,343.0,145.0,0.60021174,335.0,144.0,0.8346858,370.0,196.0,0.23665038,382.0,212.0,0.77250814,286.0,169.0,0.86546814,276.0,167.0,0.6858734,348.0,279.0,0.6197287,342.0,280.0,0.7765927,334.0,386.0,0.8167486,330.0,395.0,0.71430635
frame327.jpg,453.0,107.0,0.78425914,459.0,97.0,0.8421799,459.0,95.0,0.8417372,444.0,75.0,0.72993064,441.0,73.0,0.884075,399.0,92.0,0.7488246,394.0,84.0,0.823668,345.0,148.0,0.6854725,336.0,147.0,0.88441,376.0,204.0,0.32339048,381.0,214.0,0.74179524,288.0,169.0,0.8117903,277.0,166.0,0.69756913,345.0,279.0,0.8681279,342.0,281.0,0.7773522,334.0,386.0,0.786003,331.0,396.0,0.6587597
frame328.jpg,451.0,107.0,0.78210264,458.0,96.0,0.86280817,458.0,94.0,0.8412684,442.0,75.0,0.7223973,441.0,72.0,0.81269443,397.0,94.0,0.74111545,393.0,85.0,0.9022524,346.0,154.0,0.6515278,339.0,152.0,0.6783687,379.0,211.0,0.37505051,386.0,219.0,0.7591506,287.0,169.0,0.87613,277.0,165.0,0.9065026,346.0,277.0,0.855793,341.0,281.0,0.73588204,334.0,385.0,0.7501888,331.0,395.0,0.6035447
frame329.jpg,453.0,106.0,0.76234204,459.0,96.0,0.8247894,459.0,95.0,0.8361188,444.0,76.0,0.7314881,442.0,72.0,0.6608053,398.0,94.0,0.62562484,392.0,85.0,0.8525473,350.0,156.0,0.5925727,342.0,154.0,0.80203164,380.0,211.0,0.37090823,386.0,221.0,0.6313119,289.0,169.0,0.8648368,277.0,165.0,0.9100444,347.0,276.0,0.8727931,342.0,280.0,0.7383323,335.0,387.0,0.7531108,331.0,397.0,0.59531194
frame330.jpg,453.0,106.0,0.70956844,459.0,97.0,0.8587874,459.0,95.0,0.860814,444.0,76.0,0.7059774,441.0,73.0,0.87755007,398.0,94.0,0.68691015,394.0,87.0,0.88118356,351.0,158.0,0.46323025,344.0,157.0,0.8673461,380.0,212.0,0.33646163,388.0,225.0,0.7498243,289.0,169.0,0.8614391,278.0,166.0,0.9082249,347.0,276.0,0.8448995,342.0,280.0,0.77040625,335.0,387.0,0.77759206,331.0,396.0,0.65901554
frame331.jpg,454.0,106.0,0.72978413,460.0,96.0,0.8526163,460.0,95.0,0.83779556,445.0,76.0,0.7430238,442.0,73.0,0.8818371,399.0,95.0,0.6641775,393.0,86.0,0.88916993,354.0,162.0,0.63074535,348.0,160.0,0.6159897,383.0,220.0,0.43053967,388.0,228.0,0.7167367,290.0,170.0,0.8793524,278.0,165.0,0.86590016,347.0,276.0,0.8543819,343.0,280.0,0.8052295,335.0,385.0,0.8478911,332.0,397.0,0.73718
frame332.jpg,454.0,106.0,0.72857594,459.0,97.0,0.85240704,459.0,95.0,0.8344653,444.0,76.0,0.7607846,442.0,74.0,0.8919568,397.0,94.0,0.6753439,393.0,88.0,0.89416355,355.0,164.0,0.6420251,350.0,163.0,0.7248089,383.0,220.0,0.31290144,389.0,231.0,0.7285142,290.0,170.0,0.8666456,281.0,167.0,0.74115956,346.0,277.0,0.847458,343.0,281.0,0.81253296,335.0,386.0,0.7602786,332.0,396.0,0.74058926
frame333.jpg,455.0,106.0,0.75155354,460.0,96.0,0.8382717,460.0,95.0,0.8235187,445.0,76.0,0.7749675,442.0,74.0,0.889508,397.0,93.0,0.659652,394.0,87.0,0.89350677,356.0,165.0,0.6272279,353.0,166.0,0.7911787,383.0,222.0,0.24953626,393.0,234.0,0.8429385,290.0,170.0,0.86936516,283.0,168.0,0.80006623,345.0,277.0,0.82131565,342.0,282.0,0.81553024,335.0,385.0,0.7737413,333.0,396.0,0.7284701
frame334.jpg,455.0,108.0,0.762306,461.0,97.0,0.82610965,461.0,97.0,0.8542372,445.0,77.0,0.74486,443.0,75.0,0.86409885,397.0,93.0,0.70143163,394.0,87.0,0.6646088,357.0,166.0,0.6598766,357.0,168.0,0.6150946,389.0,230.0,0.33177572,395.0,238.0,0.7933706,290.0,169.0,0.87022823,284.0,170.0,0.83725,345.0,278.0,0.81030697,343.0,282.0,0.7930984,336.0,385.0,0.7475664,333.0,397.0,0.73469865
frame335.jpg,455.0,109.0,0.6345724,460.0,99.0,0.8465985,460.0,98.0,0.8615681,445.0,78.0,0.69312847,442.0,76.0,0.75593895,398.0,93.0,0.72867167,395.0,89.0,0.75906116,358.0,168.0,0.70272005,360.0,172.0,0.7383945,394.0,237.0,0.5363729,397.0,241.0,0.7998103,289.0,169.0,0.8765319,285.0,170.0,0.8609799,343.0,278.0,0.77951324,341.0,283.0,0.7951828,336.0,386.0,0.7603431,334.0,396.0,0.68342656
frame336.jpg,457.0,110.0,0.7617008,462.0,99.0,0.6261549,463.0,99.0,0.80386865,447.0,77.0,0.65515125,444.0,76.0,0.80365545,399.0,94.0,0.6994795,398.0,92.0,0.9330996,364.0,176.0,0.6607646,365.0,179.0,0.8243712,396.0,244.0,0.51637983,400.0,248.0,0.6585716,290.0,171.0,0.8849057,285.0,170.0,0.8541713,341.0,278.0,0.77381283,341.0,282.0,0.77154,336.0,386.0,0.84060353,334.0,397.0,0.7276699
frame337.jpg,457.0,111.0,0.78425723,463.0,100.0,0.80792844,462.0,99.0,0.7470813,447.0,78.0,0.64386624,446.0,76.0,0.8005614,402.0,93.0,0.7665785,400.0,93.0,0.9326609,365.0,176.0,0.6669717,367.0,180.0,0.8327453,397.0,244.0,0.44454825,401.0,249.0,0.71558577,291.0,171.0,0.83354807,284.0,170.0,0.83613515,342.0,278.0,0.79821754,341.0,282.0,0.77963704,337.0,385.0,0.8604254,334.0,396.0,0.82276225
frame338.jpg,458.0,112.0,0.71962935,464.0,101.0,0.72531295,464.0,100.0,0.7609549,448.0,79.0,0.7979648,446.0,77.0,0.79647416,403.0,96.0,0.9008377,399.0,94.0,0.8640348,369.0,178.0,0.7011082,371.0,184.0,0.84272623,400.0,250.0,0.4816623,404.0,255.0,0.5954143,290.0,170.0,0.87134516,283.0,170.0,0.8844042,343.0,277.0,0.8166939,341.0,282.0,0.72386205,337.0,385.0,0.6400454,334.0,397.0,0.71477985
frame339.jpg,458.0,112.0,0.6752275,464.0,101.0,0.7910215,464.0,100.0,0.7990236,447.0,79.0,0.78036356,445.0,78.0,0.78915155,402.0,96.0,0.9052821,400.0,96.0,0.8956963,373.0,184.0,0.5660863,373.0,185.0,0.81211627,400.0,253.0,0.42847264,406.0,258.0,0.765946,289.0,170.0,0.85288894,283.0,170.0,0.86629516,342.0,277.0,0.8240494,341.0,281.0,0.74164253,336.0,386.0,0.7567839,334.0,397.0,0.72202665
frame340.jpg,459.0,113.0,0.61785686,464.0,103.0,0.7861774,464.0,101.0,0.6991908,450.0,79.0,0.7225645,447.0,78.0,0.81797165,402.0,99.0,0.8672734,399.0,97.0,0.8990421,375.0,185.0,0.6893486,376.0,188.0,0.86785185,401.0,253.0,0.41661274,409.0,261.0,0.8294987,289.0,170.0,0.87402016,283.0,170.0,0.8835202,344.0,276.0,0.7138464,342.0,281.0,0.8189198,336.0,384.0,0.7878051,334.0,397.0,0.69065344
frame341.jpg,458.0,114.0,0.82053006,464.0,103.0,0.87126344,464.0,101.0,0.785482,450.0,81.0,0.8371979,447.0,78.0,0.89726275,402.0,99.0,0.7632835,399.0,97.0,0.88856226,377.0,186.0,0.70042753,379.0,189.0,0.86478984,401.0,253.0,0.42478678,410.0,261.0,0.80186015,289.0,170.0,0.86391026,284.0,170.0,0.87848055,345.0,276.0,0.66859674,343.0,281.0,0.80428207,337.0,385.0,0.74793243,335.0,397.0,0.69404066
frame342.jpg,460.0,113.0,0.6775447,465.0,103.0,0.83613145,465.0,101.0,0.7601624,449.0,81.0,0.8160801,447.0,79.0,0.88335663,401.0,99.0,0.7450069,399.0,97.0,0.87396204,380.0,188.0,0.64323246,380.0,190.0,0.8660373,403.0,258.0,0.51848626,409.0,265.0,0.7588457,289.0,170.0,0.8606757,284.0,170.0,0.8783461,345.0,276.0,0.6783215,343.0,281.0,0.7732839,337.0,384.0,0.7768004,332.0,398.0,0.8472272
frame343.jpg,461.0,115.0,0.76015276,466.0,105.0,0.7750679,466.0,103.0,0.76883674,452.0,81.0,0.8533677,449.0,80.0,0.811151,402.0,101.0,0.7565151,400.0,98.0,0.8807303,384.0,192.0,0.7207617,383.0,192.0,0.8790617,406.0,264.0,0.57275295,411.0,268.0,0.66405386,292.0,170.0,0.7563734,282.0,171.0,0.88385874,347.0,276.0,0.76887476,344.0,281.0,0.77339363,337.0,384.0,0.8367965,334.0,397.0,0.6571425
frame344.jpg,461.0,116.0,0.7664521,467.0,105.0,0.713837,467.0,104.0,0.76630765,453.0,81.0,0.8639839,451.0,79.0,0.79297996,403.0,101.0,0.7399967,401.0,97.0,0.8881961,385.0,194.0,0.7783476,386.0,194.0,0.89819,409.0,264.0,0.5723228,413.0,269.0,0.7201412,292.0,170.0,0.7424066,283.0,171.0,0.88138914,347.0,276.0,0.7647811,345.0,281.0,0.78362256,338.0,384.0,0.8271736,335.0,396.0,0.67777306
frame345.jpg,461.0,117.0,0.7141162,467.0,106.0,0.8441641,467.0,105.0,0.818514,453.0,82.0,0.81302816,450.0,81.0,0.8570463,402.0,103.0,0.75450116,398.0,99.0,0.81152165,388.0,195.0,0.60560465,387.0,196.0,0.89051133,408.0,265.0,0.56049514,414.0,270.0,0.6808181,293.0,171.0,0.7299716,283.0,172.0,0.89799047,347.0,277.0,0.6951983,344.0,282.0,0.79151857,338.0,384.0,0.7522589,333.0,398.0,0.8430371
frame346.jpg,463.0,117.0,0.7648269,468.0,106.0,0.794842,468.0,105.0,0.790278,454.0,83.0,0.84387964,450.0,82.0,0.8352901,403.0,103.0,0.74448913,399.0,98.0,0.8402213,390.0,196.0,0.6557069,390.0,197.0,0.89924526,409.0,266.0,0.56106067,414.0,274.0,0.70319605,291.0,171.0,0.69955647,284.0,172.0,0.899402,347.0,276.0,0.6711402,344.0,281.0,0.80113894,338.0,384.0,0.7599876,333.0,397.0,0.83538836
frame347.jpg,463.0,118.0,0.6985842,468.0,108.0,0.8533766,468.0,106.0,0.8455664,454.0,84.0,0.7940245,451.0,83.0,0.87705004,403.0,106.0,0.78150994,399.0,101.0,0.80982614,392.0,200.0,0.68082064,392.0,199.0,0.8928573,410.0,270.0,0.55452913,415.0,276.0,0.7110661,292.0,173.0,0.7384761,284.0,172.0,0.7539796,348.0,276.0,0.6330164,344.0,282.0,0.8050845,338.0,386.0,0.8957113,334.0,396.0,0.8064618
frame348.jpg,463.0,119.0,0.7836815,469.0,109.0,0.78687954,469.0,107.0,0.7919865,454.0,85.0,0.84189814,451.0,83.0,0.82234085,403.0,106.0,0.76945555,400.0,101.0,0.834398,392.0,201.0,0.68661255,393.0,200.0,0.8806271,408.0,270.0,0.5414616,414.0,277.0,0.6785713,292.0,173.0,0.70466876,284.0,173.0,0.89403903,347.0,276.0,0.6186211,344.0,281.0,0.8106023,338.0,386.0,0.89596117,334.0,396.0,0.8185971
frame349.jpg,464.0,120.0,0.73789275,469.0,109.0,0.7835692,469.0,108.0,0.828412,454.0,86.0,0.65673494,452.0,85.0,0.79509866,402.0,107.0,0.82382905,400.0,103.0,0.7801483,393.0,202.0,0.7492056,396.0,203.0,0.8389027,406.0,270.0,0.53013414,414.0,278.0,0.84768355,290.0,172.0,0.88347757,283.0,173.0,0.901884,346.0,275.0,0.6298809,343.0,281.0,0.8042117,338.0,387.0,0.848091,334.0,396.0,0.8330703
frame350.jpg,463.0,121.0,0.5556481,470.0,110.0,0.78750765,469.0,109.0,0.72300124,454.0,88.0,0.6574358,454.0,85.0,0.8594132,403.0,108.0,0.8602164,402.0,103.0,0.7975931,394.0,202.0,0.7736188,398.0,204.0,0.8507035,408.0,273.0,0.5058173,415.0,281.0,0.7195881,289.0,172.0,0.88076526,284.0,173.0,0.9029563,346.0,276.0,0.637876,344.0,281.0,0.8024526,339.0,385.0,0.6877332,334.0,397.0,0.8417803
frame351.jpg,464.0,121.0,0.5971713,471.0,110.0,0.7467568,470.0,109.0,0.6927595,455.0,88.0,0.7347319,454.0,86.0,0.58463484,403.0,108.0,0.87353384,403.0,105.0,0.84071225,395.0,202.0,0.7725464,400.0,205.0,0.84474725,408.0,273.0,0.49971706,416.0,282.0,0.7030338,289.0,172.0,0.87802374,284.0,173.0,0.90313774,345.0,276.0,0.84099334,345.0,280.0,0.808628,339.0,385.0,0.66081995,336.0,396.0,0.85936177
frame352.jpg,463.0,121.0,0.7080207,470.0,112.0,0.5343526,471.0,110.0,0.7160414,456.0,89.0,0.8380898,454.0,87.0,0.70236087,402.0,109.0,0.8580553,402.0,106.0,0.86858577,395.0,204.0,0.7903213,400.0,207.0,0.8328515,407.0,273.0,0.48078555,414.0,282.0,0.8555317,287.0,171.0,0.8012458,284.0,173.0,0.9035524,345.0,277.0,0.8411689,344.0,282.0,0.77804947,338.0,386.0,0.8404513,335.0,396.0,0.8639052
frame353.jpg,465.0,122.0,0.6954524,472.0,112.0,0.8113978,471.0,110.0,0.78470796,456.0,90.0,0.7255368,455.0,88.0,0.6738676,405.0,109.0,0.9014636,403.0,107.0,0.6621064,396.0,203.0,0.7805689,402.0,207.0,0.72587264,409.0,274.0,0.53637385,416.0,283.0,0.7320592,288.0,171.0,0.8697057,284.0,173.0,0.89563996,346.0,276.0,0.84956545,346.0,279.0,0.81147563,339.0,387.0,0.8418197,336.0,396.0,0.86106247
frame354.jpg,465.0,124.0,0.80506885,472.0,114.0,0.7020595,471.0,111.0,0.7586573,456.0,91.0,0.8081125,455.0,89.0,0.75412357,405.0,110.0,0.9020575,405.0,108.0,0.7293167,397.0,203.0,0.7903612,403.0,207.0,0.768327,409.0,277.0,0.5441867,417.0,285.0,0.76416516,288.0,171.0,0.8732856,284.0,173.0,0.89802235,346.0,276.0,0.85170233,346.0,279.0,0.7808969,339.0,385.0,0.6877994,337.0,395.0,0.67298913
frame355.jpg,464.0,124.0,0.82640254,471.0,115.0,0.7359636,470.0,113.0,0.6442996,456.0,91.0,0.83313763,455.0,90.0,0.780092,406.0,111.0,0.8897145,404.0,109.0,0.7088238,398.0,204.0,0.79114264,403.0,207.0,0.7714275,409.0,277.0,0.55803406,417.0,284.0,0.72879946,288.0,171.0,0.8676292,284.0,173.0,0.8965864,346.0,276.0,0.85531664,346.0,279.0,0.8019402,340.0,385.0,0.6625761,337.0,394.0,0.6481725
frame356.jpg,464.0,125.0,0.8332051,471.0,115.0,0.74822336,471.0,114.0,0.6793139,457.0,92.0,0.8523304,456.0,90.0,0.80338717,406.0,111.0,0.88532746,404.0,109.0,0.6611004,399.0,204.0,0.7908055,403.0,208.0,0.7623489,409.0,277.0,0.5614401,415.0,285.0,0.8572927,289.0,172.0,0.8813379,285.0,174.0,0.9045425,348.0,275.0,0.6203928,346.0,281.0,0.7961631,339.0,386.0,0.8443487,336.0,396.0,0.8515794
frame357.jpg,465.0,125.0,0.8493985,472.0,115.0,0.80823505,471.0,113.0,0.7302948,457.0,92.0,0.8782082,456.0,90.0,0.8472838,407.0,112.0,0.86971724,405.0,110.0,0.7102747,400.0,206.0,0.7116449,404.0,208.0,0.7299093,410.0,277.0,0.59139514,417.0,284.0,0.699998,289.0,172.0,0.8852636,285.0,173.0,0.9060491,348.0,275.0,0.6298556,346.0,280.0,0.8042393,340.0,384.0,0.6620315,336.0,396.0,0.86074865
frame358.jpg,465.0,125.0,0.83748645,472.0,115.0,0.8044107,472.0,113.0,0.7379379,456.0,92.0,0.85447073,455.0,90.0,0.86870956,406.0,112.0,0.8772484,404.0,110.0,0.73276746,400.0,207.0,0.6928276,405.0,209.0,0.73379046,409.0,278.0,0.5849329,417.0,285.0,0.70323867,288.0,171.0,0.8718148,285.0,173.0,0.8929446,346.0,276.0,0.8577269,346.0,279.0,0.7974569,339.0,386.0,0.8394749,336.0,395.0,0.8673593
frame359.jpg,465.0,125.0,0.8382,472.0,115.0,0.8130841,472.0,114.0,0.7579634,457.0,92.0,0.867832,456.0,90.0,0.86950886,407.0,112.0,0.8727658,405.0,110.0,0.7131389,400.0,207.0,0.6954986,405.0,209.0,0.744351,410.0,277.0,0.59049857,417.0,285.0,0.70586723,288.0,171.0,0.87333274,285.0,173.0,0.8953893,346.0,275.0,0.86344826,347.0,279.0,0.8010421,339.0,386.0,0.8380932,337.0,395.0,0.8654677
frame360.jpg,466.0,126.0,0.83257425,473.0,115.0,0.8327096,472.0,114.0,0.76982623,457.0,93.0,0.853595,455.0,91.0,0.89536643,408.0,111.0,0.88841766,406.0,110.0,0.7809549,400.0,206.0,0.7700019,405.0,209.0,0.7912515,410.0,275.0,0.62710094,418.0,283.0,0.7074134,288.0,172.0,0.87766,285.0,174.0,0.89677966,347.0,277.0,0.8674884,347.0,280.0,0.7830954,339.0,386.0,0.81865245,338.0,395.0,0.5586744
frame361.jpg,466.0,125.0,0.82751393,472.0,114.0,0.785997,472.0,113.0,0.7123779,456.0,92.0,0.82541287,456.0,90.0,0.84051263,407.0,111.0,0.89398056,405.0,109.0,0.7452756,399.0,204.0,0.77918136,404.0,208.0,0.77209604,410.0,277.0,0.5964898,417.0,284.0,0.722641,288.0,171.0,0.86689335,285.0,173.0,0.8842869,346.0,276.0,0.8718283,347.0,279.0,0.8023776,339.0,386.0,0.8376005,338.0,394.0,0.66608727
frame362.jpg,466.0,125.0,0.8242374,473.0,114.0,0.7700161,472.0,113.0,0.69113696,457.0,92.0,0.8227049,456.0,90.0,0.8270418,407.0,111.0,0.8959939,405.0,109.0,0.72637564,399.0,205.0,0.7833319,404.0,208.0,0.75800365,410.0,276.0,0.5854571,418.0,284.0,0.728282,288.0,171.0,0.8702136,285.0,173.0,0.8871499,346.0,276.0,0.8675792,347.0,280.0,0.8026147,340.0,384.0,0.6753042,338.0,395.0,0.66653836
frame363.jpg,466.0,124.0,0.8283634,473.0,114.0,0.78554296,472.0,113.0,0.72105825,457.0,92.0,0.8242931,456.0,90.0,0.8477083,408.0,110.0,0.8861834,405.0,109.0,0.7339122,398.0,205.0,0.7945159,403.0,209.0,0.70819044,411.0,277.0,0.58796644,418.0,284.0,0.7469145,289.0,171.0,0.8766945,285.0,173.0,0.8914522,348.0,275.0,0.65583646,347.0,280.0,0.7957698,341.0,385.0,0.7149215,339.0,394.0,0.6729186
frame364.jpg,465.0,124.0,0.81726,472.0,115.0,0.7609916,472.0,113.0,0.7021316,457.0,92.0,0.8515673,456.0,90.0,0.81207174,406.0,112.0,0.86644375,404.0,111.0,0.6489709,397.0,205.0,0.77762085,402.0,209.0,0.78646225,409.0,273.0,0.5797763,417.0,282.0,0.7212645,289.0,171.0,0.87444293,285.0,174.0,0.89674485,347.0,277.0,0.85982144,347.0,281.0,0.79170805,340.0,386.0,0.845991,339.0,396.0,0.66225266
frame365.jpg,465.0,124.0,0.8155643,472.0,115.0,0.7475847,471.0,113.0,0.67631435,457.0,92.0,0.8463266,456.0,90.0,0.7916504,406.0,111.0,0.86418074,403.0,110.0,0.6218257,396.0,205.0,0.7701826,400.0,208.0,0.7963185,410.0,273.0,0.5619258,417.0,282.0,0.72901785,289.0,171.0,0.8665669,285.0,173.0,0.8899319,347.0,277.0,0.8529744,347.0,280.0,0.8003579,341.0,386.0,0.6840096,338.0,396.0,0.63709146
frame366.jpg,465.0,124.0,0.80548096,472.0,114.0,0.7213949,471.0,113.0,0.64027977,457.0,92.0,0.82984364,456.0,90.0,0.7765548,405.0,110.0,0.87924975,405.0,109.0,0.69068635,394.0,204.0,0.7682017,398.0,206.0,0.8527254,410.0,274.0,0.5232183,417.0,281.0,0.7445936,289.0,171.0,0.8719306,286.0,173.0,0.8895921,346.0,277.0,0.85572314,347.0,280.0,0.7877364,340.0,386.0,0.6930697,338.0,396.0,0.6429265
frame367.jpg,465.0,123.0,0.7200469,471.0,114.0,0.6081816,470.0,113.0,0.44649798,458.0,91.0,0.84119344,456.0,89.0,0.71814036,405.0,110.0,0.8595087,402.0,108.0,0.8128628,395.0,204.0,0.7485429,394.0,205.0,0.86860156,409.0,270.0,0.5280418,416.0,278.0,0.70334446,291.0,171.0,0.87295127,286.0,173.0,0.88633734,348.0,277.0,0.81105304,347.0,281.0,0.82641584,342.0,385.0,0.6977933,338.0,397.0,0.85627717
frame368.jpg,466.0,123.0,0.7099734,473.0,113.0,0.6375559,473.0,111.0,0.792376,456.0,91.0,0.76066893,455.0,89.0,0.69487286,407.0,108.0,0.88606846,405.0,106.0,0.8163698,392.0,203.0,0.70590883,392.0,203.0,0.86723554,412.0,270.0,0.52861583,418.0,276.0,0.80576354,290.0,171.0,0.8702315,286.0,172.0,0.8755413,350.0,275.0,0.7196275,348.0,280.0,0.8080382,342.0,385.0,0.7435784,337.0,395.0,0.8641935
frame369.jpg,466.0,123.0,0.78973675,472.0,113.0,0.6977318,472.0,112.0,0.63398695,457.0,90.0,0.8201252,456.0,89.0,0.77462184,407.0,107.0,0.8840242,405.0,105.0,0.8167043,388.0,201.0,0.70772874,389.0,202.0,0.8599551,410.0,266.0,0.4975631,416.0,274.0,0.7143576,292.0,171.0,0.88156956,286.0,172.0,0.8793174,351.0,277.0,0.7592771,349.0,282.0,0.76686835,343.0,385.0,0.87355655,340.0,396.0,0.65990216
frame370.jpg,465.0,121.0,0.6710485,471.0,112.0,0.5319897,471.0,110.0,0.5527184,457.0,89.0,0.81135887,455.0,87.0,0.6647407,407.0,107.0,0.8301588,405.0,104.0,0.83567977,386.0,197.0,0.6403205,387.0,199.0,0.852068,407.0,262.0,0.4335282,416.0,270.0,0.65603805,293.0,171.0,0.8812372,287.0,172.0,0.8897641,351.0,276.0,0.6950093,349.0,282.0,0.74634606,343.0,384.0,0.7312485,337.0,397.0,0.8503454
frame371.jpg,466.0,122.0,0.64780825,472.0,111.0,0.47456762,473.0,110.0,0.7059674,458.0,89.0,0.768872,456.0,87.0,0.64132965,409.0,106.0,0.7798245,406.0,103.0,0.75710684,383.0,193.0,0.6832607,384.0,196.0,0.8591026,409.0,261.0,0.43408373,415.0,268.0,0.6495865,295.0,172.0,0.8678271,289.0,172.0,0.8799921,351.0,277.0,0.7119338,349.0,283.0,0.7621011,342.0,385.0,0.8046695,337.0,398.0,0.8345649
frame372.jpg,467.0,121.0,0.5960672,473.0,110.0,0.59030294,474.0,109.0,0.6996777,458.0,88.0,0.78305185,456.0,87.0,0.6541773,410.0,106.0,0.7438483,407.0,102.0,0.7644168,379.0,191.0,0.64006096,380.0,195.0,0.79896635,407.0,259.0,0.48973504,413.0,263.0,0.72657526,294.0,171.0,0.88837993,289.0,172.0,0.8810302,349.0,277.0,0.66009057,348.0,282.0,0.7716653,342.0,384.0,0.7559492,338.0,397.0,0.86019725
frame373.jpg,468.0,120.0,0.67653894,474.0,110.0,0.7888566,474.0,109.0,0.82744116,458.0,88.0,0.5736677,457.0,86.0,0.7586942,412.0,106.0,0.7182174,410.0,103.0,0.86098725,375.0,187.0,0.63349986,376.0,191.0,0.69074583,408.0,257.0,0.53526545,411.0,261.0,0.7354971,297.0,172.0,0.8651569,290.0,171.0,0.85811555,351.0,278.0,0.6729759,346.0,283.0,0.75867045,342.0,386.0,0.83101904,338.0,397.0,0.8369501
frame374.jpg,469.0,119.0,0.770952,474.0,109.0,0.66610974,475.0,107.0,0.777874,460.0,85.0,0.8735638,458.0,83.0,0.7912647,413.0,107.0,0.65197945,407.0,101.0,0.8950912,374.0,186.0,0.571085,371.0,187.0,0.8208654,406.0,252.0,0.4678404,410.0,255.0,0.6845734,299.0,172.0,0.8573881,289.0,170.0,0.9051479,350.0,277.0,0.79331446,348.0,282.0,0.7706584,342.0,387.0,0.7981861,339.0,396.0,0.83572507
frame375.jpg,468.0,120.0,0.65439045,474.0,109.0,0.87167317,474.0,108.0,0.83609396,460.0,87.0,0.7833263,457.0,84.0,0.88784516,413.0,105.0,0.69137406,408.0,100.0,0.8792906,370.0,181.0,0.5077212,368.0,182.0,0.7156294,402.0,246.0,0.5277231,405.0,252.0,0.6732708,298.0,171.0,0.8848847,290.0,170.0,0.8762846,350.0,274.0,0.6566274,349.0,280.0,0.7786478,341.0,387.0,0.82778454,341.0,396.0,0.76619005
frame376.jpg,466.0,120.0,0.70833385,473.0,109.0,0.8256571,473.0,108.0,0.8079032,459.0,87.0,0.641201,457.0,84.0,0.8731898,413.0,105.0,0.68252087,409.0,101.0,0.8561475,366.0,175.0,0.6632771,366.0,178.0,0.723671,398.0,239.0,0.40814453,404.0,248.0,0.5748131,297.0,171.0,0.89532185,291.0,170.0,0.903326,350.0,277.0,0.75495327,348.0,282.0,0.7721414,341.0,386.0,0.82288784,340.0,396.0,0.76738626
frame377.jpg,468.0,119.0,0.61301684,474.0,109.0,0.8741139,474.0,108.0,0.86353105,459.0,88.0,0.60098904,458.0,85.0,0.89275074,415.0,106.0,0.59021163,409.0,99.0,0.8633949,365.0,172.0,0.5896138,362.0,174.0,0.74267125,398.0,236.0,0.45571968,402.0,240.0,0.78546894,298.0,170.0,0.88390964,291.0,169.0,0.8851009,351.0,277.0,0.7495208,347.0,281.0,0.75583214,341.0,387.0,0.84557354,341.0,397.0,0.7137245
frame378.jpg,467.0,118.0,0.71913654,474.0,107.0,0.8586174,474.0,106.0,0.8336008,460.0,86.0,0.6402648,458.0,83.0,0.8681791,414.0,104.0,0.4754751,410.0,97.0,0.89124244,363.0,166.0,0.65910655,358.0,166.0,0.8495686,393.0,228.0,0.34661958,397.0,234.0,0.6938908,298.0,169.0,0.87558556,290.0,167.0,0.7784667,350.0,274.0,0.656366,348.0,280.0,0.8173383,341.0,387.0,0.8210753,341.0,395.0,0.6263583
frame379.jpg,467.0,117.0,0.7941705,474.0,107.0,0.8456526,473.0,105.0,0.76231885,460.0,85.0,0.7565011,457.0,82.0,0.8770887,412.0,104.0,0.5861205,408.0,97.0,0.87172824,361.0,161.0,0.5840085,355.0,161.0,0.8102943,391.0,221.0,0.38643977,396.0,230.0,0.78028446,298.0,168.0,0.8558178,289.0,167.0,0.7202651,353.0,275.0,0.7025439,348.0,280.0,0.70865333,342.0,387.0,0.8106227,340.0,395.0,0.82559234
frame380.jpg,466.0,117.0,0.77053607,474.0,107.0,0.68127227,473.0,105.0,0.7358141,460.0,86.0,0.7432102,458.0,83.0,0.7952046,416.0,103.0,0.64850616,410.0,95.0,0.9101125,357.0,156.0,0.71820164,353.0,157.0,0.7080021,390.0,218.0,0.39814112,394.0,225.0,0.7975532,297.0,168.0,0.834728,286.0,165.0,0.73730713,358.0,276.0,0.6326855,350.0,280.0,0.7407054,344.0,388.0,0.75416595,341.0,396.0,0.681076
frame381.jpg,467.0,116.0,0.6645278,475.0,106.0,0.8464318,475.0,104.0,0.82268167,460.0,84.0,0.66148394,459.0,82.0,0.8269839,416.0,102.0,0.84232104,411.0,93.0,0.8708029,355.0,153.0,0.6003862,347.0,152.0,0.83835065,388.0,211.0,0.3831369,392.0,222.0,0.70284534,296.0,167.0,0.86537516,285.0,165.0,0.8665416,360.0,277.0,0.72915876,351.0,281.0,0.7513321,344.0,386.0,0.7843751,341.0,396.0,0.6850096
frame382.jpg,472.0,116.0,0.78283757,477.0,105.0,0.81329703,477.0,104.0,0.84780324,464.0,84.0,0.81228507,462.0,81.0,0.72386676,417.0,101.0,0.837382,411.0,93.0,0.8144008,351.0,146.0,0.595145,344.0,146.0,0.87045014,381.0,203.0,0.35173532,388.0,216.0,0.5356456,294.0,169.0,0.88342845,286.0,167.0,0.89079046,359.0,278.0,0.720731,352.0,283.0,0.7523361,343.0,388.0,0.8138698,341.0,395.0,0.73892367
frame383.jpg,471.0,115.0,0.838962,477.0,104.0,0.85966146,477.0,103.0,0.7613676,462.0,82.0,0.87292683,460.0,80.0,0.87052226,419.0,100.0,0.763419,412.0,92.0,0.84849143,348.0,140.0,0.5963317,342.0,139.0,0.8582481,384.0,200.0,0.43008602,387.0,206.0,0.7996528,293.0,169.0,0.9055791,286.0,167.0,0.8226483,358.0,278.0,0.7197696,353.0,282.0,0.7068622,343.0,388.0,0.7776444,340.0,397.0,0.7155405
frame384.jpg,472.0,113.0,0.7829685,478.0,102.0,0.6264977,478.0,101.0,0.53053415,463.0,81.0,0.85752654,462.0,78.0,0.7557049,419.0,98.0,0.80846006,416.0,88.0,0.915672,347.0,130.0,0.49864006,341.0,127.0,0.7401873,377.0,188.0,0.52765536,378.0,191.0,0.7803653,295.0,170.0,0.8023472,287.0,167.0,0.7865504,359.0,279.0,0.56957245,352.0,282.0,0.6675155,344.0,387.0,0.8420735,341.0,395.0,0.7445247
frame385.jpg,472.0,113.0,0.6710367,477.0,101.0,0.82919586,477.0,100.0,0.8672116,459.0,81.0,0.7524235,459.0,78.0,0.72092795,416.0,99.0,0.8531317,416.0,88.0,0.80511236,345.0,125.0,0.3817694,337.0,120.0,0.8802506,379.0,184.0,0.40221503,376.0,187.0,0.69375026,293.0,171.0,0.878101,286.0,170.0,0.88949,357.0,281.0,0.73942983,352.0,282.0,0.7000573,343.0,389.0,0.7867906,341.0,396.0,0.7502191
frame386.jpg,473.0,112.0,0.6618734,478.0,100.0,0.7402922,478.0,99.0,0.82056653,460.0,81.0,0.77455914,458.0,78.0,0.84971464,419.0,101.0,0.80511683,417.0,87.0,0.8095512,371.0,149.0,0.16091567,336.0,112.0,0.75238407,379.0,179.0,0.44742545,373.0,182.0,0.7688769,297.0,170.0,0.6548767,285.0,171.0,0.7398193,358.0,281.0,0.78114617,353.0,281.0,0.7773153,345.0,389.0,0.69197834,341.0,396.0,0.6749642
frame387.jpg,475.0,111.0,0.82035965,478.0,100.0,0.782892,479.0,98.0,0.8093106,460.0,81.0,0.6465585,459.0,77.0,0.8204394,419.0,99.0,0.7678451,418.0,88.0,0.83329546,376.0,145.0,0.13220869,332.0,106.0,0.68824184,380.0,171.0,0.37084943,371.0,176.0,0.79800326,299.0,171.0,0.60314703,286.0,171.0,0.68571293,358.0,280.0,0.7611918,353.0,280.0,0.7537817,343.0,389.0,0.66994965,341.0,396.0,0.7174653
frame388.jpg,475.0,112.0,0.82952917,479.0,100.0,0.822079,479.0,98.0,0.7148709,462.0,80.0,0.82370824,460.0,76.0,0.6831329,422.0,101.0,0.6893877,421.0,87.0,0.7595433,375.0,132.0,0.16739206,332.0,100.0,0.790572,381.0,165.0,0.36830422,367.0,169.0,0.8033079,300.0,170.0,0.7914796,287.0,171.0,0.66901577,363.0,278.0,0.7362079,353.0,282.0,0.66060233,346.0,388.0,0.6871165,341.0,397.0,0.61065507
frame389.jpg,475.0,111.0,0.6174854,479.0,100.0,0.8283262,479.0,99.0,0.87894905,461.0,81.0,0.8061403,460.0,78.0,0.84003687,422.0,103.0,0.7848232,420.0,87.0,0.77398056,382.0,139.0,0.18414834,331.0,98.0,0.9488679,385.0,165.0,0.28289172,367.0,166.0,0.7694854,301.0,171.0,0.6913308,286.0,171.0,0.67649174,360.0,280.0,0.7746268,354.0,280.0,0.73787713,343.0,391.0,0.6887251,342.0,396.0,0.76148486
frame390.jpg,476.0,112.0,0.79616445,480.0,100.0,0.6910958,480.0,100.0,0.8149159,464.0,81.0,0.76970947,463.0,77.0,0.61816835,421.0,100.0,0.74759704,421.0,85.0,0.79163957,375.0,128.0,0.17366347,331.0,90.0,0.7791419,385.0,159.0,0.23674056,364.0,159.0,0.7317378,300.0,172.0,0.8372065,289.0,173.0,0.7704674,365.0,278.0,0.75518596,354.0,282.0,0.6713091,345.0,390.0,0.7270742,342.0,396.0,0.6498891
frame391.jpg,478.0,111.0,0.8265202,481.0,100.0,0.80558497,482.0,98.0,0.7514005,463.0,81.0,0.7256485,462.0,78.0,0.8740635,422.0,101.0,0.81179994,423.0,85.0,0.8261418,376.0,128.0,0.14947599,329.0,89.0,0.84434557,387.0,158.0,0.24863762,364.0,153.0,0.7064985,306.0,173.0,0.85542613,292.0,173.0,0.71792924,366.0,277.0,0.8535534,357.0,280.0,0.62357104,346.0,390.0,0.79966974,343.0,397.0,0.6929419
frame392.jpg,477.0,115.0,0.80002207,481.0,102.0,0.78416926,481.0,101.0,0.66921,463.0,83.0,0.6595471,462.0,79.0,0.836765,421.0,96.0,0.70202184,423.0,90.0,0.7770123,366.0,123.0,0.17204674,330.0,83.0,0.8942154,373.0,154.0,0.2798179,362.0,147.0,0.79949665,303.0,173.0,0.80898786,292.0,174.0,0.7335826,365.0,277.0,0.86630136,356.0,282.0,0.6577116,345.0,387.0,0.80562437,343.0,396.0,0.6743006
frame393.jpg,478.0,115.0,0.7794525,481.0,103.0,0.81640065,481.0,101.0,0.7314863,466.0,82.0,0.7929259,465.0,79.0,0.72524726,421.0,94.0,0.6304501,423.0,88.0,0.77327085,356.0,117.0,0.18814778,331.0,79.0,0.836272,368.0,148.0,0.30111778,361.0,145.0,0.6739398,303.0,173.0,0.8287183,293.0,174.0,0.7657349,366.0,279.0,0.8770508,358.0,282.0,0.77276206,346.0,388.0,0.8021313,343.0,396.0,0.73961866
frame394.jpg,475.0,116.0,0.70400363,480.0,103.0,0.85025185,481.0,103.0,0.80826116,465.0,82.0,0.8258716,464.0,81.0,0.78136724,420.0,92.0,0.58619606,422.0,90.0,0.8537294,356.0,119.0,0.18838714,331.0,75.0,0.86609125,365.0,143.0,0.30896544,360.0,140.0,0.59225345,303.0,173.0,0.8456341,295.0,175.0,0.8265526,365.0,279.0,0.8816913,358.0,282.0,0.8264304,346.0,387.0,0.7772277,343.0,397.0,0.7023146
frame395.jpg,477.0,115.0,0.7951942,481.0,103.0,0.83598936,481.0,102.0,0.7685083,464.0,83.0,0.60049164,464.0,80.0,0.7567378,420.0,92.0,0.63429976,422.0,89.0,0.7528484,352.0,115.0,0.121319346,333.0,73.0,0.8410515,363.0,139.0,0.4883184,361.0,138.0,0.72562784,303.0,172.0,0.8042104,297.0,174.0,0.8206407,363.0,279.0,0.8819815,359.0,282.0,0.8301094,346.0,387.0,0.80966353,343.0,396.0,0.69568557
frame396.jpg,475.0,115.0,0.7370032,481.0,103.0,0.7708007,481.0,103.0,0.74292195,464.0,84.0,0.60607326,465.0,81.0,0.6963856,420.0,91.0,0.6618265,422.0,90.0,0.75425416,348.0,104.0,0.1579193,334.0,71.0,0.8465091,362.0,139.0,0.47366172,360.0,138.0,0.5646714,302.0,172.0,0.79860294,297.0,175.0,0.65067685,362.0,279.0,0.87931865,360.0,281.0,0.80783474,346.0,388.0,0.7980641,344.0,397.0,0.7147851
frame397.jpg,476.0,117.0,0.79818994,482.0,104.0,0.6787248,482.0,103.0,0.6570033,464.0,84.0,0.6544255,466.0,82.0,0.6307204,420.0,91.0,0.67931354,422.0,89.0,0.725891,347.0,97.0,0.19723725,336.0,73.0,0.85138655,364.0,138.0,0.504883,362.0,138.0,0.63180363,302.0,172.0,0.7927974,297.0,176.0,0.6669207,363.0,279.0,0.87222826,360.0,281.0,0.8119047,347.0,388.0,0.800921,344.0,397.0,0.7392982
frame398.jpg,475.0,116.0,0.82519746,481.0,104.0,0.8150991,482.0,103.0,0.7764245,466.0,83.0,0.75247854,464.0,81.0,0.7297728,420.0,91.0,0.63296056,423.0,89.0,0.7015414,348.0,102.0,0.18483101,334.0,72.0,0.7931414,367.0,140.0,0.38295978,365.0,137.0,0.6936448,303.0,172.0,0.85019445,297.0,176.0,0.6900377,363.0,278.0,0.8856587,359.0,281.0,0.824123,347.0,387.0,0.7370473,344.0,397.0,0.67465067
frame399.jpg,476.0,116.0,0.831014,482.0,103.0,0.75861984,482.0,102.0,0.7187258,466.0,83.0,0.8312419,465.0,81.0,0.6503407,421.0,93.0,0.81221575,425.0,88.0,0.8456781,357.0,117.0,0.17939508,334.0,73.0,0.849221,368.0,140.0,0.35662207,366.0,136.0,0.6499691,306.0,174.0,0.53379214,295.0,175.0,0.6509894,364.0,278.0,0.8697697,359.0,281.0,0.8117871,348.0,388.0,0.8287418,345.0,397.0,0.69569653
frame400.jpg,476.0,116.0,0.8715745,482.0,103.0,0.6962923,482.0,103.0,0.6468029,466.0,83.0,0.8631322,466.0,81.0,0.80063736,421.0,95.0,0.69459903,424.0,89.0,0.8063739,355.0,117.0,0.20571047,335.0,72.0,0.7481565,367.0,142.0,0.44047096,364.0,140.0,0.60789573,305.0,173.0,0.5407493,294.0,174.0,0.85576653,365.0,277.0,0.77199674,358.0,280.0,0.78539777,348.0,387.0,0.8194616,345.0,395.0,0.8561741
frame401.jpg,476.0,116.0,0.79657596,482.0,103.0,0.75724924,482.0,102.0,0.7201042,466.0,82.0,0.7945039,466.0,80.0,0.6944653,421.0,95.0,0.7997509,425.0,88.0,0.82988703,357.0,118.0,0.20336232,334.0,77.0,0.8817442,370.0,146.0,0.4485289,367.0,143.0,0.6928388,302.0,172.0,0.81406313,293.0,173.0,0.7813312,365.0,278.0,0.86263317,358.0,281.0,0.7753059,349.0,387.0,0.8322996,344.0,397.0,0.8576661
frame402.jpg,476.0,115.0,0.7547395,482.0,102.0,0.76334316,482.0,101.0,0.70658875,466.0,82.0,0.7329806,465.0,80.0,0.6734704,421.0,100.0,0.7709233,425.0,87.0,0.828984,368.0,124.0,0.18750755,336.0,78.0,0.8912851,373.0,149.0,0.43316355,367.0,148.0,0.7289225,304.0,172.0,0.8316552,292.0,173.0,0.73627365,366.0,278.0,0.8446048,357.0,281.0,0.70464087,350.0,387.0,0.83619845,345.0,397.0,0.6591334
frame403.jpg,477.0,115.0,0.7105298,482.0,103.0,0.73719394,482.0,101.0,0.65538275,466.0,83.0,0.7211033,465.0,80.0,0.64781535,420.0,102.0,0.7883426,424.0,87.0,0.70653707,368.0,125.0,0.17615238,335.0,82.0,0.9025129,372.0,150.0,0.44239104,366.0,149.0,0.6561892,303.0,173.0,0.81510544,293.0,174.0,0.76428765,365.0,277.0,0.687199,357.0,282.0,0.6648321,349.0,388.0,0.747055,346.0,397.0,0.71930265
frame404.jpg,480.0,114.0,0.72862417,484.0,101.0,0.7257546,485.0,100.0,0.6438179,467.0,82.0,0.8152596,463.0,81.0,0.8068421,423.0,98.0,0.6961987,425.0,85.0,0.68287563,370.0,127.0,0.11784525,335.0,85.0,0.8332572,374.0,154.0,0.41567722,368.0,153.0,0.59073997,303.0,172.0,0.7263873,293.0,174.0,0.8011136,364.0,280.0,0.7562117,356.0,283.0,0.68260056,350.0,388.0,0.82321775,345.0,396.0,0.6799238
frame405.jpg,477.0,115.0,0.7292479,483.0,103.0,0.7920555,483.0,102.0,0.8233492,466.0,83.0,0.6711363,467.0,80.0,0.5514915,423.0,103.0,0.7503735,423.0,84.0,0.75807804,376.0,128.0,0.15508679,335.0,91.0,0.9125784,382.0,164.0,0.40580037,366.0,154.0,0.52107346,306.0,172.0,0.72032666,293.0,172.0,0.75117433,365.0,279.0,0.75604105,356.0,282.0,0.6300689,348.0,388.0,0.7265936,346.0,397.0,0.7131281
frame406.jpg,479.0,113.0,0.71340215,484.0,101.0,0.75434345,485.0,100.0,0.6568434,467.0,82.0,0.82962465,467.0,80.0,0.5636731,425.0,105.0,0.72421116,423.0,87.0,0.754792,378.0,131.0,0.16000164,336.0,92.0,0.8926472,388.0,165.0,0.327515,370.0,165.0,0.78941905,306.0,171.0,0.728708,290.0,171.0,0.73437786,367.0,280.0,0.6601938,358.0,280.0,0.7854943,351.0,387.0,0.7687093,346.0,397.0,0.62534285
frame407.jpg,479.0,113.0,0.7757351,483.0,101.0,0.748484,483.0,100.0,0.8240173,466.0,82.0,0.82443434,464.0,79.0,0.8885964,425.0,106.0,0.6784073,423.0,86.0,0.82652014,379.0,141.0,0.1496972,337.0,97.0,0.7428374,385.0,169.0,0.38602647,373.0,168.0,0.7270204,303.0,170.0,0.67555845,291.0,171.0,0.7271105,364.0,280.0,0.78080547,357.0,282.0,0.6105979,351.0,388.0,0.7193208,346.0,397.0,0.6419486
frame408.jpg,478.0,114.0,0.70127577,482.0,102.0,0.83038634,483.0,101.0,0.8631297,465.0,82.0,0.67018366,464.0,80.0,0.7381493,424.0,103.0,0.799835,423.0,88.0,0.83401763,379.0,149.0,0.1559514,339.0,106.0,0.67930675,388.0,175.0,0.40777537,380.0,178.0,0.7826135,304.0,172.0,0.6541975,293.0,173.0,0.9015901,365.0,281.0,0.82216644,359.0,282.0,0.77857125,351.0,387.0,0.69867057,347.0,397.0,0.6947539
frame409.jpg,479.0,114.0,0.7673553,483.0,102.0,0.6359488,484.0,102.0,0.8067856,468.0,81.0,0.7716879,467.0,79.0,0.67003155,424.0,103.0,0.77860284,422.0,88.0,0.82695365,378.0,151.0,0.15146239,341.0,110.0,0.8596251,387.0,177.0,0.38466957,381.0,181.0,0.866274,304.0,171.0,0.62576777,292.0,172.0,0.72736,364.0,281.0,0.8035151,357.0,283.0,0.6856369,351.0,389.0,0.76249945,347.0,396.0,0.70009685
frame410.jpg,478.0,113.0,0.7477163,484.0,101.0,0.7133939,485.0,100.0,0.7466631,468.0,81.0,0.8311435,467.0,79.0,0.6820113,423.0,102.0,0.7671208,422.0,86.0,0.782024,374.0,152.0,0.1492863,342.0,114.0,0.9497691,384.0,180.0,0.43859664,380.0,183.0,0.6139864,302.0,172.0,0.6837597,291.0,171.0,0.9256287,366.0,280.0,0.6570114,357.0,282.0,0.6302381,351.0,388.0,0.76303434,348.0,395.0,0.7516328
frame411.jpg,478.0,113.0,0.7513398,483.0,102.0,0.770027,483.0,100.0,0.7146237,466.0,81.0,0.7482774,466.0,79.0,0.70377517,422.0,102.0,0.80675715,419.0,87.0,0.7349537,352.0,124.0,0.34541,344.0,120.0,0.7534015,387.0,183.0,0.3551057,384.0,186.0,0.67014754,304.0,172.0,0.6957668,291.0,171.0,0.90894365,367.0,280.0,0.7387966,357.0,283.0,0.62125206,351.0,387.0,0.7758086,347.0,395.0,0.7197695
frame412.jpg,477.0,114.0,0.76201534,483.0,102.0,0.7826062,483.0,101.0,0.7579606,466.0,82.0,0.8332044,465.0,79.0,0.72397965,422.0,102.0,0.801206,419.0,87.0,0.8773038,352.0,128.0,0.4400343,345.0,124.0,0.8626239,387.0,188.0,0.48903155,384.0,191.0,0.813503,302.0,172.0,0.73723805,292.0,171.0,0.83036155,365.0,280.0,0.7555375,359.0,282.0,0.6915177,350.0,388.0,0.76979005,347.0,396.0,0.7484728
frame413.jpg,478.0,113.0,0.754998,484.0,101.0,0.6061761,485.0,101.0,0.7027718,468.0,81.0,0.84050405,467.0,79.0,0.71526235,422.0,97.0,0.8300162,420.0,86.0,0.9013951,354.0,129.0,0.5395688,348.0,125.0,0.7294407,387.0,192.0,0.3981532,386.0,195.0,0.63484555,302.0,170.0,0.77927625,293.0,170.0,0.8184646,366.0,280.0,0.70005476,359.0,283.0,0.65798795,351.0,388.0,0.7784639,348.0,395.0,0.7609178
frame414.jpg,477.0,113.0,0.6998826,483.0,102.0,0.74098516,484.0,101.0,0.77762204,468.0,80.0,0.8086802,467.0,79.0,0.63751537,421.0,96.0,0.82186604,419.0,87.0,0.90268654,354.0,133.0,0.5870735,349.0,130.0,0.80061173,384.0,194.0,0.38228053,392.0,199.0,0.7649052,301.0,170.0,0.7738989,294.0,170.0,0.81771743,366.0,280.0,0.6743943,359.0,283.0,0.6269265,351.0,387.0,0.7894447,348.0,394.0,0.75602776
frame415.jpg,477.0,113.0,0.68859565,483.0,101.0,0.7375102,484.0,101.0,0.77784026,467.0,81.0,0.7041154,467.0,78.0,0.60293925,422.0,95.0,0.82890356,419.0,87.0,0.84916544,357.0,136.0,0.6509952,351.0,134.0,0.86634624,387.0,194.0,0.35715315,396.0,207.0,0.79546833,302.0,170.0,0.91281354,294.0,169.0,0.80473393,367.0,279.0,0.782408,360.0,283.0,0.6470816,351.0,386.0,0.7967417,349.0,394.0,0.7518104
frame416.jpg,478.0,112.0,0.6511927,483.0,102.0,0.7131367,484.0,100.0,0.8140228,467.0,81.0,0.7308394,465.0,79.0,0.83258533,422.0,95.0,0.42492512,420.0,88.0,0.8734131,359.0,139.0,0.61948127,353.0,138.0,0.8163914,388.0,195.0,0.3662524,396.0,209.0,0.6797768,303.0,170.0,0.90052706,296.0,168.0,0.79582036,367.0,278.0,0.7116215,361.0,282.0,0.7032419,352.0,387.0,0.77411526,350.0,394.0,0.7426578
frame417.jpg,478.0,112.0,0.680918,484.0,102.0,0.7875643,484.0,100.0,0.7753695,468.0,81.0,0.7336271,466.0,78.0,0.8434627,424.0,98.0,0.63680494,418.0,88.0,0.89457893,361.0,142.0,0.687127,356.0,141.0,0.568476,393.0,203.0,0.37783235,399.0,215.0,0.772881,304.0,169.0,0.887214,296.0,167.0,0.7743703,364.0,279.0,0.82170326,360.0,283.0,0.7571989,352.0,386.0,0.7506165,349.0,394.0,0.71258813
frame418.jpg,476.0,112.0,0.8358117,483.0,101.0,0.7748979,483.0,100.0,0.711903,468.0,80.0,0.8313056,466.0,78.0,0.8637066,423.0,98.0,0.73560184,418.0,87.0,0.9146755,365.0,148.0,0.6786025,357.0,145.0,0.7339665,399.0,209.0,0.3859039,402.0,220.0,0.69420904,307.0,169.0,0.8864784,296.0,165.0,0.87018955,366.0,279.0,0.7910689,360.0,282.0,0.70707417,353.0,385.0,0.7210516,349.0,394.0,0.6353158
frame419.jpg,476.0,111.0,0.85344404,483.0,100.0,0.8312983,483.0,99.0,0.74705017,469.0,79.0,0.8509593,466.0,77.0,0.8884034,421.0,99.0,0.46693447,417.0,87.0,0.90373313,366.0,152.0,0.6319592,360.0,150.0,0.68761885,401.0,215.0,0.3510834,404.0,223.0,0.6020061,306.0,168.0,0.90059596,297.0,164.0,0.7489698,365.0,279.0,0.78135264,361.0,283.0,0.64635336,351.0,385.0,0.80895066,349.0,396.0,0.8446796
frame420.jpg,476.0,111.0,0.80593276,483.0,100.0,0.71646166,483.0,99.0,0.6240245,469.0,79.0,0.86526626,468.0,77.0,0.8708827,422.0,99.0,0.61298025,416.0,86.0,0.9252929,370.0,154.0,0.6787423,363.0,151.0,0.75075614,401.0,216.0,0.37780607,404.0,223.0,0.61197263,309.0,168.0,0.87748635,298.0,163.0,0.8534972,365.0,275.0,0.82840323,359.0,280.0,0.7614911,351.0,385.0,0.76641136,349.0,395.0,0.84672606
frame421.jpg,477.0,111.0,0.7105007,484.0,99.0,0.619467,484.0,99.0,0.7368398,470.0,79.0,0.85477394,467.0,78.0,0.726387,420.0,99.0,0.7250518,413.0,89.0,0.91673106,373.0,158.0,0.7485215,365.0,156.0,0.82539934,402.0,218.0,0.40543413,407.0,226.0,0.7876178,312.0,170.0,0.86796945,299.0,166.0,0.9073228,365.0,276.0,0.72438824,359.0,281.0,0.7913002,351.0,387.0,0.7846061,350.0,396.0,0.82790184
frame422.jpg,477.0,110.0,0.7870704,483.0,99.0,0.72474766,482.0,98.0,0.65060806,470.0,77.0,0.83151,467.0,76.0,0.7406355,421.0,95.0,0.671235,415.0,88.0,0.86922264,375.0,159.0,0.6718515,369.0,159.0,0.87536424,403.0,220.0,0.3391616,408.0,229.0,0.5589335,311.0,170.0,0.84973884,301.0,167.0,0.905622,364.0,276.0,0.851773,360.0,280.0,0.8355085,352.0,388.0,0.8124838,350.0,397.0,0.8182336
frame423.jpg,477.0,112.0,0.74212176,483.0,101.0,0.79172695,484.0,100.0,0.8178697,469.0,78.0,0.71940327,467.0,78.0,0.68023556,419.0,96.0,0.72904396,414.0,89.0,0.8942489,377.0,164.0,0.60574424,372.0,161.0,0.77859235,405.0,228.0,0.433872,408.0,232.0,0.6283349,312.0,171.0,0.8669808,301.0,167.0,0.8650412,365.0,277.0,0.7476449,360.0,281.0,0.80617386,353.0,386.0,0.8783953,350.0,398.0,0.79586875
frame424.jpg,478.0,111.0,0.8142598,483.0,100.0,0.82960236,483.0,98.0,0.7398954,470.0,77.0,0.8890357,467.0,76.0,0.8348001,421.0,94.0,0.70069623,415.0,89.0,0.8785489,378.0,165.0,0.607433,375.0,165.0,0.77667797,405.0,228.0,0.30882818,409.0,235.0,0.71549964,311.0,170.0,0.8470268,303.0,168.0,0.85726357,361.0,277.0,0.861553,360.0,281.0,0.7861131,352.0,387.0,0.8828762,351.0,397.0,0.7851079
frame425.jpg,478.0,112.0,0.794188,483.0,100.0,0.7883233,483.0,99.0,0.7202642,470.0,78.0,0.8656119,467.0,76.0,0.79453766,422.0,93.0,0.7177836,416.0,90.0,0.8952127,379.0,166.0,0.644422,377.0,168.0,0.8122974,409.0,235.0,0.41035634,412.0,239.0,0.7111615,311.0,170.0,0.8578388,304.0,169.0,0.86886245,361.0,277.0,0.86084497,361.0,281.0,0.81750035,352.0,388.0,0.79629797,351.0,396.0,0.82976365
frame426.jpg,479.0,111.0,0.7431337,484.0,99.0,0.6882899,484.0,99.0,0.6611832,471.0,77.0,0.8360365,468.0,76.0,0.74071956,419.0,92.0,0.7407142,417.0,89.0,0.8939993,380.0,168.0,0.73412216,381.0,171.0,0.7089524,409.0,236.0,0.29272297,416.0,242.0,0.7810587,312.0,170.0,0.8635809,305.0,168.0,0.8779561,361.0,277.0,0.85426724,361.0,282.0,0.7834703,353.0,385.0,0.88638264,351.0,396.0,0.80237776
frame427.jpg,479.0,111.0,0.7703985,485.0,100.0,0.82862467,485.0,99.0,0.7867406,471.0,77.0,0.86963844,468.0,76.0,0.847473,420.0,92.0,0.66481584,420.0,91.0,0.8764005,383.0,170.0,0.6089345,384.0,173.0,0.79630876,415.0,242.0,0.5582007,418.0,246.0,0.5273244,311.0,170.0,0.8770635,305.0,169.0,0.8872687,364.0,276.0,0.71270925,362.0,282.0,0.73823535,354.0,386.0,0.8753364,352.0,397.0,0.82012486
frame428.jpg,480.0,111.0,0.76727194,486.0,100.0,0.83964694,486.0,99.0,0.7938968,471.0,77.0,0.61980045,469.0,76.0,0.8526161,423.0,92.0,0.74931157,420.0,90.0,0.93003494,386.0,175.0,0.6704314,386.0,175.0,0.7620877,416.0,244.0,0.58162045,419.0,249.0,0.5715052,313.0,169.0,0.8793153,305.0,168.0,0.8715555,364.0,276.0,0.7137051,361.0,282.0,0.74871135,354.0,385.0,0.7358825,353.0,396.0,0.6891717
frame429.jpg,480.0,112.0,0.77918845,486.0,100.0,0.7793091,486.0,99.0,0.73017013,472.0,77.0,0.85640913,470.0,77.0,0.8023959,421.0,93.0,0.6839577,420.0,91.0,0.88142127,387.0,177.0,0.69032454,387.0,178.0,0.7714725,417.0,248.0,0.61099577,420.0,251.0,0.7765901,315.0,170.0,0.8283596,305.0,168.0,0.85935193,364.0,277.0,0.6859723,361.0,282.0,0.6413343,355.0,385.0,0.8526147,352.0,397.0,0.8735461
frame430.jpg,480.0,112.0,0.75724626,486.0,100.0,0.8732347,487.0,99.0,0.83339417,472.0,77.0,0.86725557,470.0,76.0,0.87959635,424.0,94.0,0.76121974,422.0,92.0,0.92751443,391.0,180.0,0.69320476,391.0,181.0,0.768612,419.0,249.0,0.5457455,421.0,252.0,0.6849234,314.0,170.0,0.8176636,306.0,168.0,0.85582185,363.0,277.0,0.74225295,361.0,282.0,0.7775063,355.0,383.0,0.6929971,354.0,396.0,0.74763095
frame431.jpg,479.0,113.0,0.69391555,486.0,101.0,0.81671417,486.0,100.0,0.79275477,470.0,79.0,0.6911285,469.0,78.0,0.66401696,423.0,96.0,0.79585856,420.0,93.0,0.7698235,393.0,183.0,0.5799472,393.0,184.0,0.82262176,421.0,251.0,0.47369245,422.0,257.0,0.7168586,313.0,170.0,0.82063365,307.0,169.0,0.8026495,363.0,276.0,0.75795823,361.0,281.0,0.7984427,355.0,383.0,0.79786336,354.0,396.0,0.75569475
frame432.jpg,480.0,113.0,0.7417594,486.0,102.0,0.78496826,486.0,101.0,0.7628634,471.0,79.0,0.7348652,470.0,79.0,0.72403336,423.0,96.0,0.8336595,420.0,95.0,0.90255386,395.0,184.0,0.6549121,396.0,187.0,0.86817366,422.0,252.0,0.40247267,427.0,259.0,0.7960553,313.0,170.0,0.8632939,306.0,169.0,0.8505688,363.0,276.0,0.8322671,362.0,281.0,0.7917678,356.0,383.0,0.6707791,354.0,396.0,0.73555315
frame433.jpg,481.0,114.0,0.8043575,487.0,103.0,0.67657924,487.0,102.0,0.58936507,473.0,81.0,0.83177483,471.0,79.0,0.80541515,423.0,98.0,0.87599516,420.0,96.0,0.8503088,396.0,185.0,0.73231447,399.0,189.0,0.87012637,424.0,258.0,0.5182625,429.0,263.0,0.5820533,314.0,170.0,0.87869614,308.0,170.0,0.87214553,364.0,276.0,0.7311222,363.0,281.0,0.77343476,356.0,384.0,0.73444176,354.0,397.0,0.68040776
frame434.jpg,481.0,114.0,0.725258,487.0,103.0,0.785815,487.0,102.0,0.75836027,472.0,81.0,0.7370026,471.0,80.0,0.7009912,422.0,98.0,0.87915367,419.0,97.0,0.8338902,398.0,186.0,0.7198424,401.0,190.0,0.89958364,424.0,258.0,0.5104761,429.0,262.0,0.80699134,314.0,170.0,0.8707054,308.0,170.0,0.8615831,365.0,276.0,0.7146367,364.0,281.0,0.7724385,357.0,383.0,0.86611813,354.0,397.0,0.63852334
frame435.jpg,482.0,115.0,0.7628122,488.0,104.0,0.62275887,488.0,103.0,0.53187805,474.0,82.0,0.827001,472.0,80.0,0.7542621,422.0,100.0,0.89405775,420.0,97.0,0.8558256,402.0,188.0,0.6862878,404.0,192.0,0.8437612,426.0,260.0,0.46341395,432.0,265.0,0.6289754,314.0,171.0,0.8707725,308.0,171.0,0.87025607,366.0,276.0,0.71291614,365.0,281.0,0.7655679,357.0,385.0,0.72944784,355.0,397.0,0.6837423
frame436.jpg,482.0,115.0,0.78547263,488.0,104.0,0.67520213,488.0,103.0,0.5837498,473.0,82.0,0.80865103,472.0,80.0,0.78244746,422.0,99.0,0.8788206,420.0,98.0,0.8599152,405.0,191.0,0.63313687,407.0,194.0,0.905774,426.0,260.0,0.45527157,432.0,266.0,0.68025637,314.0,171.0,0.8744102,308.0,171.0,0.87242246,366.0,277.0,0.74445623,364.0,282.0,0.72321,357.0,384.0,0.7396306,354.0,397.0,0.67041075
frame437.jpg,481.0,115.0,0.79640484,487.0,105.0,0.6893579,487.0,104.0,0.5794219,474.0,82.0,0.86726254,473.0,81.0,0.81028974,422.0,101.0,0.74617684,420.0,99.0,0.8746188,407.0,192.0,0.6895354,408.0,195.0,0.91248524,427.0,262.0,0.47346288,432.0,267.0,0.64805984,315.0,172.0,0.7449863,308.0,172.0,0.8871561,366.0,277.0,0.6598538,364.0,283.0,0.72775614,357.0,384.0,0.7441658,355.0,398.0,0.83700454
frame438.jpg,482.0,115.0,0.7766137,488.0,105.0,0.61953866,488.0,104.0,0.50163215,475.0,82.0,0.8565354,473.0,81.0,0.7801618,423.0,101.0,0.87618,420.0,99.0,0.8754865,410.0,193.0,0.6227915,410.0,195.0,0.91876584,427.0,262.0,0.44688737,432.0,267.0,0.6540878,316.0,172.0,0.7387035,309.0,172.0,0.88075507,366.0,277.0,0.65889895,364.0,281.0,0.79002464,357.0,386.0,0.7311949,355.0,397.0,0.6611767
frame439.jpg,481.0,115.0,0.76394236,488.0,105.0,0.57199126,488.0,103.0,0.680478,474.0,82.0,0.8050123,472.0,81.0,0.7285491,422.0,101.0,0.8931307,420.0,100.0,0.85502154,412.0,195.0,0.73767483,412.0,197.0,0.8832418,431.0,265.0,0.5454693,434.0,270.0,0.7672926,315.0,172.0,0.8618591,308.0,172.0,0.8714085,367.0,276.0,0.6560746,364.0,281.0,0.80515045,358.0,385.0,0.7428075,355.0,397.0,0.64895326
frame440.jpg,482.0,115.0,0.7457653,489.0,105.0,0.6002122,489.0,103.0,0.78769076,474.0,82.0,0.7327309,472.0,80.0,0.7018901,422.0,100.0,0.9059963,421.0,100.0,0.8721737,412.0,197.0,0.7965489,415.0,199.0,0.9181572,431.0,267.0,0.59012437,437.0,271.0,0.7730532,314.0,172.0,0.8548478,308.0,172.0,0.87047887,367.0,276.0,0.6931894,365.0,280.0,0.79211843,357.0,385.0,0.7579967,356.0,397.0,0.7066028
frame441.jpg,482.0,115.0,0.79366505,489.0,105.0,0.6904416,489.0,103.0,0.76425505,473.0,82.0,0.79977494,472.0,80.0,0.7696011,422.0,101.0,0.8910749,420.0,100.0,0.878246,415.0,198.0,0.75341636,416.0,200.0,0.9069724,430.0,267.0,0.6015558,435.0,274.0,0.7077508,314.0,172.0,0.7035829,308.0,173.0,0.88587826,366.0,277.0,0.66738,364.0,281.0,0.77707696,356.0,386.0,0.79876465,356.0,397.0,0.7018076
frame442.jpg,482.0,116.0,0.8269801,489.0,106.0,0.7663628,488.0,105.0,0.66490453,473.0,83.0,0.8197851,472.0,81.0,0.8036605,423.0,102.0,0.7916426,420.0,102.0,0.68181527,417.0,200.0,0.66528094,418.0,199.0,0.8253877,431.0,267.0,0.6105026,436.0,274.0,0.7424433,314.0,172.0,0.71635485,307.0,173.0,0.8890736,366.0,277.0,0.6780224,364.0,282.0,0.7497735,356.0,387.0,0.789725,355.0,398.0,0.6667191
frame443.jpg,482.0,117.0,0.83016074,489.0,107.0,0.74925256,489.0,105.0,0.6576778,474.0,83.0,0.8352624,473.0,82.0,0.803054,423.0,103.0,0.8029639,421.0,103.0,0.6664378,418.0,200.0,0.68564653,419.0,199.0,0.84548396,431.0,268.0,0.62144023,437.0,274.0,0.73251367,315.0,172.0,0.7062739,308.0,173.0,0.8862049,366.0,277.0,0.6680031,365.0,282.0,0.76407754,357.0,386.0,0.7851919,356.0,397.0,0.6312162
frame444.jpg,483.0,117.0,0.841571,489.0,107.0,0.81549346,489.0,105.0,0.73764044,475.0,84.0,0.85907,473.0,81.0,0.8409228,424.0,103.0,0.81775236,421.0,102.0,0.67893755,418.0,202.0,0.7294344,421.0,201.0,0.83722544,432.0,269.0,0.61413103,438.0,276.0,0.7492621,313.0,172.0,0.8551922,307.0,173.0,0.88863033,366.0,278.0,0.6714371,365.0,281.0,0.7762712,357.0,388.0,0.81281894,356.0,397.0,0.6846703
frame445.jpg,483.0,118.0,0.8423365,489.0,108.0,0.8374261,489.0,105.0,0.7566071,475.0,84.0,0.8625364,473.0,82.0,0.85767055,425.0,105.0,0.6570228,421.0,103.0,0.6649437,420.0,202.0,0.76098824,422.0,202.0,0.81951135,432.0,270.0,0.58107734,439.0,277.0,0.7834115,315.0,172.0,0.7176336,308.0,173.0,0.8898348,367.0,278.0,0.69038594,363.0,282.0,0.7768073,359.0,387.0,0.6991001,356.0,397.0,0.664796
frame446.jpg,484.0,117.0,0.74110353,491.0,107.0,0.8159964,490.0,105.0,0.7125782,475.0,85.0,0.7609687,473.0,82.0,0.82739615,424.0,105.0,0.80119425,422.0,102.0,0.7721039,420.0,202.0,0.7429878,424.0,202.0,0.84291536,433.0,270.0,0.5857934,438.0,276.0,0.8231895,313.0,173.0,0.86848724,308.0,173.0,0.89107263,367.0,277.0,0.7331577,363.0,280.0,0.79778504,357.0,388.0,0.8660374,357.0,396.0,0.7278643
frame447.jpg,483.0,118.0,0.7800751,491.0,108.0,0.8682938,490.0,106.0,0.7873426,476.0,86.0,0.7764535,473.0,83.0,0.84894407,424.0,106.0,0.6865297,422.0,103.0,0.7619277,420.0,202.0,0.73273695,425.0,204.0,0.88331133,430.0,269.0,0.5434309,438.0,277.0,0.8424811,315.0,173.0,0.7347461,307.0,174.0,0.89474773,367.0,277.0,0.75275093,362.0,281.0,0.75057787,358.0,385.0,0.86870927,357.0,396.0,0.7262623
frame448.jpg,483.0,118.0,0.84288216,490.0,109.0,0.8750484,489.0,106.0,0.78468853,475.0,85.0,0.83260846,473.0,83.0,0.8688479,424.0,106.0,0.86193705,422.0,103.0,0.900448,420.0,202.0,0.7310879,424.0,204.0,0.890657,430.0,270.0,0.5326557,437.0,277.0,0.8405198,315.0,173.0,0.7327773,308.0,174.0,0.8933154,367.0,277.0,0.7076477,365.0,281.0,0.76741457,358.0,387.0,0.8334844,357.0,396.0,0.676599
frame449.jpg,483.0,119.0,0.80412644,490.0,109.0,0.8548523,490.0,107.0,0.75041986,475.0,86.0,0.782422,472.0,83.0,0.8366543,423.0,105.0,0.79987085,422.0,104.0,0.7504649,420.0,202.0,0.70274234,425.0,203.0,0.8821037,430.0,270.0,0.54445887,437.0,277.0,0.829029,311.0,173.0,0.8490448,308.0,174.0,0.88598496,367.0,277.0,0.71690106,365.0,281.0,0.77797735,357.0,387.0,0.840094,356.0,396.0,0.69998646
frame450.jpg,484.0,119.0,0.8278681,491.0,109.0,0.87092644,490.0,107.0,0.77075076,476.0,86.0,0.7927258,474.0,83.0,0.8518406,424.0,106.0,0.8387897,422.0,104.0,0.70524794,421.0,203.0,0.7305206,425.0,204.0,0.8897576,431.0,271.0,0.5629132,438.0,277.0,0.82437706,315.0,173.0,0.7174656,309.0,174.0,0.8913458,367.0,277.0,0.7049207,366.0,282.0,0.7570592,358.0,387.0,0.82836807,357.0,396.0,0.6847744
frame451.jpg,484.0,119.0,0.8291905,491.0,109.0,0.8668005,491.0,107.0,0.7664479,476.0,86.0,0.79812795,474.0,83.0,0.8508965,424.0,106.0,0.83691525,422.0,104.0,0.7159947,421.0,202.0,0.72572803,425.0,203.0,0.8886671,431.0,271.0,0.5658406,438.0,277.0,0.82589877,315.0,173.0,0.7116846,309.0,174.0,0.89118016,368.0,277.0,0.71472526,366.0,282.0,0.7565683,358.0,387.0,0.8312636,357.0,396.0,0.6816781
frame452.jpg,485.0,118.0,0.81736773,491.0,109.0,0.8423113,491.0,107.0,0.7245258,476.0,85.0,0.80121136,474.0,83.0,0.81070274,424.0,105.0,0.8179699,422.0,102.0,0.8854729,421.0,202.0,0.7308843,424.0,203.0,0.82045275,431.0,270.0,0.57291067,437.0,276.0,0.7875108,317.0,173.0,0.7041128,309.0,173.0,0.8833611,369.0,277.0,0.735159,367.0,282.0,0.7832637,359.0,387.0,0.8031643,357.0,397.0,0.83331674
frame453.jpg,484.0,119.0,0.8391432,491.0,109.0,0.8657025,491.0,107.0,0.77572775,477.0,85.0,0.79814863,475.0,83.0,0.8383304,425.0,105.0,0.8198055,423.0,102.0,0.90392023,420.0,202.0,0.7125294,422.0,202.0,0.8591399,431.0,270.0,0.52603805,438.0,276.0,0.81307954,317.0,173.0,0.7163353,309.0,174.0,0.89023036,368.0,278.0,0.7266453,367.0,282.0,0.7328601,359.0,387.0,0.8206124,357.0,397.0,0.6375518
frame454.jpg,485.0,118.0,0.8473635,492.0,108.0,0.81658494,492.0,106.0,0.7334898,477.0,85.0,0.82692134,475.0,83.0,0.8304324,426.0,106.0,0.654366,422.0,104.0,0.87106013,420.0,202.0,0.6940299,421.0,201.0,0.7931065,434.0,269.0,0.6262825,439.0,274.0,0.7322227,318.0,173.0,0.71612656,310.0,174.0,0.88623947,370.0,278.0,0.73155403,364.0,282.0,0.78364164,361.0,386.0,0.68862426,358.0,397.0,0.6424017
frame455.jpg,485.0,118.0,0.748155,492.0,107.0,0.69724214,492.0,106.0,0.8131424,476.0,85.0,0.76357913,475.0,83.0,0.70881355,427.0,106.0,0.6392323,423.0,105.0,0.69526494,419.0,199.0,0.7629413,419.0,200.0,0.82193714,433.0,267.0,0.65134305,438.0,271.0,0.716011,318.0,174.0,0.69525015,311.0,174.0,0.8749359,370.0,279.0,0.7368847,365.0,282.0,0.7902197,359.0,386.0,0.7571711,358.0,397.0,0.62411934
frame456.jpg,486.0,117.0,0.7679365,492.0,107.0,0.8081163,492.0,105.0,0.6833162,477.0,84.0,0.7853813,475.0,82.0,0.81473106,428.0,105.0,0.7177888,424.0,103.0,0.7636181,414.0,196.0,0.7715952,415.0,199.0,0.89625716,433.0,265.0,0.6088939,438.0,270.0,0.797445,318.0,172.0,0.8771436,310.0,172.0,0.8819174,371.0,278.0,0.79834044,368.0,282.0,0.8293854,362.0,386.0,0.7692458,358.0,396.0,0.6990328
frame457.jpg,487.0,116.0,0.67765653,493.0,106.0,0.7409359,493.0,105.0,0.6583364,479.0,83.0,0.7617861,476.0,82.0,0.7744452,428.0,103.0,0.7364907,425.0,102.0,0.83250356,412.0,195.0,0.70108396,412.0,197.0,0.89240795,431.0,261.0,0.5752391,436.0,267.0,0.756792,317.0,172.0,0.8838075,310.0,172.0,0.8831227,372.0,278.0,0.6441436,370.0,282.0,0.81863517,362.0,385.0,0.8795222,358.0,397.0,0.78336954
frame458.jpg,488.0,115.0,0.621793,493.0,105.0,0.67732286,493.0,105.0,0.7729758,477.0,83.0,0.7446264,475.0,82.0,0.812961,429.0,102.0,0.87942475,427.0,100.0,0.85432476,408.0,192.0,0.6639448,409.0,195.0,0.8785846,430.0,259.0,0.4840649,436.0,265.0,0.7233979,318.0,172.0,0.8788891,311.0,172.0,0.8764191,371.0,278.0,0.6058692,369.0,282.0,0.787798,361.0,386.0,0.8637189,359.0,397.0,0.74084264
frame459.jpg,487.0,115.0,0.6792869,493.0,104.0,0.82827955,493.0,103.0,0.8676719,476.0,82.0,0.69556355,474.0,81.0,0.6859808,428.0,101.0,0.8688343,426.0,101.0,0.82599413,405.0,189.0,0.70023274,407.0,193.0,0.8282996,427.0,256.0,0.46642083,433.0,262.0,0.7252921,319.0,172.0,0.87267274,311.0,171.0,0.8540184,369.0,277.0,0.80163085,368.0,282.0,0.7701195,362.0,385.0,0.81892526,359.0,397.0,0.7990197
frame460.jpg,487.0,115.0,0.62554836,493.0,104.0,0.80502224,494.0,103.0,0.82812923,477.0,81.0,0.7244467,475.0,80.0,0.71075374,432.0,102.0,0.83059424,427.0,101.0,0.89373004,403.0,189.0,0.6592277,404.0,192.0,0.8377209,430.0,257.0,0.5605899,433.0,262.0,0.7016324,319.0,172.0,0.88467157,312.0,171.0,0.87146777,370.0,277.0,0.8174226,368.0,283.0,0.7544228,362.0,385.0,0.7131908,359.0,396.0,0.7748959
frame461.jpg,487.0,114.0,0.6303374,493.0,103.0,0.8568414,493.0,102.0,0.83225095,477.0,80.0,0.6349267,475.0,79.0,0.8566452,431.0,100.0,0.8400083,427.0,99.0,0.8644452,398.0,186.0,0.60317767,398.0,189.0,0.81141216,427.0,254.0,0.44989866,430.0,259.0,0.745985,319.0,171.0,0.8702762,312.0,171.0,0.894292,369.0,277.0,0.75162596,369.0,282.0,0.8066653,360.0,387.0,0.73974705,359.0,396.0,0.69522786
frame462.jpg,488.0,113.0,0.7879061,494.0,102.0,0.8915204,494.0,101.0,0.8421713,479.0,79.0,0.87615097,477.0,78.0,0.8951793,433.0,101.0,0.80615044,428.0,98.0,0.82108045,395.0,180.0,0.7421292,396.0,185.0,0.82852876,424.0,247.0,0.5303109,426.0,253.0,0.62098616,321.0,172.0,0.8257077,314.0,171.0,0.8096668,376.0,276.0,0.53570503,370.0,282.0,0.7543672,361.0,387.0,0.849452,360.0,396.0,0.6632492
frame463.jpg,488.0,112.0,0.8372811,494.0,101.0,0.87997985,494.0,100.0,0.8278284,480.0,79.0,0.8956541,477.0,77.0,0.90080005,432.0,100.0,0.59229946,430.0,97.0,0.79500324,393.0,177.0,0.6537566,392.0,178.0,0.78918755,420.0,241.0,0.40607154,427.0,247.0,0.78104913,320.0,173.0,0.88700557,314.0,171.0,0.8788573,371.0,277.0,0.6076729,370.0,283.0,0.7793025,361.0,389.0,0.8894912,360.0,397.0,0.6227642
frame464.jpg,488.0,112.0,0.78586715,494.0,101.0,0.8650751,494.0,100.0,0.80886185,480.0,79.0,0.8452178,477.0,77.0,0.84769106,433.0,98.0,0.582561,431.0,95.0,0.8058075,390.0,172.0,0.6276967,389.0,175.0,0.76411414,415.0,234.0,0.2824178,424.0,242.0,0.78483325,320.0,171.0,0.8827627,315.0,171.0,0.8527069,369.0,276.0,0.55113363,369.0,282.0,0.79373705,360.0,389.0,0.8821216,360.0,396.0,0.81731445
frame465.jpg,490.0,112.0,0.62447846,494.0,101.0,0.8634402,494.0,100.0,0.84887373,478.0,80.0,0.7327435,477.0,77.0,0.826161,434.0,99.0,0.48297423,431.0,95.0,0.81337893,386.0,168.0,0.7455703,385.0,170.0,0.6525363,414.0,230.0,0.3040673,420.0,239.0,0.7415246,320.0,171.0,0.88949746,314.0,170.0,0.861793,369.0,274.0,0.60109925,368.0,281.0,0.823074,360.0,388.0,0.85459816,359.0,396.0,0.8264073
frame466.jpg,491.0,110.0,0.752357,496.0,99.0,0.8632549,496.0,99.0,0.8710277,480.0,79.0,0.76030964,478.0,77.0,0.8548793,436.0,99.0,0.6927221,432.0,95.0,0.87755173,384.0,164.0,0.6645736,380.0,164.0,0.7161124,410.0,222.0,0.36295858,416.0,232.0,0.79478794,320.0,169.0,0.8747669,313.0,167.0,0.7989018,373.0,277.0,0.77420497,369.0,282.0,0.74198186,361.0,386.0,0.7915667,359.0,395.0,0.82111084
frame467.jpg,492.0,109.0,0.73388875,496.0,98.0,0.88105476,496.0,97.0,0.8435226,480.0,78.0,0.80721295,478.0,76.0,0.8777831,436.0,99.0,0.5430105,432.0,94.0,0.9024908,383.0,158.0,0.48797208,375.0,159.0,0.8484669,411.0,219.0,0.4222436,416.0,227.0,0.798397,322.0,169.0,0.8509743,312.0,167.0,0.82681894,376.0,277.0,0.84157586,371.0,282.0,0.7758749,362.0,386.0,0.80743784,360.0,395.0,0.82282054
frame468.jpg,490.0,109.0,0.8291104,496.0,98.0,0.8587637,496.0,97.0,0.7855896,481.0,77.0,0.83438605,479.0,75.0,0.81093156,433.0,98.0,0.7266185,428.0,92.0,0.8806688,380.0,154.0,0.62140334,371.0,154.0,0.8294983,407.0,213.0,0.32705474,409.0,223.0,0.64920664,323.0,168.0,0.86652744,311.0,165.0,0.783206,379.0,278.0,0.8535956,371.0,281.0,0.81356245,362.0,388.0,0.81472075,359.0,397.0,0.7960934
frame469.jpg,492.0,108.0,0.6498613,497.0,97.0,0.878054,497.0,96.0,0.8238995,481.0,77.0,0.8220197,478.0,74.0,0.82679063,434.0,95.0,0.6257591,431.0,90.0,0.906287,374.0,147.0,0.7037835,367.0,147.0,0.8525005,402.0,205.0,0.39524704,409.0,216.0,0.86169684,319.0,168.0,0.87192154,310.0,166.0,0.78994226,379.0,279.0,0.8789413,373.0,283.0,0.6912013,362.0,389.0,0.81216115,361.0,397.0,0.700206
frame470.jpg,492.0,109.0,0.6121447,497.0,98.0,0.8952466,497.0,97.0,0.84489596,482.0,77.0,0.80404747,479.0,74.0,0.83697015,436.0,93.0,0.62769485,433.0,89.0,0.89354837,370.0,141.0,0.6975969,365.0,141.0,0.78955454,401.0,196.0,0.35828266,407.0,206.0,0.7608737,318.0,170.0,0.88127416,311.0,168.0,0.7751011,379.0,280.0,0.84855896,374.0,285.0,0.6519933,362.0,389.0,0.793594,360.0,397.0,0.831599
frame471.jpg,491.0,108.0,0.8474903,496.0,96.0,0.86344856,496.0,95.0,0.78670883,481.0,75.0,0.8477955,479.0,73.0,0.7948448,435.0,92.0,0.8291574,432.0,85.0,0.8763623,369.0,134.0,0.6570944,362.0,133.0,0.91772795,395.0,189.0,0.25497437,403.0,201.0,0.8035069,318.0,170.0,0.88716555,310.0,167.0,0.7472298,380.0,280.0,0.8924435,373.0,285.0,0.66684115,362.0,390.0,0.79535556,360.0,397.0,0.842988
frame472.jpg,493.0,107.0,0.8312136,497.0,95.0,0.66933334,497.0,95.0,0.79476357,481.0,76.0,0.7298374,480.0,74.0,0.60284096,438.0,96.0,0.77815974,433.0,84.0,0.91094947,369.0,130.0,0.3718845,360.0,125.0,0.85732514,401.0,189.0,0.45696414,398.0,192.0,0.8104023,319.0,171.0,0.7793202,308.0,166.0,0.6671821,381.0,281.0,0.81580925,372.0,284.0,0.68622595,363.0,390.0,0.7708534,360.0,397.0,0.813276
frame473.jpg,491.0,108.0,0.8625046,496.0,96.0,0.8228696,497.0,94.0,0.7446689,481.0,75.0,0.8904345,480.0,72.0,0.82684016,436.0,95.0,0.7950665,436.0,85.0,0.8873107,364.0,120.0,0.35552174,357.0,116.0,0.7796787,396.0,180.0,0.4684562,395.0,183.0,0.8438688,318.0,171.0,0.87892973,308.0,170.0,0.6456485,381.0,281.0,0.8329887,372.0,284.0,0.6705444,363.0,389.0,0.77791107,360.0,398.0,0.6514736
frame474.jpg,492.0,108.0,0.8635028,497.0,96.0,0.8052312,497.0,94.0,0.71968603,482.0,75.0,0.8813449,481.0,72.0,0.81493187,438.0,96.0,0.67656386,438.0,84.0,0.9116899,388.0,148.0,0.11753099,354.0,109.0,0.77887666,397.0,175.0,0.4051397,391.0,179.0,0.8166376,324.0,173.0,0.6956451,309.0,172.0,0.87359154,383.0,279.0,0.7937631,373.0,282.0,0.6824292,364.0,389.0,0.79957664,361.0,398.0,0.6836436
frame475.jpg,492.0,107.0,0.7801497,498.0,95.0,0.75874287,497.0,93.0,0.7184652,480.0,76.0,0.5792279,480.0,73.0,0.6595911,440.0,96.0,0.775949,436.0,83.0,0.8213704,394.0,147.0,0.1139851,351.0,104.0,0.85647637,405.0,169.0,0.32514814,390.0,171.0,0.7013943,326.0,174.0,0.83504105,309.0,172.0,0.8302123,388.0,278.0,0.7162503,373.0,283.0,0.63809496,364.0,389.0,0.7797138,361.0,396.0,0.6443956
frame476.jpg,492.0,107.0,0.70024776,497.0,96.0,0.8524194,497.0,94.0,0.782121,482.0,76.0,0.77829903,481.0,73.0,0.8234267,439.0,101.0,0.75284433,437.0,80.0,0.77047604,398.0,140.0,0.13867562,349.0,99.0,0.8955739,404.0,165.0,0.37584284,385.0,163.0,0.66376317,324.0,175.0,0.72863245,309.0,174.0,0.8077958,384.0,279.0,0.9028738,373.0,283.0,0.74356866,364.0,390.0,0.74871784,361.0,397.0,0.6307514
frame477.jpg,493.0,108.0,0.682528,497.0,96.0,0.85734546,498.0,94.0,0.8165523,480.0,76.0,0.7581501,480.0,73.0,0.79277045,441.0,98.0,0.7061664,440.0,82.0,0.85755503,390.0,130.0,0.13983154,347.0,92.0,0.83864474,401.0,161.0,0.29835454,383.0,158.0,0.78006846,326.0,174.0,0.6103977,312.0,173.0,0.885867,386.0,278.0,0.88020945,374.0,282.0,0.7711871,364.0,390.0,0.82517946,361.0,397.0,0.64021856
frame478.jpg,494.0,109.0,0.52206266,498.0,98.0,0.85941106,498.0,97.0,0.86121356,481.0,77.0,0.7001236,481.0,75.0,0.83709407,440.0,96.0,0.6677372,440.0,84.0,0.8068738,388.0,125.0,0.1467139,348.0,86.0,0.9033231,395.0,157.0,0.34192958,382.0,153.0,0.777691,325.0,176.0,0.64733654,312.0,175.0,0.72274554,389.0,278.0,0.8512741,376.0,281.0,0.61196756,365.0,389.0,0.83590245,362.0,398.0,0.66711265
frame479.jpg,495.0,109.0,0.70221204,498.0,98.0,0.6813593,499.0,96.0,0.83206594,481.0,78.0,0.8369335,480.0,76.0,0.86688256,441.0,96.0,0.66857004,442.0,84.0,0.74345267,380.0,123.0,0.12717956,347.0,82.0,0.88489884,389.0,153.0,0.36210635,380.0,149.0,0.73409534,327.0,176.0,0.74277806,312.0,174.0,0.72632086,390.0,278.0,0.83126146,376.0,282.0,0.6756835,365.0,390.0,0.81910664,361.0,399.0,0.63860464
frame480.jpg,494.0,112.0,0.6682315,499.0,99.0,0.8860078,500.0,99.0,0.86526865,483.0,79.0,0.67468196,483.0,77.0,0.8513205,438.0,93.0,0.76586986,439.0,85.0,0.84356576,376.0,120.0,0.13422297,351.0,72.0,0.80691487,380.0,136.0,0.53269804,376.0,134.0,0.72570944,328.0,176.0,0.65124524,315.0,175.0,0.7194233,388.0,278.0,0.8555379,379.0,281.0,0.70533574,365.0,389.0,0.86697286,362.0,397.0,0.6835755
