guy3_chair070.jpg,149.0,100.0,0.44609365,154.0,96.0,0.56728816,145.0,95.0,0.49220195,162.0,96.0,0.6106282,139.0,98.0,0.50838125,170.0,114.0,0.6767788,134.0,115.0,0.6500043,184.0,80.0,0.5252545,119.0,81.0,0.3839174,181.0,42.0,0.38322684,118.0,42.0,0.3964551,163.0,191.0,0.51649714,138.0,190.0,0.7536254,156.0,245.0,0.7066321,137.0,244.0,0.6623466,157.0,284.0,0.581885,140.0,282.0,0.55887854
guy3_chair070_flipped.jpg,150.0,101.0,0.61186796,154.0,95.0,0.4610162,145.0,95.0,0.6521334,158.0,97.0,0.40797275,137.0,98.0,0.6532107,165.0,115.0,0.7225927,127.0,114.0,0.5691707,181.0,81.0,0.7165388,115.0,78.0,0.7302208,179.0,39.0,0.762259,117.0,39.0,0.27202952,162.0,190.0,0.7238939,136.0,192.0,0.7014859,162.0,244.0,0.8205786,143.0,246.0,0.80564,159.0,282.0,0.7003485,144.0,285.0,0.61041355
guy3_chair071.jpg,149.0,102.0,0.29016632,155.0,97.0,0.49970883,145.0,97.0,0.43978038,163.0,99.0,0.479575,140.0,99.0,0.36886978,172.0,115.0,0.5678445,133.0,116.0,0.715809,184.0,82.0,0.6555157,119.0,83.0,0.38871825,181.0,39.0,0.42268246,118.0,45.0,0.4551845,164.0,191.0,0.6144836,138.0,191.0,0.73491764,156.0,247.0,0.7378974,137.0,245.0,0.68618655,158.0,287.0,0.6634133,141.0,282.0,0.62088627
guy3_chair071_flipped.jpg,149.0,103.0,0.5056915,154.0,97.0,0.5353752,144.0,98.0,0.59168863,158.0,99.0,0.55759776,136.0,100.0,0.6464161,165.0,115.0,0.7701844,126.0,116.0,0.7250378,181.0,83.0,0.77541614,116.0,81.0,0.7712771,179.0,42.0,0.83591306,117.0,44.0,0.3067496,161.0,192.0,0.79475933,135.0,193.0,0.76373893,162.0,246.0,0.68445015,143.0,247.0,0.76238513,158.0,284.0,0.63396823,143.0,288.0,0.5122688
guy3_chair072.jpg,149.0,105.0,0.43115836,155.0,100.0,0.60642946,145.0,100.0,0.3990831,164.0,101.0,0.52507144,140.0,101.0,0.45677015,172.0,117.0,0.5839101,134.0,119.0,0.68098116,183.0,82.0,0.5071356,119.0,86.0,0.4237363,180.0,40.0,0.52524793,118.0,46.0,0.4176367,163.0,195.0,0.64623046,139.0,193.0,0.63416743,156.0,249.0,0.7117629,136.0,245.0,0.57889676,156.0,287.0,0.5299275,141.0,283.0,0.6162204
guy3_chair072_flipped.jpg,149.0,105.0,0.5528232,154.0,100.0,0.42481074,144.0,100.0,0.51009846,158.0,100.0,0.6309223,136.0,101.0,0.55099577,163.0,118.0,0.62329257,126.0,118.0,0.6899078,180.0,86.0,0.72339666,116.0,83.0,0.5466073,180.0,44.0,0.5993769,118.0,45.0,0.37613028,160.0,193.0,0.7265522,135.0,194.0,0.6935673,162.0,246.0,0.7244631,143.0,248.0,0.62953836,158.0,286.0,0.6665928,143.0,288.0,0.4857733
guy3_chair073.jpg,149.0,107.0,0.46008685,154.0,102.0,0.52879274,145.0,102.0,0.43627384,163.0,102.0,0.34764004,140.0,103.0,0.40612146,172.0,118.0,0.54719573,135.0,121.0,0.5534391,182.0,84.0,0.57279533,120.0,87.0,0.45890942,181.0,42.0,0.4696681,118.0,45.0,0.35449907,165.0,196.0,0.7000911,140.0,195.0,0.6862913,156.0,249.0,0.7364776,137.0,246.0,0.5870062,157.0,287.0,0.51138204,142.0,283.0,0.5994506
guy3_chair073_flipped.jpg,149.0,107.0,0.48173746,154.0,101.0,0.4954796,145.0,101.0,0.56603116,158.0,102.0,0.55961573,136.0,103.0,0.3433156,163.0,120.0,0.5333282,126.0,119.0,0.5722685,180.0,87.0,0.7834158,117.0,84.0,0.53883797,181.0,45.0,0.6886591,118.0,46.0,0.5124253,159.0,194.0,0.7740709,135.0,195.0,0.76527804,163.0,247.0,0.6885528,143.0,249.0,0.7003816,157.0,285.0,0.63748366,142.0,289.0,0.592597
guy3_chair074.jpg,149.0,108.0,0.42914253,154.0,103.0,0.2900863,145.0,103.0,0.28472242,163.0,104.0,0.46542436,140.0,105.0,0.44524577,172.0,120.0,0.5080098,135.0,122.0,0.54275984,183.0,85.0,0.5656307,119.0,89.0,0.4038531,180.0,44.0,0.53486264,118.0,50.0,0.371017,164.0,195.0,0.6631198,140.0,194.0,0.6492254,155.0,251.0,0.64972204,136.0,249.0,0.69914484,158.0,288.0,0.63319266,143.0,283.0,0.60902774
guy3_chair074_flipped.jpg,150.0,108.0,0.5392489,153.0,103.0,0.2983111,145.0,103.0,0.45631772,156.0,103.0,0.61843455,136.0,105.0,0.559247,163.0,121.0,0.61565554,125.0,120.0,0.62870955,181.0,90.0,0.75993526,117.0,86.0,0.5288731,182.0,51.0,0.7009282,119.0,46.0,0.52592254,159.0,194.0,0.7993884,135.0,195.0,0.7828095,163.0,248.0,0.6546557,144.0,250.0,0.76229405,157.0,284.0,0.65900016,143.0,289.0,0.5949316
guy3_chair075.jpg,148.0,110.0,0.6466472,153.0,105.0,0.64205295,144.0,105.0,0.6567136,163.0,105.0,0.5561662,140.0,106.0,0.39337194,172.0,122.0,0.51666665,134.0,123.0,0.6752052,182.0,87.0,0.6824924,119.0,90.0,0.3613187,178.0,48.0,0.41713798,118.0,50.0,0.33235282,164.0,197.0,0.6502588,139.0,196.0,0.46529335,155.0,252.0,0.6760715,135.0,249.0,0.6463373,157.0,287.0,0.5867667,143.0,281.0,0.573501
guy3_chair075_flipped.jpg,150.0,110.0,0.6102499,155.0,105.0,0.6102899,146.0,105.0,0.68967175,158.0,105.0,0.59179366,136.0,106.0,0.5807879,162.0,121.0,0.5420793,126.0,120.0,0.6521881,180.0,91.0,0.69224644,118.0,87.0,0.5686734,183.0,50.0,0.40565214,121.0,47.0,0.45100483,158.0,194.0,0.5072085,134.0,195.0,0.5739079,164.0,248.0,0.6406142,143.0,251.0,0.6939251,156.0,284.0,0.58017576,142.0,289.0,0.48746297
guy3_chair076.jpg,149.0,111.0,0.4640455,154.0,107.0,0.5961813,144.0,107.0,0.5502753,163.0,107.0,0.36276892,140.0,108.0,0.42707664,172.0,124.0,0.47181058,135.0,126.0,0.585263,181.0,88.0,0.69817686,120.0,91.0,0.41332823,178.0,50.0,0.3849308,117.0,51.0,0.4387126,164.0,197.0,0.6482072,140.0,195.0,0.4961369,154.0,252.0,0.5385673,134.0,250.0,0.7771932,157.0,288.0,0.5635247,144.0,282.0,0.5705616
guy3_chair076_flipped.jpg,150.0,112.0,0.5130616,155.0,106.0,0.643632,146.0,106.0,0.6773299,159.0,106.0,0.37218317,137.0,107.0,0.5936518,163.0,123.0,0.6057296,126.0,122.0,0.7250595,181.0,90.0,0.6569254,119.0,88.0,0.55727637,183.0,53.0,0.6132996,121.0,50.0,0.34852386,157.0,195.0,0.5151498,134.0,196.0,0.6005243,164.0,249.0,0.758479,144.0,252.0,0.66349316,156.0,283.0,0.52706224,143.0,289.0,0.55404466
guy3_chair077.jpg,148.0,112.0,0.4719369,153.0,109.0,0.5179267,144.0,108.0,0.37519103,163.0,109.0,0.5643351,140.0,109.0,0.4025901,171.0,126.0,0.42491484,135.0,126.0,0.63767004,181.0,89.0,0.4619435,120.0,94.0,0.45000637,177.0,49.0,0.27538842,116.0,54.0,0.5584899,166.0,196.0,0.6666229,141.0,196.0,0.54174006,154.0,251.0,0.5327388,135.0,249.0,0.7622009,158.0,287.0,0.44481325,144.0,282.0,0.5849576
guy3_chair077_flipped.jpg,151.0,112.0,0.56574523,155.0,108.0,0.42991203,146.0,108.0,0.6327092,158.0,108.0,0.497222,137.0,109.0,0.54577315,162.0,125.0,0.46126255,127.0,124.0,0.7081257,180.0,91.0,0.6797714,120.0,88.0,0.5263309,183.0,53.0,0.7299036,122.0,51.0,0.5324525,159.0,196.0,0.6568868,133.0,197.0,0.67570674,164.0,250.0,0.69320285,144.0,251.0,0.5947925,157.0,283.0,0.4765812,143.0,290.0,0.4372425
guy3_chair078.jpg,148.0,114.0,0.6703366,153.0,110.0,0.703318,144.0,110.0,0.66647404,163.0,110.0,0.58719414,140.0,110.0,0.3860323,172.0,128.0,0.63037634,135.0,128.0,0.6082231,181.0,93.0,0.62738955,119.0,98.0,0.38572145,176.0,53.0,0.61618376,114.0,57.0,0.5787988,165.0,199.0,0.6646278,141.0,197.0,0.6189392,153.0,251.0,0.70733196,134.0,249.0,0.7576744,158.0,288.0,0.4914619,144.0,282.0,0.5910721
guy3_chair078_flipped.jpg,151.0,114.0,0.6404185,155.0,109.0,0.6070522,147.0,109.0,0.7794628,158.0,109.0,0.4702535,137.0,109.0,0.65463173,162.0,126.0,0.46248245,128.0,125.0,0.6729436,182.0,93.0,0.62299335,120.0,92.0,0.47645608,184.0,55.0,0.7678968,123.0,57.0,0.47408763,158.0,196.0,0.7173939,132.0,198.0,0.7052269,164.0,249.0,0.72659385,144.0,251.0,0.5318693,156.0,282.0,0.48427302,143.0,289.0,0.32069865
guy3_chair079.jpg,146.0,116.0,0.5895741,152.0,111.0,0.7627655,143.0,110.0,0.688935,163.0,111.0,0.5116254,140.0,111.0,0.34099168,172.0,128.0,0.6374916,134.0,128.0,0.70903665,180.0,94.0,0.6420586,118.0,98.0,0.5069476,174.0,50.0,0.40660793,113.0,58.0,0.59370863,166.0,199.0,0.66616017,142.0,198.0,0.66386306,153.0,251.0,0.75338435,133.0,250.0,0.73205835,158.0,288.0,0.44559157,145.0,281.0,0.5965347
guy3_chair079_flipped.jpg,152.0,116.0,0.59982467,156.0,110.0,0.6778618,148.0,111.0,0.7373715,158.0,111.0,0.3201585,138.0,111.0,0.7145356,162.0,127.0,0.59872115,128.0,126.0,0.7184863,183.0,94.0,0.6260004,121.0,92.0,0.5420888,184.0,55.0,0.75895,124.0,56.0,0.5966137,157.0,197.0,0.77301836,132.0,198.0,0.739188,166.0,249.0,0.782082,145.0,252.0,0.69098186,156.0,282.0,0.45847374,143.0,289.0,0.32544675
guy3_chair080.jpg,144.0,117.0,0.3040645,150.0,112.0,0.37087107,141.0,111.0,0.39492333,162.0,113.0,0.6256053,138.0,112.0,0.44800782,171.0,129.0,0.6579227,134.0,130.0,0.44493383,178.0,96.0,0.5616344,117.0,98.0,0.49518052,173.0,53.0,0.2642872,112.0,59.0,0.4579985,165.0,199.0,0.66458213,142.0,198.0,0.6662702,152.0,249.0,0.70882845,132.0,249.0,0.7440263,158.0,286.0,0.4662326,145.0,280.0,0.43507916
guy3_chair080_flipped.jpg,153.0,117.0,0.31689045,157.0,111.0,0.56568223,148.0,112.0,0.5364405,158.0,112.0,0.40366346,138.0,113.0,0.64031243,163.0,129.0,0.62455505,128.0,127.0,0.7328361,183.0,97.0,0.59049034,121.0,96.0,0.4144394,185.0,58.0,0.6988796,126.0,55.0,0.494058,156.0,196.0,0.7513535,132.0,198.0,0.75548154,167.0,248.0,0.7854039,145.0,250.0,0.8076699,155.0,281.0,0.60065633,143.0,287.0,0.5901458
guy3_chair081.jpg,143.0,119.0,0.6665175,148.0,114.0,0.63441396,139.0,113.0,0.6136298,160.0,114.0,0.67328155,137.0,114.0,0.45405045,170.0,128.0,0.70964426,133.0,129.0,0.57588094,178.0,96.0,0.4079799,114.0,99.0,0.5002582,172.0,55.0,0.36600867,110.0,59.0,0.42529222,166.0,199.0,0.6955397,142.0,197.0,0.67348534,152.0,249.0,0.72522694,132.0,248.0,0.68407005,159.0,284.0,0.55228674,145.0,280.0,0.4003534
guy3_chair081_flipped.jpg,154.0,119.0,0.58158135,158.0,113.0,0.5348116,149.0,113.0,0.5327207,159.0,112.0,0.5645083,140.0,113.0,0.6936587,165.0,128.0,0.68263745,129.0,128.0,0.7261574,184.0,97.0,0.6484256,121.0,96.0,0.4113438,188.0,58.0,0.4594471,126.0,60.0,0.51003003,156.0,196.0,0.7482558,132.0,198.0,0.7606951,167.0,248.0,0.6588578,145.0,250.0,0.7772578,155.0,279.0,0.51476586,142.0,286.0,0.6013242
guy3_chair082.jpg,142.0,121.0,0.5704328,148.0,115.0,0.75860953,139.0,115.0,0.6714808,158.0,116.0,0.4757053,136.0,116.0,0.36525765,170.0,130.0,0.5994114,132.0,130.0,0.62258476,178.0,95.0,0.5375127,113.0,99.0,0.45626414,171.0,59.0,0.47003916,109.0,61.0,0.538018,167.0,199.0,0.6892817,143.0,199.0,0.70749784,152.0,249.0,0.6538396,131.0,248.0,0.6680496,158.0,283.0,0.54387486,145.0,279.0,0.37817785
guy3_chair082_flipped.jpg,156.0,121.0,0.62276125,159.0,114.0,0.5867117,151.0,115.0,0.74861515,161.0,114.0,0.62507355,140.0,115.0,0.5550344,164.0,130.0,0.6608071,129.0,129.0,0.44247702,186.0,99.0,0.6021913,123.0,95.0,0.51955366,188.0,58.0,0.54591066,127.0,59.0,0.6728211,156.0,197.0,0.7602028,132.0,199.0,0.7871324,168.0,248.0,0.7613527,145.0,249.0,0.6446618,155.0,279.0,0.5666613,142.0,284.0,0.51767737
guy3_chair083.jpg,141.0,122.0,0.44745204,146.0,117.0,0.61338013,137.0,116.0,0.5033492,157.0,116.0,0.56720364,135.0,118.0,0.44623682,168.0,132.0,0.62783694,132.0,131.0,0.6313314,177.0,98.0,0.6641724,111.0,99.0,0.2750915,169.0,60.0,0.38998288,109.0,62.0,0.4688578,167.0,199.0,0.682515,143.0,198.0,0.69097483,151.0,248.0,0.60134673,130.0,246.0,0.6577608,158.0,283.0,0.6278964,145.0,278.0,0.51450443
guy3_chair083_flipped.jpg,158.0,121.0,0.4141294,161.0,116.0,0.637038,153.0,116.0,0.60302514,163.0,115.0,0.37055564,142.0,116.0,0.5806355,164.0,130.0,0.605173,130.0,130.0,0.5191304,187.0,98.0,0.62964004,124.0,100.0,0.4332873,189.0,60.0,0.44771624,130.0,61.0,0.44928938,155.0,197.0,0.6651879,132.0,199.0,0.7405473,168.0,245.0,0.7989115,146.0,248.0,0.62647486,155.0,278.0,0.48095262,143.0,282.0,0.64849114
guy3_chair084.jpg,139.0,123.0,0.565253,145.0,118.0,0.46355122,135.0,118.0,0.37269026,157.0,118.0,0.5853951,134.0,118.0,0.44511336,167.0,132.0,0.5505836,131.0,132.0,0.58988947,175.0,100.0,0.5526494,110.0,101.0,0.29796785,168.0,60.0,0.28888988,109.0,63.0,0.4451004,168.0,200.0,0.6530788,143.0,199.0,0.70976985,150.0,248.0,0.60652435,129.0,246.0,0.6976535,157.0,283.0,0.6109524,143.0,278.0,0.42251283
guy3_chair084_flipped.jpg,159.0,124.0,0.5624921,163.0,118.0,0.4475103,155.0,118.0,0.54273754,163.0,117.0,0.35796824,143.0,117.0,0.5812035,166.0,133.0,0.64462495,131.0,131.0,0.5948632,187.0,102.0,0.4060202,124.0,100.0,0.40697917,191.0,64.0,0.4562949,131.0,64.0,0.41580686,154.0,198.0,0.7193334,131.0,199.0,0.5086554,170.0,244.0,0.8059735,148.0,247.0,0.662764,156.0,275.0,0.51989615,143.0,281.0,0.663329
guy3_chair085.jpg,138.0,125.0,0.620772,143.0,119.0,0.69016314,134.0,119.0,0.6760887,156.0,118.0,0.72058594,133.0,119.0,0.41992924,166.0,133.0,0.47809818,131.0,133.0,0.48175758,174.0,101.0,0.4855914,110.0,103.0,0.4582748,164.0,63.0,0.3680945,106.0,64.0,0.5119909,167.0,200.0,0.4930612,144.0,200.0,0.686167,149.0,245.0,0.6607956,129.0,243.0,0.8156456,157.0,282.0,0.5675385,144.0,277.0,0.48649618
guy3_chair085_flipped.jpg,160.0,125.0,0.59388006,163.0,118.0,0.5133921,155.0,119.0,0.6501535,165.0,118.0,0.47114038,144.0,118.0,0.70597124,167.0,135.0,0.5661954,132.0,132.0,0.62704176,190.0,100.0,0.6047909,125.0,102.0,0.37669092,193.0,64.0,0.5982083,133.0,63.0,0.4193676,153.0,198.0,0.8154027,130.0,200.0,0.61609507,170.0,241.0,0.86080515,148.0,245.0,0.7409328,157.0,276.0,0.5392275,143.0,281.0,0.6660049
guy3_chair086.jpg,137.0,126.0,0.5981425,143.0,120.0,0.77490216,134.0,120.0,0.6860695,155.0,118.0,0.72683454,132.0,119.0,0.44475526,166.0,133.0,0.6223649,130.0,132.0,0.67149377,172.0,103.0,0.5320188,109.0,102.0,0.5387056,163.0,65.0,0.3474119,105.0,66.0,0.4389327,167.0,199.0,0.5636705,144.0,197.0,0.5804374,149.0,244.0,0.61740005,128.0,242.0,0.6313752,157.0,279.0,0.6375663,144.0,275.0,0.542819
guy3_chair086_flipped.jpg,161.0,125.0,0.587454,165.0,119.0,0.7134495,156.0,119.0,0.76615196,166.0,119.0,0.48885676,146.0,119.0,0.65777266,167.0,134.0,0.51197755,133.0,132.0,0.62922865,190.0,100.0,0.56753117,127.0,105.0,0.5398891,194.0,64.0,0.51826185,136.0,66.0,0.4426751,153.0,197.0,0.76619834,129.0,200.0,0.76897913,170.0,240.0,0.7496079,148.0,244.0,0.7195801,157.0,273.0,0.41063616,143.0,280.0,0.6783035
guy3_chair087.jpg,135.0,126.0,0.36051705,141.0,120.0,0.69290054,132.0,120.0,0.5627831,154.0,119.0,0.60775065,132.0,120.0,0.404377,165.0,134.0,0.50638855,131.0,133.0,0.46258694,170.0,103.0,0.46662414,108.0,103.0,0.5002507,160.0,64.0,0.41377133,104.0,66.0,0.29181302,168.0,198.0,0.47266528,146.0,197.0,0.7015314,148.0,242.0,0.7397382,128.0,240.0,0.7768637,158.0,279.0,0.639018,144.0,277.0,0.53567463
guy3_chair087_flipped.jpg,162.0,126.0,0.47119603,166.0,120.0,0.66384083,158.0,120.0,0.6648526,167.0,119.0,0.39015293,145.0,119.0,0.58604646,167.0,134.0,0.49291298,133.0,132.0,0.6425257,191.0,103.0,0.46001515,129.0,104.0,0.5478964,195.0,67.0,0.38932487,136.0,68.0,0.50084853,152.0,197.0,0.7280287,128.0,199.0,0.7759037,170.0,238.0,0.8555159,148.0,241.0,0.604252,155.0,271.0,0.47125936,143.0,278.0,0.69966066
guy3_chair088.jpg,134.0,126.0,0.53970736,139.0,121.0,0.54403913,131.0,121.0,0.382427,152.0,120.0,0.7008294,131.0,120.0,0.34507394,163.0,135.0,0.48951286,128.0,134.0,0.6888703,168.0,103.0,0.38148096,108.0,104.0,0.41888747,158.0,65.0,0.23641321,101.0,68.0,0.44314882,169.0,197.0,0.4676403,147.0,197.0,0.67839104,147.0,241.0,0.57144094,128.0,239.0,0.83112276,158.0,277.0,0.6047983,143.0,274.0,0.62144375
guy3_chair088_flipped.jpg,163.0,126.0,0.36971322,167.0,120.0,0.50462306,159.0,120.0,0.48411408,167.0,120.0,0.33595243,146.0,119.0,0.66309667,168.0,134.0,0.4141876,133.0,132.0,0.6489063,191.0,105.0,0.38223302,131.0,104.0,0.427711,197.0,67.0,0.5896902,140.0,67.0,0.37132832,151.0,197.0,0.72296035,128.0,198.0,0.57171,171.0,237.0,0.8424451,149.0,240.0,0.70976067,157.0,270.0,0.52255714,143.0,277.0,0.76921266
guy3_chair089.jpg,133.0,127.0,0.61324096,138.0,122.0,0.5884321,131.0,121.0,0.4770479,151.0,121.0,0.69071126,131.0,121.0,0.25278413,163.0,135.0,0.4635801,129.0,135.0,0.6793771,166.0,100.0,0.44934204,108.0,104.0,0.4292473,155.0,63.0,0.3721088,101.0,69.0,0.4629714,169.0,199.0,0.7280726,147.0,197.0,0.69774735,149.0,239.0,0.5871179,128.0,236.0,0.68382347,157.0,276.0,0.5483668,143.0,274.0,0.6422756
guy3_chair089_flipped.jpg,165.0,126.0,0.4167931,167.0,120.0,0.4710195,160.0,120.0,0.6293062,166.0,121.0,0.2884226,148.0,120.0,0.74622035,167.0,135.0,0.37781164,134.0,133.0,0.6249525,191.0,104.0,0.5169457,133.0,103.0,0.53739786,198.0,68.0,0.6104793,142.0,68.0,0.53984016,151.0,197.0,0.7262311,128.0,198.0,0.5291507,172.0,235.0,0.69573575,149.0,239.0,0.70552754,156.0,270.0,0.4229115,144.0,275.0,0.74296725
guy3_chair090.jpg,132.0,127.0,0.59897333,137.0,122.0,0.5792599,130.0,122.0,0.5201496,150.0,121.0,0.65805864,131.0,121.0,0.32540894,162.0,135.0,0.3874082,128.0,134.0,0.706464,165.0,101.0,0.47792655,105.0,102.0,0.38662678,153.0,67.0,0.22438999,99.0,68.0,0.35377073,170.0,197.0,0.7279216,149.0,196.0,0.61570036,148.0,238.0,0.7199729,128.0,234.0,0.75562555,156.0,276.0,0.59096086,142.0,273.0,0.6114747
guy3_chair090_flipped.jpg,166.0,126.0,0.46431243,168.0,121.0,0.530236,161.0,120.0,0.659914,167.0,121.0,0.2974899,149.0,120.0,0.693413,168.0,135.0,0.4368587,135.0,133.0,0.45268744,191.0,105.0,0.4218931,135.0,102.0,0.60465205,201.0,69.0,0.5520296,146.0,68.0,0.35342947,150.0,196.0,0.6905408,127.0,199.0,0.76917684,172.0,232.0,0.78428173,150.0,237.0,0.7454723,157.0,268.0,0.47753915,143.0,275.0,0.71747077
guy3_chair091.jpg,131.0,127.0,0.43244773,137.0,121.0,0.6872871,129.0,121.0,0.5436797,150.0,120.0,0.70506585,130.0,120.0,0.31839293,161.0,134.0,0.547832,127.0,133.0,0.6621434,164.0,102.0,0.3330201,105.0,104.0,0.40832284,150.0,68.0,0.25606787,96.0,70.0,0.4838179,172.0,195.0,0.6947062,149.0,195.0,0.56622887,147.0,235.0,0.67952114,126.0,232.0,0.73034453,155.0,275.0,0.5331727,142.0,271.0,0.52033937
guy3_chair091_flipped.jpg,166.0,126.0,0.51992375,169.0,120.0,0.60007465,162.0,120.0,0.71367264,169.0,120.0,0.33680114,150.0,119.0,0.64741147,168.0,134.0,0.36194646,137.0,132.0,0.6205654,192.0,106.0,0.31256735,138.0,102.0,0.53701997,202.0,70.0,0.4962401,147.0,69.0,0.45573905,149.0,197.0,0.62117803,127.0,198.0,0.73781705,173.0,230.0,0.7510233,151.0,234.0,0.62933403,157.0,270.0,0.4446478,144.0,273.0,0.724164
guy3_chair092.jpg,130.0,126.0,0.43817675,136.0,120.0,0.7254485,129.0,120.0,0.6195495,149.0,119.0,0.6834096,130.0,119.0,0.38716987,160.0,133.0,0.607834,126.0,132.0,0.56630206,161.0,100.0,0.32993054,105.0,104.0,0.67896974,150.0,68.0,0.18467681,95.0,70.0,0.48583618,171.0,194.0,0.57931864,148.0,194.0,0.74720824,147.0,233.0,0.6788054,126.0,230.0,0.6112405,155.0,274.0,0.51643443,141.0,270.0,0.49697068
guy3_chair092_flipped.jpg,167.0,125.0,0.5373854,170.0,119.0,0.6899781,162.0,119.0,0.72382593,170.0,119.0,0.3802309,150.0,119.0,0.66635686,169.0,133.0,0.38471863,137.0,131.0,0.6306181,193.0,106.0,0.45860538,141.0,97.0,0.52191395,204.0,69.0,0.5971946,150.0,68.0,0.42951304,149.0,194.0,0.50130546,127.0,196.0,0.6951238,172.0,228.0,0.73609936,152.0,233.0,0.7039214,158.0,268.0,0.45075595,145.0,270.0,0.557186
guy3_chair093.jpg,129.0,125.0,0.58822495,135.0,120.0,0.5644572,127.0,119.0,0.6212667,148.0,118.0,0.66518235,131.0,118.0,0.52297306,162.0,133.0,0.5678054,125.0,131.0,0.5891725,160.0,102.0,0.57474256,105.0,105.0,0.7861395,146.0,68.0,0.48866245,94.0,70.0,0.40088192,172.0,194.0,0.6159595,150.0,194.0,0.6666079,145.0,231.0,0.7556851,126.0,228.0,0.76332676,156.0,269.0,0.7044549,141.0,266.0,0.68653756
guy3_chair093_flipped.jpg,167.0,125.0,0.48804012,170.0,119.0,0.7568948,163.0,119.0,0.73884416,169.0,118.0,0.53220177,149.0,118.0,0.48474553,170.0,131.0,0.6345006,137.0,129.0,0.651327,193.0,106.0,0.446764,140.0,101.0,0.4971214,206.0,70.0,0.6305764,150.0,69.0,0.62572324,150.0,194.0,0.5665181,126.0,197.0,0.66331863,174.0,226.0,0.8680674,153.0,230.0,0.763564,158.0,265.0,0.4967172,144.0,267.0,0.7454448
guy3_chair094.jpg,128.0,124.0,0.63311493,134.0,119.0,0.57898736,126.0,118.0,0.38745117,147.0,117.0,0.41888395,128.0,117.0,0.33397353,159.0,131.0,0.55958927,126.0,130.0,0.49981105,159.0,101.0,0.33309644,104.0,105.0,0.49171865,145.0,68.0,0.34117544,91.0,70.0,0.4425434,173.0,194.0,0.7213452,150.0,193.0,0.5365478,145.0,230.0,0.64797854,126.0,225.0,0.6534189,156.0,267.0,0.58439124,142.0,264.0,0.6048907
guy3_chair094_flipped.jpg,168.0,124.0,0.52438784,172.0,118.0,0.5392923,164.0,118.0,0.5254173,172.0,118.0,0.37268898,150.0,117.0,0.5072691,170.0,131.0,0.50186455,139.0,129.0,0.56951296,195.0,104.0,0.53165114,141.0,104.0,0.5488689,207.0,69.0,0.38988146,153.0,69.0,0.42647317,148.0,193.0,0.7451566,126.0,195.0,0.68582416,173.0,224.0,0.7980244,153.0,227.0,0.709876,158.0,262.0,0.33046225,143.0,265.0,0.62857866
guy3_chair095.jpg,127.0,123.0,0.6704056,133.0,118.0,0.7130928,125.0,117.0,0.43510655,147.0,117.0,0.626455,130.0,116.0,0.49680585,160.0,131.0,0.6817378,126.0,130.0,0.5970995,157.0,99.0,0.5298103,103.0,105.0,0.7366924,141.0,69.0,0.56743336,90.0,72.0,0.61860883,173.0,194.0,0.6514707,152.0,195.0,0.79490066,143.0,227.0,0.71644664,126.0,223.0,0.73192704,155.0,266.0,0.53535295,140.0,264.0,0.68412673
guy3_chair095_flipped.jpg,169.0,123.0,0.73396516,171.0,116.0,0.7508558,164.0,117.0,0.7655408,167.0,116.0,0.6456027,150.0,116.0,0.77040434,171.0,128.0,0.7582749,137.0,127.0,0.82650167,195.0,105.0,0.6909225,142.0,105.0,0.5250734,209.0,72.0,0.82005656,155.0,71.0,0.85732436,147.0,192.0,0.8190573,124.0,195.0,0.81623423,175.0,223.0,0.81536525,156.0,228.0,0.55729604,158.0,263.0,0.83966196,144.0,266.0,0.8063757
guy3_chair096.jpg,128.0,123.0,0.7088119,133.0,117.0,0.6875981,125.0,117.0,0.79220486,146.0,116.0,0.74962264,130.0,115.0,0.6769996,159.0,128.0,0.744882,129.0,128.0,0.44613892,154.0,98.0,0.65541404,103.0,105.0,0.73386514,140.0,69.0,0.85675246,88.0,70.0,0.7602652,177.0,194.0,0.82275915,156.0,192.0,0.62106293,144.0,227.0,0.640127,124.0,222.0,0.802535,156.0,263.0,0.89056325,141.0,262.0,0.7854063
guy3_chair096_flipped.jpg,170.0,121.0,0.5448233,173.0,116.0,0.7544992,165.0,115.0,0.76289064,170.0,116.0,0.6809869,152.0,114.0,0.8077539,171.0,129.0,0.78305376,138.0,127.0,0.82590795,196.0,105.0,0.5463407,145.0,102.0,0.5898588,210.0,73.0,0.8021643,156.0,73.0,0.7545929,146.0,190.0,0.65860045,123.0,193.0,0.9051019,176.0,221.0,0.9075343,156.0,226.0,0.65934265,158.0,260.0,0.65596807,144.0,263.0,0.8257959
guy3_chair097.jpg,127.0,122.0,0.7057353,133.0,117.0,0.79735327,125.0,116.0,0.741315,146.0,115.0,0.8114117,128.0,114.0,0.6767244,159.0,128.0,0.6415664,124.0,126.0,0.7382644,154.0,101.0,0.698664,103.0,103.0,0.6730614,139.0,71.0,0.678929,87.0,72.0,0.57737696,178.0,191.0,0.75773853,154.0,190.0,0.73891497,144.0,223.0,0.76798093,123.0,219.0,0.70175236,156.0,263.0,0.66769415,141.0,260.0,0.7729894
guy3_chair097_flipped.jpg,171.0,119.0,0.5724772,173.0,114.0,0.70259535,165.0,114.0,0.7526188,171.0,114.0,0.57495356,152.0,112.0,0.6964098,172.0,126.0,0.6065522,139.0,124.0,0.84226936,198.0,104.0,0.5790869,145.0,103.0,0.6384541,210.0,73.0,0.8577317,159.0,71.0,0.85609204,145.0,188.0,0.57923615,122.0,192.0,0.9032024,175.0,218.0,0.89653856,156.0,224.0,0.72963256,157.0,259.0,0.5956701,144.0,262.0,0.8446771
guy3_chair098.jpg,127.0,119.0,0.62584615,133.0,114.0,0.6008651,125.0,112.0,0.7979646,146.0,112.0,0.74972904,129.0,110.0,0.7863227,159.0,125.0,0.74254096,126.0,123.0,0.78039217,152.0,95.0,0.580408,102.0,104.0,0.67904854,137.0,69.0,0.8203319,87.0,69.0,0.6211754,178.0,192.0,0.8607316,159.0,190.0,0.8611995,143.0,222.0,0.80706227,125.0,220.0,0.729424,156.0,260.0,0.83104795,143.0,257.0,0.8184838
guy3_chair098_flipped.jpg,171.0,118.0,0.70897824,173.0,113.0,0.5738463,166.0,113.0,0.621492,170.0,112.0,0.5765573,153.0,111.0,0.8695683,172.0,125.0,0.67628306,140.0,123.0,0.8841782,197.0,103.0,0.7459603,147.0,100.0,0.57704604,214.0,72.0,0.7594876,161.0,70.0,0.87586284,144.0,187.0,0.64283,122.0,189.0,0.9058308,176.0,217.0,0.8098659,157.0,222.0,0.7427919,156.0,257.0,0.7126765,143.0,261.0,0.8739603
guy3_chair099.jpg,126.0,118.0,0.6526547,132.0,112.0,0.614698,124.0,111.0,0.64578766,145.0,111.0,0.7994711,129.0,110.0,0.81836003,160.0,124.0,0.6108282,126.0,122.0,0.5541941,150.0,95.0,0.6053064,102.0,102.0,0.7178826,135.0,68.0,0.7639076,86.0,68.0,0.64436495,178.0,191.0,0.78212094,158.0,188.0,0.85714704,143.0,220.0,0.8228455,123.0,216.0,0.6574956,155.0,259.0,0.8153634,141.0,256.0,0.82866836
guy3_chair099_flipped.jpg,172.0,117.0,0.7634285,174.0,112.0,0.69341755,166.0,112.0,0.73974395,171.0,111.0,0.6706255,154.0,110.0,0.7317172,171.0,124.0,0.7965336,140.0,122.0,0.7733727,199.0,103.0,0.65705085,149.0,99.0,0.58555883,215.0,72.0,0.5791743,163.0,68.0,0.91351026,144.0,186.0,0.7965376,122.0,188.0,0.7889179,176.0,216.0,0.81080127,158.0,220.0,0.52424526,158.0,256.0,0.7678689,144.0,261.0,0.7749289
guy3_chair100.jpg,126.0,116.0,0.63692504,131.0,109.0,0.72904813,124.0,109.0,0.836366,144.0,108.0,0.70037794,130.0,107.0,0.6695881,157.0,122.0,0.7633069,126.0,121.0,0.7158687,147.0,90.0,0.45623875,101.0,99.0,0.82057613,133.0,63.0,0.64639795,84.0,67.0,0.65465856,180.0,190.0,0.7649918,159.0,189.0,0.817762,142.0,217.0,0.7021727,124.0,215.0,0.7225263,156.0,254.0,0.7762188,140.0,255.0,0.92084855
guy3_chair100_flipped.jpg,172.0,115.0,0.73398906,174.0,110.0,0.66173327,167.0,109.0,0.7586406,172.0,109.0,0.56199706,154.0,107.0,0.67802143,171.0,122.0,0.6909667,141.0,119.0,0.6360109,199.0,100.0,0.5498419,147.0,98.0,0.29420352,214.0,69.0,0.5592177,164.0,65.0,0.7235561,143.0,185.0,0.71714866,122.0,187.0,0.8471432,176.0,213.0,0.68117243,158.0,218.0,0.7717206,157.0,255.0,0.66268694,144.0,258.0,0.7762609
guy3_chair101.jpg,126.0,113.0,0.58986974,131.0,108.0,0.48859268,124.0,107.0,0.6346414,144.0,106.0,0.6032982,130.0,106.0,0.6806005,156.0,121.0,0.5674005,129.0,120.0,0.3708732,147.0,89.0,0.35382405,104.0,100.0,0.5807184,132.0,59.0,0.42332086,85.0,67.0,0.5843158,180.0,188.0,0.71859086,159.0,186.0,0.78609586,143.0,214.0,0.67354023,125.0,213.0,0.6826658,155.0,255.0,0.76496524,142.0,254.0,0.790645
guy3_chair101_flipped.jpg,173.0,113.0,0.52933925,174.0,108.0,0.55072045,167.0,108.0,0.7370431,169.0,108.0,0.58973145,155.0,106.0,0.77336234,171.0,121.0,0.70319474,141.0,117.0,0.85734975,197.0,98.0,0.50944865,149.0,95.0,0.5705503,213.0,68.0,0.6824671,165.0,64.0,0.81982744,142.0,184.0,0.72122717,121.0,186.0,0.8921627,176.0,212.0,0.8282893,158.0,216.0,0.7237388,157.0,253.0,0.7707641,143.0,256.0,0.70078087
guy3_chair102.jpg,126.0,112.0,0.6952002,132.0,107.0,0.75219387,125.0,107.0,0.84167105,145.0,105.0,0.7674105,130.0,105.0,0.7177055,158.0,118.0,0.7955338,127.0,117.0,0.600658,146.0,85.0,0.54041255,102.0,96.0,0.5801957,132.0,60.0,0.6134397,85.0,65.0,0.5493557,181.0,184.0,0.72929525,158.0,183.0,0.84053797,142.0,214.0,0.7647935,124.0,210.0,0.6879358,155.0,253.0,0.8077305,143.0,251.0,0.88224906
guy3_chair102_flipped.jpg,173.0,111.0,0.5911535,174.0,106.0,0.6989999,167.0,105.0,0.48396158,171.0,106.0,0.5545001,154.0,104.0,0.6524355,171.0,120.0,0.6646924,140.0,116.0,0.6081729,195.0,97.0,0.69276804,150.0,93.0,0.45265362,215.0,64.0,0.68653524,165.0,63.0,0.8698595,142.0,181.0,0.69583416,121.0,184.0,0.87335885,176.0,209.0,0.8613144,158.0,214.0,0.7818097,157.0,250.0,0.7656945,145.0,254.0,0.71486264
guy3_chair103.jpg,126.0,111.0,0.57521605,131.0,105.0,0.54027116,124.0,105.0,0.8285435,145.0,103.0,0.53694296,131.0,103.0,0.69719845,158.0,116.0,0.7068169,128.0,117.0,0.7411569,146.0,86.0,0.53195995,104.0,96.0,0.5662242,131.0,58.0,0.38352758,85.0,63.0,0.5093621,180.0,185.0,0.75981355,160.0,183.0,0.8117506,142.0,213.0,0.8525878,125.0,209.0,0.5569184,155.0,251.0,0.81900823,142.0,250.0,0.7900988
guy3_chair103_flipped.jpg,173.0,110.0,0.577433,175.0,104.0,0.66293293,168.0,104.0,0.6545212,171.0,104.0,0.62063456,155.0,103.0,0.6886493,170.0,118.0,0.5782726,142.0,115.0,0.8293793,196.0,94.0,0.44841093,151.0,91.0,0.3327862,214.0,64.0,0.6928472,168.0,60.0,0.7873043,141.0,180.0,0.6867175,121.0,183.0,0.85622543,176.0,207.0,0.85905516,160.0,212.0,0.779987,156.0,249.0,0.670882,145.0,253.0,0.7394264
guy3_chair104.jpg,126.0,108.0,0.41816047,131.0,103.0,0.49222857,124.0,103.0,0.45972952,144.0,102.0,0.41987866,129.0,102.0,0.30546522,156.0,117.0,0.5382545,131.0,117.0,0.29561934,147.0,84.0,0.30633467,104.0,94.0,0.43715534,132.0,56.0,0.33424264,86.0,62.0,0.3770575,178.0,181.0,0.6617911,156.0,177.0,0.4572603,144.0,208.0,0.5634894,126.0,206.0,0.4184898,156.0,250.0,0.62519073,141.0,249.0,0.64204395
guy3_chair104_flipped.jpg,173.0,108.0,0.6518637,174.0,103.0,0.55105406,168.0,102.0,0.56232893,170.0,102.0,0.6805308,156.0,101.0,0.7889647,170.0,116.0,0.60579705,143.0,112.0,0.8453057,197.0,95.0,0.56317824,153.0,88.0,0.29607406,213.0,62.0,0.5345323,167.0,61.0,0.69733727,140.0,179.0,0.714087,120.0,181.0,0.8870329,176.0,206.0,0.8798948,159.0,210.0,0.82418513,157.0,248.0,0.77252966,145.0,250.0,0.7597199
guy3_chair105.jpg,126.0,106.0,0.62996924,131.0,101.0,0.70014423,125.0,101.0,0.7786859,143.0,99.0,0.58597624,131.0,98.0,0.49581757,158.0,115.0,0.66307724,131.0,115.0,0.6405725,143.0,82.0,0.5197365,104.0,93.0,0.7659701,128.0,56.0,0.63371515,86.0,60.0,0.6972434,180.0,181.0,0.77334076,161.0,178.0,0.680111,143.0,208.0,0.7828058,125.0,205.0,0.6672138,156.0,247.0,0.76491916,142.0,245.0,0.6729846
guy3_chair105_flipped.jpg,173.0,107.0,0.5965303,174.0,101.0,0.7237104,168.0,101.0,0.7992934,169.0,100.0,0.6384212,156.0,99.0,0.7941043,170.0,113.0,0.7359942,141.0,111.0,0.84621346,196.0,94.0,0.62759197,155.0,85.0,0.34146222,212.0,63.0,0.59185636,167.0,58.0,0.7205117,141.0,177.0,0.6256037,119.0,179.0,0.83884424,176.0,204.0,0.72752,158.0,208.0,0.6386499,158.0,247.0,0.6353389,144.0,248.0,0.68138015
guy3_chair106.jpg,126.0,105.0,0.66539264,131.0,99.0,0.62689173,126.0,99.0,0.6485058,144.0,99.0,0.59892404,133.0,97.0,0.6162069,159.0,115.0,0.7401941,132.0,115.0,0.6782937,144.0,82.0,0.5946284,104.0,91.0,0.7852234,127.0,53.0,0.50115865,88.0,61.0,0.53856575,183.0,181.0,0.8343438,164.0,178.0,0.79918766,142.0,206.0,0.73760563,125.0,202.0,0.74994063,156.0,246.0,0.8113654,143.0,244.0,0.76344687
guy3_chair106_flipped.jpg,171.0,106.0,0.6428235,173.0,101.0,0.66991866,167.0,100.0,0.59779656,170.0,100.0,0.47413704,155.0,98.0,0.5637974,168.0,115.0,0.62545466,142.0,110.0,0.54634124,196.0,92.0,0.5106732,153.0,86.0,0.20820978,211.0,59.0,0.4612594,168.0,57.0,0.62093604,139.0,176.0,0.6270547,118.0,179.0,0.8456342,175.0,203.0,0.81564426,160.0,206.0,0.74665886,157.0,245.0,0.64407504,144.0,247.0,0.7773305
guy3_chair107.jpg,126.0,103.0,0.6186298,131.0,98.0,0.6978784,126.0,97.0,0.52738464,144.0,96.0,0.58042914,133.0,95.0,0.7586143,158.0,113.0,0.7977851,131.0,113.0,0.72482026,143.0,82.0,0.6616449,105.0,91.0,0.69897735,127.0,53.0,0.64554965,88.0,60.0,0.49236643,184.0,180.0,0.85548043,165.0,178.0,0.7469088,141.0,204.0,0.70906687,126.0,202.0,0.74824893,156.0,245.0,0.84199333,143.0,244.0,0.64317805
guy3_chair107_flipped.jpg,172.0,105.0,0.78183156,173.0,99.0,0.70726144,167.0,99.0,0.74330753,168.0,98.0,0.5922414,155.0,97.0,0.72808564,168.0,111.0,0.71880543,141.0,109.0,0.72974074,196.0,90.0,0.6671567,155.0,83.0,0.34591433,211.0,59.0,0.54907334,170.0,54.0,0.68469256,138.0,175.0,0.7554896,118.0,176.0,0.68456054,175.0,200.0,0.6970484,160.0,204.0,0.6751377,156.0,243.0,0.7327996,144.0,246.0,0.7390504
guy3_chair108.jpg,127.0,103.0,0.62186426,131.0,97.0,0.71756065,126.0,96.0,0.71533144,143.0,95.0,0.59701705,134.0,95.0,0.6863464,158.0,112.0,0.71386087,133.0,112.0,0.44968998,143.0,81.0,0.60522175,106.0,91.0,0.6742619,128.0,53.0,0.7448424,88.0,57.0,0.5746438,183.0,178.0,0.89547175,165.0,176.0,0.76268345,141.0,202.0,0.74837977,126.0,200.0,0.80178547,158.0,242.0,0.70946074,144.0,241.0,0.8781111
guy3_chair108_flipped.jpg,172.0,103.0,0.68539476,174.0,97.0,0.49736655,167.0,97.0,0.74397343,170.0,96.0,0.45865318,155.0,95.0,0.54833597,168.0,110.0,0.5908625,141.0,106.0,0.5263747,196.0,88.0,0.40528253,157.0,80.0,0.16412473,211.0,57.0,0.40567744,170.0,53.0,0.51067626,139.0,174.0,0.6355854,119.0,176.0,0.82710177,175.0,199.0,0.8021173,160.0,203.0,0.69549704,156.0,242.0,0.66907334,144.0,246.0,0.77374923
guy3_chair109.jpg,127.0,101.0,0.647882,131.0,95.0,0.66156167,126.0,95.0,0.708406,144.0,94.0,0.53465855,134.0,93.0,0.62277067,158.0,109.0,0.7414585,132.0,110.0,0.6203948,143.0,80.0,0.6388948,106.0,90.0,0.67720145,128.0,52.0,0.73852825,87.0,56.0,0.5645237,184.0,176.0,0.91652197,166.0,175.0,0.7375315,143.0,201.0,0.75157,127.0,198.0,0.8371665,158.0,241.0,0.841056,145.0,241.0,0.8419567
guy3_chair109_flipped.jpg,172.0,102.0,0.5191231,172.0,96.0,0.78449494,167.0,95.0,0.6926477,166.0,96.0,0.72776806,155.0,95.0,0.747598,166.0,111.0,0.6951839,140.0,107.0,0.6907329,193.0,90.0,0.62909913,154.0,83.0,0.3022111,210.0,57.0,0.75371134,168.0,53.0,0.8671465,135.0,173.0,0.7875047,117.0,175.0,0.75093627,174.0,197.0,0.7895728,158.0,202.0,0.73480564,156.0,240.0,0.67682046,142.0,245.0,0.61701405
guy3_chair110.jpg,127.0,100.0,0.63253814,132.0,94.0,0.5120714,126.0,93.0,0.48913515,145.0,94.0,0.4656724,133.0,93.0,0.41829172,157.0,109.0,0.5190695,134.0,111.0,0.4476442,144.0,81.0,0.38465047,108.0,88.0,0.47845402,128.0,49.0,0.58100253,89.0,55.0,0.5592121,183.0,175.0,0.8706741,166.0,174.0,0.67537403,143.0,200.0,0.65127206,128.0,198.0,0.6997534,157.0,239.0,0.63408124,146.0,239.0,0.65889835
guy3_chair110_flipped.jpg,171.0,100.0,0.5308472,173.0,95.0,0.36786053,167.0,95.0,0.61678094,169.0,95.0,0.3273789,154.0,93.0,0.44095686,165.0,111.0,0.57754594,142.0,106.0,0.6677109,193.0,90.0,0.25099966,158.0,78.0,0.20094307,210.0,57.0,0.5132586,169.0,52.0,0.52765465,137.0,172.0,0.47541323,119.0,174.0,0.7083508,173.0,198.0,0.6235717,159.0,201.0,0.5117541,155.0,240.0,0.4117509,143.0,243.0,0.7099992
guy3_chair111.jpg,128.0,98.0,0.55914485,132.0,93.0,0.6782788,126.0,93.0,0.40626854,146.0,91.0,0.46688274,131.0,93.0,0.2241621,156.0,107.0,0.5409361,133.0,109.0,0.5264318,145.0,80.0,0.38485855,107.0,87.0,0.42418995,128.0,48.0,0.67557645,91.0,57.0,0.3861534,182.0,172.0,0.7521061,163.0,170.0,0.7164624,145.0,197.0,0.59043086,128.0,196.0,0.6572301,159.0,239.0,0.6338134,146.0,238.0,0.6841555
guy3_chair111_flipped.jpg,170.0,99.0,0.6461531,173.0,94.0,0.51986384,167.0,94.0,0.6425543,168.0,93.0,0.32016423,154.0,91.0,0.42118162,165.0,109.0,0.5899831,142.0,104.0,0.5335356,192.0,88.0,0.39531228,156.0,80.0,0.15030164,209.0,57.0,0.3974996,169.0,49.0,0.63990116,136.0,171.0,0.5175858,118.0,173.0,0.7472018,173.0,197.0,0.71421385,158.0,200.0,0.5060923,154.0,238.0,0.5065095,142.0,241.0,0.6776796
guy3_chair112.jpg,128.0,97.0,0.5447955,133.0,92.0,0.71744835,127.0,92.0,0.5217263,145.0,91.0,0.48124394,133.0,92.0,0.25200188,156.0,107.0,0.44733942,134.0,108.0,0.4508044,147.0,79.0,0.42078295,106.0,86.0,0.3726366,128.0,48.0,0.6756043,90.0,54.0,0.4587039,182.0,172.0,0.7116009,163.0,169.0,0.69081205,144.0,195.0,0.53452295,128.0,194.0,0.6826875,160.0,239.0,0.62074876,148.0,237.0,0.621503
guy3_chair112_flipped.jpg,170.0,99.0,0.52346796,172.0,94.0,0.4648899,165.0,93.0,0.5030799,168.0,93.0,0.276498,154.0,91.0,0.5957086,164.0,108.0,0.5622015,140.0,105.0,0.6252688,190.0,89.0,0.29015175,155.0,77.0,0.28110635,207.0,57.0,0.5639106,169.0,49.0,0.6749934,135.0,169.0,0.45745412,117.0,171.0,0.690294,172.0,194.0,0.771273,157.0,198.0,0.5270894,153.0,237.0,0.5368017,141.0,240.0,0.65595007
guy3_chair113.jpg,127.0,99.0,0.671818,131.0,92.0,0.66713834,125.0,94.0,0.6221738,146.0,91.0,0.5576823,133.0,94.0,0.38272506,159.0,104.0,0.4490055,135.0,107.0,0.5896201,145.0,74.0,0.33619052,108.0,86.0,0.32663003,128.0,47.0,0.4544839,92.0,53.0,0.54795253,185.0,173.0,0.7780077,166.0,169.0,0.7983509,144.0,196.0,0.4296831,129.0,194.0,0.77092445,160.0,238.0,0.7820668,147.0,236.0,0.64596117
guy3_chair113_flipped.jpg,170.0,97.0,0.55077446,172.0,92.0,0.5469479,166.0,91.0,0.573073,167.0,91.0,0.2876041,154.0,88.0,0.5750979,162.0,108.0,0.5739358,141.0,103.0,0.66173244,191.0,85.0,0.4713875,155.0,77.0,0.16769385,207.0,54.0,0.41403297,170.0,48.0,0.57509744,134.0,168.0,0.41897058,116.0,170.0,0.683507,171.0,193.0,0.59643966,157.0,196.0,0.4870431,152.0,236.0,0.40892458,140.0,239.0,0.5710021
guy3_chair114.jpg,130.0,97.0,0.39922562,134.0,91.0,0.61058307,127.0,92.0,0.6004698,146.0,89.0,0.50691164,133.0,92.0,0.28030106,158.0,105.0,0.531888,136.0,105.0,0.39523274,147.0,75.0,0.32549798,109.0,84.0,0.3870004,127.0,45.0,0.45199215,91.0,54.0,0.44896594,184.0,172.0,0.7857403,166.0,170.0,0.5059811,146.0,194.0,0.6872835,130.0,193.0,0.5670459,161.0,236.0,0.6393765,149.0,236.0,0.5369569
guy3_chair114_flipped.jpg,168.0,96.0,0.47201875,170.0,91.0,0.6688482,165.0,90.0,0.62324893,166.0,91.0,0.24371783,153.0,89.0,0.6873969,162.0,106.0,0.57608926,140.0,104.0,0.57730174,190.0,85.0,0.5417234,151.0,81.0,0.15819202,207.0,55.0,0.47028026,169.0,48.0,0.37648898,133.0,167.0,0.40260774,115.0,170.0,0.7326133,169.0,191.0,0.7384957,158.0,194.0,0.46531266,152.0,234.0,0.3995462,140.0,238.0,0.7182851
guy3_chair115.jpg,129.0,98.0,0.5267285,133.0,92.0,0.610272,127.0,93.0,0.5011463,146.0,90.0,0.5266986,134.0,93.0,0.31688002,157.0,102.0,0.54521644,136.0,106.0,0.6104263,149.0,76.0,0.36421964,113.0,86.0,0.4152119,129.0,48.0,0.52622926,93.0,55.0,0.40711817,184.0,170.0,0.8199296,168.0,167.0,0.56273603,145.0,194.0,0.69005674,131.0,193.0,0.7044066,161.0,236.0,0.7038287,146.0,235.0,0.71210456
guy3_chair115_flipped.jpg,168.0,98.0,0.36826715,170.0,92.0,0.5556589,164.0,91.0,0.53702223,166.0,92.0,0.27436048,153.0,89.0,0.68511915,163.0,107.0,0.5421607,139.0,104.0,0.5702549,189.0,85.0,0.45507222,153.0,80.0,0.3420924,206.0,56.0,0.4092583,169.0,49.0,0.43189415,133.0,166.0,0.4045563,115.0,170.0,0.7405148,170.0,191.0,0.7562344,157.0,194.0,0.41623986,151.0,234.0,0.37603208,140.0,237.0,0.6838242
guy3_chair116.jpg,130.0,96.0,0.6103511,134.0,90.0,0.74038494,128.0,91.0,0.45025048,149.0,89.0,0.67857426,137.0,91.0,0.35101414,160.0,103.0,0.60754514,137.0,105.0,0.5047296,148.0,73.0,0.49243486,112.0,85.0,0.40241665,129.0,46.0,0.5088663,95.0,54.0,0.30871585,188.0,171.0,0.8047243,170.0,169.0,0.7722034,145.0,194.0,0.62233484,131.0,192.0,0.63395774,162.0,237.0,0.7792353,149.0,234.0,0.77211744
guy3_chair116_flipped.jpg,168.0,97.0,0.55125237,170.0,91.0,0.54748774,165.0,90.0,0.71139884,166.0,91.0,0.37994573,152.0,88.0,0.55512345,162.0,106.0,0.51798046,139.0,103.0,0.6205913,189.0,84.0,0.511013,153.0,78.0,0.22407423,206.0,53.0,0.454342,167.0,50.0,0.531806,131.0,167.0,0.42348975,113.0,170.0,0.7048054,168.0,190.0,0.79059505,157.0,193.0,0.45228937,150.0,234.0,0.3900553,138.0,236.0,0.6712746
guy3_chair117.jpg,130.0,96.0,0.6227248,135.0,90.0,0.70184314,129.0,91.0,0.5012781,149.0,89.0,0.6807684,138.0,91.0,0.46328643,160.0,101.0,0.59948856,138.0,104.0,0.55582976,149.0,73.0,0.40598065,113.0,86.0,0.34357437,129.0,45.0,0.4479328,96.0,55.0,0.31913126,190.0,170.0,0.86651516,172.0,169.0,0.80188155,145.0,193.0,0.69313836,132.0,192.0,0.7314142,163.0,236.0,0.84315056,150.0,232.0,0.79818016
guy3_chair117_flipped.jpg,167.0,96.0,0.39508474,169.0,90.0,0.6160015,163.0,89.0,0.43591172,165.0,90.0,0.3252246,151.0,87.0,0.5993495,161.0,106.0,0.53703725,138.0,101.0,0.6334854,188.0,82.0,0.45767006,152.0,76.0,0.3241665,205.0,53.0,0.39011994,168.0,47.0,0.48657438,131.0,166.0,0.46850437,113.0,168.0,0.69418824,169.0,190.0,0.7576412,157.0,192.0,0.4682001,148.0,233.0,0.4126112,137.0,235.0,0.6059458
guy3_chair118.jpg,131.0,96.0,0.5679211,136.0,90.0,0.57469916,130.0,91.0,0.49681333,150.0,90.0,0.46892384,138.0,92.0,0.36323503,160.0,101.0,0.4821395,138.0,104.0,0.49084473,149.0,72.0,0.36242887,115.0,85.0,0.29009357,129.0,45.0,0.41783345,98.0,52.0,0.44700512,189.0,169.0,0.7697805,172.0,166.0,0.7296797,147.0,192.0,0.53193176,134.0,190.0,0.7065903,165.0,235.0,0.76055706,151.0,233.0,0.7329785
guy3_chair118_flipped.jpg,166.0,95.0,0.47367063,168.0,90.0,0.48411554,162.0,89.0,0.51122123,164.0,90.0,0.2988734,150.0,87.0,0.6694574,159.0,105.0,0.59332633,137.0,100.0,0.66731715,185.0,84.0,0.37675637,152.0,76.0,0.28474972,203.0,51.0,0.31139496,167.0,47.0,0.48278502,130.0,165.0,0.44701323,111.0,168.0,0.70091784,166.0,189.0,0.6952564,155.0,192.0,0.43556574,147.0,232.0,0.47531095,135.0,235.0,0.5342734
guy3_chair119.jpg,132.0,95.0,0.53174746,137.0,90.0,0.6599469,130.0,90.0,0.38357002,150.0,89.0,0.57058245,139.0,91.0,0.31692663,162.0,101.0,0.5719624,140.0,104.0,0.4828268,151.0,74.0,0.27051285,116.0,84.0,0.39092165,131.0,46.0,0.29924357,98.0,53.0,0.4084571,191.0,169.0,0.83672285,174.0,166.0,0.7840597,148.0,191.0,0.49425456,134.0,190.0,0.60339206,165.0,235.0,0.75827247,152.0,231.0,0.7472366
guy3_chair119_flipped.jpg,165.0,94.0,0.515342,167.0,89.0,0.5643556,162.0,88.0,0.70408756,164.0,90.0,0.24106881,150.0,87.0,0.42617747,158.0,104.0,0.58107555,138.0,101.0,0.5894952,186.0,82.0,0.49636748,151.0,76.0,0.3133219,201.0,53.0,0.4862877,167.0,46.0,0.47370842,128.0,164.0,0.4312035,111.0,167.0,0.7446786,166.0,189.0,0.7611669,154.0,192.0,0.41704515,147.0,230.0,0.3863688,136.0,234.0,0.6953112
guy3_chair120.jpg,133.0,96.0,0.53754103,137.0,90.0,0.5819057,132.0,91.0,0.5028963,149.0,88.0,0.490277,140.0,91.0,0.49397346,163.0,101.0,0.5145805,141.0,104.0,0.49845612,150.0,73.0,0.43576834,117.0,86.0,0.4164772,131.0,48.0,0.34512138,100.0,54.0,0.36146522,192.0,169.0,0.8768702,174.0,166.0,0.82427585,147.0,191.0,0.5794935,134.0,189.0,0.7800753,165.0,234.0,0.82412976,151.0,230.0,0.6311876
guy3_chair120_flipped.jpg,164.0,96.0,0.41675454,165.0,90.0,0.58741134,160.0,90.0,0.5396387,161.0,90.0,0.32429576,150.0,88.0,0.5694051,157.0,105.0,0.58678734,136.0,101.0,0.6528425,182.0,85.0,0.43566468,151.0,77.0,0.32115003,199.0,55.0,0.3967179,167.0,46.0,0.45992061,127.0,165.0,0.54393387,110.0,168.0,0.75601065,165.0,188.0,0.7354146,153.0,191.0,0.42664716,145.0,230.0,0.46928737,134.0,234.0,0.64929986
guy3_chair121.jpg,135.0,96.0,0.5185238,139.0,91.0,0.63716376,133.0,92.0,0.5207194,152.0,89.0,0.54623175,141.0,92.0,0.27695265,163.0,102.0,0.5283189,142.0,104.0,0.44264418,154.0,76.0,0.26910508,119.0,86.0,0.36124167,133.0,48.0,0.4324321,102.0,54.0,0.3710374,193.0,168.0,0.8267634,175.0,164.0,0.7383386,150.0,190.0,0.5475208,136.0,188.0,0.6735121,167.0,234.0,0.69782925,154.0,230.0,0.7613781
guy3_chair121_flipped.jpg,163.0,96.0,0.48480535,165.0,90.0,0.60549283,159.0,90.0,0.50305665,161.0,91.0,0.31368545,148.0,88.0,0.5450752,156.0,106.0,0.5442996,134.0,101.0,0.58399296,180.0,86.0,0.40312937,150.0,77.0,0.39832282,198.0,55.0,0.3499437,167.0,46.0,0.51909226,127.0,164.0,0.43698522,110.0,167.0,0.74852055,164.0,188.0,0.72665596,152.0,191.0,0.4699215,145.0,230.0,0.39676642,134.0,234.0,0.6597501
guy3_chair122.jpg,136.0,96.0,0.5141493,139.0,90.0,0.7362951,135.0,91.0,0.6891259,151.0,89.0,0.6954317,144.0,91.0,0.6665633,163.0,100.0,0.7154998,144.0,103.0,0.56434697,151.0,73.0,0.4890346,121.0,85.0,0.55536956,133.0,48.0,0.55068576,102.0,54.0,0.56547487,194.0,170.0,0.8674708,179.0,168.0,0.7100896,151.0,191.0,0.65863836,137.0,190.0,0.86897415,168.0,231.0,0.6963849,155.0,230.0,0.8666635
guy3_chair122_flipped.jpg,162.0,96.0,0.5566466,164.0,91.0,0.4939443,159.0,90.0,0.71900964,160.0,91.0,0.35244122,147.0,89.0,0.5383649,155.0,106.0,0.5380781,134.0,101.0,0.65236926,180.0,85.0,0.35795498,149.0,74.0,0.49169734,197.0,55.0,0.51146007,165.0,49.0,0.6470106,125.0,165.0,0.5119971,108.0,168.0,0.7738443,162.0,188.0,0.79495215,151.0,191.0,0.49488768,143.0,230.0,0.5830122,132.0,234.0,0.5308018
guy3_chair123.jpg,136.0,97.0,0.4225464,140.0,92.0,0.54673034,134.0,93.0,0.6038927,154.0,90.0,0.6174133,142.0,93.0,0.3205554,164.0,103.0,0.66387117,144.0,104.0,0.5128993,152.0,76.0,0.2708334,123.0,88.0,0.43666285,133.0,49.0,0.5045903,103.0,56.0,0.45000783,194.0,169.0,0.83534795,178.0,166.0,0.7798408,151.0,190.0,0.67044014,138.0,190.0,0.554876,168.0,232.0,0.56457996,155.0,231.0,0.7425646
guy3_chair123_flipped.jpg,161.0,96.0,0.4179677,163.0,90.0,0.5905665,157.0,89.0,0.68474174,159.0,91.0,0.28621462,147.0,88.0,0.55494,154.0,106.0,0.56560415,132.0,101.0,0.71777225,178.0,87.0,0.3818347,150.0,75.0,0.3754748,196.0,56.0,0.4021377,165.0,47.0,0.55808604,124.0,166.0,0.5807062,108.0,167.0,0.7168695,161.0,187.0,0.81341094,151.0,190.0,0.4254524,143.0,230.0,0.44952968,132.0,233.0,0.6255778
guy3_chair124.jpg,138.0,98.0,0.51937544,141.0,93.0,0.46303824,136.0,94.0,0.64344496,153.0,90.0,0.5931546,142.0,93.0,0.23936452,165.0,102.0,0.61268944,144.0,104.0,0.43042147,152.0,74.0,0.40591994,126.0,90.0,0.42844784,135.0,50.0,0.498974,104.0,56.0,0.4611592,196.0,168.0,0.78998244,179.0,167.0,0.6425142,152.0,190.0,0.504862,139.0,189.0,0.74874717,170.0,233.0,0.6447377,157.0,232.0,0.8286515
guy3_chair124_flipped.jpg,162.0,98.0,0.3813912,163.0,92.0,0.5760477,158.0,91.0,0.6178814,159.0,91.0,0.36273092,148.0,89.0,0.62740046,154.0,106.0,0.44109893,132.0,101.0,0.6514263,178.0,85.0,0.55090606,149.0,77.0,0.27543563,195.0,57.0,0.47428098,164.0,50.0,0.63571703,122.0,165.0,0.5206896,106.0,168.0,0.73181736,161.0,188.0,0.76819867,149.0,191.0,0.5148027,142.0,231.0,0.50367475,130.0,235.0,0.5514283
guy3_chair125.jpg,138.0,98.0,0.4883323,141.0,92.0,0.67765784,135.0,93.0,0.50456786,154.0,90.0,0.6406001,144.0,93.0,0.26950747,165.0,102.0,0.6225408,145.0,105.0,0.63314354,151.0,75.0,0.3090618,124.0,88.0,0.3735817,135.0,50.0,0.42690372,104.0,58.0,0.53177655,195.0,169.0,0.7544143,178.0,166.0,0.7577777,153.0,190.0,0.60741174,140.0,188.0,0.7179791,169.0,232.0,0.53245366,157.0,232.0,0.789682
guy3_chair125_flipped.jpg,160.0,97.0,0.5727502,162.0,92.0,0.59663117,157.0,91.0,0.49565682,158.0,92.0,0.3954399,146.0,89.0,0.60788935,153.0,107.0,0.5023453,132.0,102.0,0.5967002,174.0,89.0,0.41969505,148.0,78.0,0.28627312,194.0,58.0,0.39934573,163.0,51.0,0.52654064,121.0,165.0,0.55492413,105.0,168.0,0.70298314,159.0,187.0,0.7962056,149.0,191.0,0.43392202,140.0,231.0,0.4735894,130.0,235.0,0.6704572
guy3_chair126.jpg,138.0,97.0,0.65122765,142.0,91.0,0.6471175,137.0,92.0,0.6160972,154.0,91.0,0.5698607,144.0,93.0,0.39267874,166.0,102.0,0.55410415,146.0,105.0,0.6739776,153.0,76.0,0.32557076,125.0,87.0,0.4432801,136.0,52.0,0.34530342,104.0,57.0,0.49366575,198.0,170.0,0.70912194,180.0,168.0,0.70941997,153.0,189.0,0.733868,140.0,188.0,0.75722414,170.0,231.0,0.66468847,158.0,230.0,0.774292
guy3_chair126_flipped.jpg,159.0,96.0,0.57772404,161.0,91.0,0.56687903,156.0,90.0,0.5942066,158.0,91.0,0.32511982,144.0,89.0,0.46673194,152.0,106.0,0.43412977,132.0,103.0,0.60838115,176.0,86.0,0.42614153,148.0,78.0,0.3810619,194.0,59.0,0.43013003,162.0,53.0,0.38133627,122.0,165.0,0.39196765,105.0,168.0,0.73412764,158.0,188.0,0.8085148,148.0,191.0,0.46451578,139.0,231.0,0.39708987,129.0,234.0,0.7469506
guy3_chair127.jpg,139.0,97.0,0.6660418,144.0,92.0,0.66254514,138.0,92.0,0.70824367,157.0,91.0,0.66896814,147.0,93.0,0.47305092,166.0,103.0,0.7170759,147.0,105.0,0.4818977,154.0,76.0,0.4070483,127.0,88.0,0.55323184,136.0,52.0,0.3671479,106.0,58.0,0.5789082,199.0,169.0,0.82024103,182.0,169.0,0.7296816,153.0,190.0,0.76789093,140.0,189.0,0.7663109,171.0,232.0,0.6945558,159.0,230.0,0.8507917
guy3_chair127_flipped.jpg,158.0,97.0,0.58205754,160.0,92.0,0.66985303,155.0,91.0,0.44832128,156.0,91.0,0.3288116,143.0,90.0,0.50608087,150.0,107.0,0.4578545,130.0,103.0,0.65411687,175.0,87.0,0.46585113,146.0,78.0,0.39408442,193.0,60.0,0.47446117,161.0,53.0,0.41399068,120.0,166.0,0.46735087,104.0,169.0,0.7218378,157.0,188.0,0.7504389,147.0,191.0,0.4532091,138.0,231.0,0.45977387,127.0,235.0,0.70344985
guy3_chair128.jpg,140.0,98.0,0.6683489,143.0,93.0,0.6043464,139.0,93.0,0.60270166,156.0,90.0,0.6821329,147.0,91.0,0.43098065,168.0,104.0,0.680604,148.0,106.0,0.71888894,153.0,76.0,0.40671307,125.0,86.0,0.56093776,137.0,55.0,0.29214576,107.0,57.0,0.5110711,200.0,172.0,0.870373,184.0,171.0,0.76786953,155.0,191.0,0.7572321,141.0,191.0,0.69952285,172.0,231.0,0.80314267,159.0,230.0,0.89418495
guy3_chair128_flipped.jpg,158.0,99.0,0.57464266,160.0,94.0,0.65657365,155.0,93.0,0.51304257,155.0,93.0,0.29843655,144.0,90.0,0.5053712,150.0,107.0,0.466491,130.0,104.0,0.63249063,174.0,85.0,0.5238153,146.0,78.0,0.38559428,192.0,59.0,0.51684326,159.0,55.0,0.40000182,119.0,166.0,0.47744656,104.0,169.0,0.73062825,157.0,188.0,0.75139236,146.0,191.0,0.39672878,138.0,231.0,0.42804372,128.0,234.0,0.70399207
guy3_chair129.jpg,141.0,98.0,0.6375185,145.0,93.0,0.71379244,140.0,93.0,0.6987708,157.0,92.0,0.6485506,150.0,92.0,0.50931793,168.0,104.0,0.72730976,149.0,106.0,0.49195415,155.0,77.0,0.43212038,128.0,88.0,0.54233634,137.0,54.0,0.2718021,110.0,59.0,0.5997098,200.0,171.0,0.8965091,184.0,171.0,0.7882624,154.0,191.0,0.73026717,143.0,191.0,0.72801626,172.0,231.0,0.80671185,160.0,230.0,0.8421225
guy3_chair129_flipped.jpg,158.0,99.0,0.5708451,160.0,94.0,0.63395226,155.0,93.0,0.5582776,156.0,94.0,0.3902136,145.0,92.0,0.5624655,150.0,108.0,0.53689075,130.0,105.0,0.6461538,175.0,88.0,0.39926955,147.0,79.0,0.39252952,191.0,62.0,0.38529977,161.0,54.0,0.5412941,119.0,167.0,0.5429745,104.0,170.0,0.71162915,157.0,189.0,0.7742555,147.0,192.0,0.46144265,138.0,232.0,0.4073031,128.0,234.0,0.71884763
guy3_chair130.jpg,141.0,99.0,0.6490602,145.0,93.0,0.70411336,141.0,94.0,0.7222304,159.0,93.0,0.71990263,152.0,93.0,0.39573655,169.0,105.0,0.79272354,150.0,108.0,0.5916493,154.0,79.0,0.551035,131.0,91.0,0.4826762,135.0,52.0,0.68360555,113.0,64.0,0.57004595,201.0,171.0,0.88215923,184.0,171.0,0.73373014,155.0,191.0,0.7526636,143.0,191.0,0.8025955,173.0,232.0,0.7792045,161.0,232.0,0.82866096
guy3_chair130_flipped.jpg,156.0,99.0,0.5377105,158.0,95.0,0.50109303,154.0,94.0,0.6549686,154.0,95.0,0.35607594,142.0,92.0,0.5774993,148.0,110.0,0.620041,129.0,106.0,0.6071943,172.0,86.0,0.4161884,146.0,82.0,0.32981667,187.0,65.0,0.35881242,163.0,53.0,0.6118991,119.0,168.0,0.4801538,103.0,171.0,0.7601813,156.0,190.0,0.84529394,146.0,193.0,0.4283147,136.0,232.0,0.4421684,127.0,235.0,0.70094854
guy3_chair131.jpg,142.0,99.0,0.6491703,146.0,94.0,0.7139338,141.0,94.0,0.7519423,158.0,93.0,0.65505266,151.0,93.0,0.5246062,170.0,105.0,0.6817513,150.0,108.0,0.49940652,155.0,78.0,0.5674254,129.0,90.0,0.55016804,136.0,54.0,0.56107247,113.0,63.0,0.38496283,201.0,173.0,0.53387755,184.0,172.0,0.76262015,154.0,192.0,0.6534093,144.0,191.0,0.77241844,173.0,232.0,0.7143687,162.0,231.0,0.754671
guy3_chair131_flipped.jpg,157.0,101.0,0.44188097,158.0,95.0,0.65796614,154.0,95.0,0.6083964,153.0,94.0,0.3031323,144.0,92.0,0.51061106,148.0,109.0,0.4560632,129.0,104.0,0.70551604,171.0,87.0,0.48031333,145.0,82.0,0.301314,189.0,64.0,0.32574368,163.0,54.0,0.37959653,117.0,169.0,0.4710869,102.0,171.0,0.73862153,155.0,191.0,0.79634327,145.0,193.0,0.43927547,135.0,232.0,0.39141873,127.0,235.0,0.68126786
guy3_chair132.jpg,142.0,102.0,0.5606566,146.0,97.0,0.67140496,141.0,97.0,0.5255829,158.0,95.0,0.76278627,151.0,97.0,0.5540495,170.0,107.0,0.71356684,150.0,110.0,0.6305944,154.0,79.0,0.60818917,129.0,92.0,0.4495355,136.0,55.0,0.54936624,111.0,63.0,0.4007593,201.0,175.0,0.62490547,185.0,174.0,0.81944096,155.0,194.0,0.65714973,144.0,193.0,0.71102464,173.0,233.0,0.7249416,162.0,232.0,0.8550762
guy3_chair132_flipped.jpg,156.0,103.0,0.57355714,157.0,98.0,0.44760683,153.0,97.0,0.49920836,153.0,97.0,0.3932573,143.0,95.0,0.62316465,147.0,111.0,0.5597526,128.0,107.0,0.6994569,171.0,88.0,0.4206733,144.0,82.0,0.36530825,188.0,64.0,0.3839,162.0,56.0,0.38936612,116.0,171.0,0.47121805,102.0,173.0,0.74719954,156.0,191.0,0.8421309,145.0,194.0,0.3554236,136.0,234.0,0.37940896,126.0,236.0,0.636037
guy3_chair133.jpg,142.0,104.0,0.6023654,146.0,98.0,0.573501,141.0,99.0,0.4745058,159.0,96.0,0.7453041,151.0,98.0,0.56089437,171.0,108.0,0.6757344,151.0,110.0,0.651863,155.0,79.0,0.5742474,130.0,92.0,0.46236736,138.0,56.0,0.5370446,115.0,66.0,0.49993604,203.0,175.0,0.910322,188.0,176.0,0.7777122,156.0,195.0,0.68470055,145.0,195.0,0.71567667,174.0,234.0,0.7082751,163.0,234.0,0.8800584
guy3_chair133_flipped.jpg,156.0,103.0,0.5135732,157.0,98.0,0.6821197,153.0,97.0,0.6478083,152.0,97.0,0.37948585,143.0,95.0,0.5255883,146.0,111.0,0.53255093,128.0,108.0,0.7247718,169.0,90.0,0.43878266,144.0,85.0,0.31800812,186.0,66.0,0.3836199,160.0,57.0,0.571,115.0,172.0,0.49819252,101.0,174.0,0.754922,154.0,192.0,0.5768835,144.0,194.0,0.32329455,135.0,234.0,0.4733182,126.0,237.0,0.60359037
guy3_chair134.jpg,142.0,104.0,0.5664704,146.0,98.0,0.55563796,141.0,99.0,0.6107135,158.0,96.0,0.61665463,151.0,98.0,0.57471114,171.0,108.0,0.6674049,152.0,110.0,0.6129738,155.0,81.0,0.55139863,130.0,93.0,0.67740214,138.0,59.0,0.6257973,113.0,66.0,0.54936576,203.0,176.0,0.81779623,188.0,176.0,0.73969316,156.0,195.0,0.7049537,145.0,195.0,0.86461246,174.0,233.0,0.81224036,163.0,233.0,0.90024555
guy3_chair134_flipped.jpg,156.0,103.0,0.52834994,157.0,98.0,0.72657824,153.0,97.0,0.6942568,151.0,96.0,0.30985382,142.0,95.0,0.39156607,147.0,111.0,0.51498055,128.0,107.0,0.73588836,170.0,93.0,0.33688885,144.0,85.0,0.39362666,186.0,66.0,0.39641976,160.0,58.0,0.49252975,114.0,172.0,0.57566726,101.0,174.0,0.7792077,155.0,193.0,0.7470268,146.0,194.0,0.4076255,134.0,235.0,0.534444,125.0,237.0,0.57824695
guy3_chair135.jpg,142.0,106.0,0.59330463,146.0,100.0,0.6223395,142.0,101.0,0.5282109,159.0,98.0,0.7189554,152.0,99.0,0.53303,171.0,109.0,0.6064099,152.0,111.0,0.61935174,156.0,82.0,0.44606066,131.0,96.0,0.5004039,138.0,59.0,0.5689149,115.0,67.0,0.4423963,203.0,176.0,0.73904204,188.0,176.0,0.7771728,157.0,197.0,0.6547549,145.0,196.0,0.75488865,175.0,235.0,0.776231,163.0,235.0,0.88474184
guy3_chair135_flipped.jpg,155.0,105.0,0.51948524,156.0,100.0,0.622692,152.0,100.0,0.69236183,151.0,98.0,0.33467734,141.0,96.0,0.43533546,146.0,112.0,0.42918968,127.0,108.0,0.74711907,167.0,96.0,0.28573835,143.0,86.0,0.36038104,185.0,68.0,0.4934149,160.0,60.0,0.4097396,114.0,172.0,0.52849007,100.0,174.0,0.7635894,154.0,194.0,0.6705773,144.0,196.0,0.409202,134.0,235.0,0.473,125.0,238.0,0.6277821
guy3_chair136.jpg,143.0,105.0,0.6443968,147.0,100.0,0.6448338,143.0,100.0,0.6443988,161.0,98.0,0.7007704,153.0,98.0,0.43793833,171.0,109.0,0.73564315,153.0,112.0,0.6217477,154.0,82.0,0.38402924,132.0,93.0,0.39547506,138.0,57.0,0.4541294,117.0,67.0,0.5674963,203.0,175.0,0.8849109,187.0,175.0,0.71144843,156.0,196.0,0.6710223,146.0,195.0,0.65840983,175.0,236.0,0.751294,164.0,236.0,0.74666023
guy3_chair136_flipped.jpg,155.0,105.0,0.46149623,156.0,100.0,0.5711343,152.0,99.0,0.66997373,151.0,99.0,0.41814205,141.0,96.0,0.3961177,147.0,112.0,0.4946177,126.0,108.0,0.74731636,168.0,93.0,0.46298692,144.0,86.0,0.28663707,185.0,68.0,0.3871735,162.0,58.0,0.5920743,114.0,173.0,0.59644246,100.0,175.0,0.7794019,154.0,195.0,0.65153646,145.0,196.0,0.45297495,133.0,237.0,0.5375155,124.0,240.0,0.6274237
guy3_chair137.jpg,144.0,105.0,0.5930996,148.0,100.0,0.71965516,143.0,100.0,0.51826435,161.0,98.0,0.74020696,153.0,100.0,0.47501728,172.0,110.0,0.7508851,153.0,112.0,0.5273694,155.0,83.0,0.4395732,131.0,93.0,0.38726574,137.0,59.0,0.4210344,116.0,64.0,0.39225274,203.0,175.0,0.75981176,186.0,173.0,0.7496697,157.0,196.0,0.6667001,145.0,195.0,0.7424674,176.0,238.0,0.6617204,164.0,237.0,0.85826135
guy3_chair137_flipped.jpg,154.0,104.0,0.44626135,155.0,100.0,0.58506286,152.0,99.0,0.68363774,151.0,99.0,0.43732858,141.0,96.0,0.36196184,145.0,113.0,0.5652352,126.0,108.0,0.7493288,166.0,94.0,0.42356816,144.0,87.0,0.3519815,183.0,69.0,0.4077271,159.0,59.0,0.56308025,114.0,173.0,0.48007587,100.0,175.0,0.7474102,152.0,195.0,0.78094053,143.0,197.0,0.44313592,134.0,237.0,0.44093874,124.0,240.0,0.7121779
guy3_chair138.jpg,144.0,104.0,0.6015333,148.0,99.0,0.7552573,144.0,99.0,0.6177014,160.0,97.0,0.72930944,154.0,99.0,0.55083144,172.0,109.0,0.74410844,153.0,111.0,0.546872,155.0,82.0,0.3848192,133.0,93.0,0.3537583,138.0,58.0,0.38056597,117.0,67.0,0.41365877,203.0,174.0,0.8323856,187.0,173.0,0.7036377,158.0,198.0,0.6976797,146.0,196.0,0.7543758,177.0,240.0,0.77079153,165.0,239.0,0.84959066
guy3_chair138_flipped.jpg,154.0,103.0,0.46987563,154.0,98.0,0.60213,151.0,97.0,0.66375864,149.0,97.0,0.32643515,141.0,95.0,0.3563753,145.0,113.0,0.5087254,126.0,107.0,0.68539137,166.0,93.0,0.45258158,145.0,84.0,0.53298116,184.0,67.0,0.4127419,159.0,59.0,0.4094665,113.0,173.0,0.5438982,100.0,175.0,0.7780856,153.0,195.0,0.634225,143.0,198.0,0.43493527,134.0,238.0,0.53869224,123.0,241.0,0.6849945
guy3_chair139.jpg,145.0,103.0,0.64300597,149.0,97.0,0.7525583,145.0,97.0,0.71019864,161.0,95.0,0.5122708,156.0,96.0,0.5868064,173.0,106.0,0.68495923,154.0,109.0,0.5274904,156.0,81.0,0.48803097,135.0,95.0,0.40874532,138.0,56.0,0.452927,117.0,66.0,0.49541512,203.0,174.0,0.61799467,186.0,173.0,0.7922105,158.0,198.0,0.7788171,146.0,196.0,0.81592864,176.0,240.0,0.6806162,164.0,238.0,0.7215312
guy3_chair139_flipped.jpg,152.0,98.0,0.55334604,154.0,94.0,0.53997695,150.0,93.0,0.5881639,150.0,93.0,0.4203406,139.0,90.0,0.53171796,145.0,111.0,0.41425458,125.0,107.0,0.6795247,167.0,92.0,0.48098397,143.0,83.0,0.32950282,182.0,68.0,0.44455704,159.0,58.0,0.45717722,115.0,172.0,0.44972917,100.0,175.0,0.5750797,153.0,196.0,0.7709339,142.0,199.0,0.3743283,133.0,240.0,0.46086526,122.0,243.0,0.62970686
guy3_chair140.jpg,147.0,101.0,0.5672867,150.0,95.0,0.66984713,145.0,96.0,0.6028409,162.0,93.0,0.7106974,153.0,95.0,0.48765337,174.0,104.0,0.62044674,153.0,107.0,0.5887091,159.0,79.0,0.5928236,134.0,91.0,0.45601055,141.0,57.0,0.49650154,118.0,63.0,0.40314293,202.0,173.0,0.7421483,185.0,172.0,0.7267035,159.0,200.0,0.67953914,147.0,198.0,0.8461338,177.0,243.0,0.7651392,166.0,240.0,0.7203593
guy3_chair140_flipped.jpg,151.0,99.0,0.49449584,151.0,95.0,0.5387662,148.0,94.0,0.63775414,146.0,94.0,0.45639023,138.0,92.0,0.6336465,143.0,110.0,0.6309918,124.0,105.0,0.68571246,166.0,90.0,0.5428617,144.0,82.0,0.4513249,182.0,65.0,0.31693318,157.0,57.0,0.6528027,115.0,172.0,0.52513015,100.0,174.0,0.76901126,154.0,198.0,0.62546754,142.0,201.0,0.52521706,132.0,242.0,0.4806926,122.0,245.0,0.72399
guy3_chair141.jpg,150.0,97.0,0.40444395,153.0,92.0,0.6153033,148.0,93.0,0.6685742,165.0,90.0,0.6574614,155.0,93.0,0.48963538,174.0,102.0,0.75665456,154.0,105.0,0.51571465,160.0,77.0,0.50472057,135.0,90.0,0.49654022,141.0,55.0,0.46044713,119.0,64.0,0.51543903,200.0,173.0,0.7934937,183.0,171.0,0.76255256,157.0,201.0,0.72190005,147.0,199.0,0.7266401,176.0,243.0,0.7390671,166.0,241.0,0.63749444
guy3_chair141_flipped.jpg,149.0,97.0,0.5149534,151.0,92.0,0.65288514,146.0,91.0,0.69116646,146.0,91.0,0.34757727,136.0,89.0,0.6161388,142.0,108.0,0.43208885,123.0,105.0,0.5873712,164.0,91.0,0.37426618,143.0,81.0,0.3551129,181.0,66.0,0.4642288,157.0,55.0,0.57064193,117.0,172.0,0.5533022,101.0,173.0,0.7322437,154.0,200.0,0.79792094,142.0,202.0,0.40875354,134.0,243.0,0.5240985,123.0,246.0,0.5797058
guy3_chair142.jpg,151.0,95.0,0.4502891,154.0,90.0,0.5202905,149.0,90.0,0.48193607,165.0,88.0,0.43255755,155.0,90.0,0.4533666,176.0,101.0,0.6834675,155.0,103.0,0.5236693,160.0,77.0,0.5220217,135.0,89.0,0.45466998,142.0,53.0,0.6281341,121.0,61.0,0.46321046,199.0,172.0,0.81659967,182.0,171.0,0.75863755,157.0,202.0,0.72818315,146.0,200.0,0.65703565,176.0,245.0,0.7853475,167.0,243.0,0.8417388
guy3_chair142_flipped.jpg,147.0,95.0,0.51577926,148.0,90.0,0.6848649,144.0,89.0,0.48418075,142.0,89.0,0.3422734,133.0,88.0,0.6246535,141.0,105.0,0.5638807,122.0,102.0,0.7263588,163.0,88.0,0.38672248,142.0,79.0,0.25983506,179.0,62.0,0.37727258,157.0,53.0,0.7211696,117.0,171.0,0.46999803,102.0,172.0,0.72910595,155.0,200.0,0.8299256,143.0,202.0,0.34201592,133.0,243.0,0.60975385,123.0,246.0,0.69480383
guy3_chair143.jpg,154.0,89.0,0.5145141,159.0,85.0,0.4739883,153.0,85.0,0.5001341,170.0,86.0,0.5739558,158.0,88.0,0.5706003,177.0,99.0,0.7090148,155.0,101.0,0.6584779,160.0,76.0,0.472331,137.0,88.0,0.546432,143.0,53.0,0.44368768,121.0,62.0,0.4526438,198.0,171.0,0.8407452,181.0,171.0,0.77678084,156.0,204.0,0.7144604,145.0,201.0,0.8432723,176.0,245.0,0.7355267,167.0,244.0,0.7979023
guy3_chair143_flipped.jpg,146.0,92.0,0.3640355,146.0,87.0,0.53269637,143.0,86.0,0.504949,141.0,86.0,0.36942443,133.0,84.0,0.59574187,140.0,102.0,0.52836466,121.0,99.0,0.6915957,162.0,86.0,0.41012883,144.0,74.0,0.46628186,178.0,60.0,0.49680892,156.0,51.0,0.71623373,118.0,170.0,0.5099359,103.0,171.0,0.77651006,156.0,201.0,0.79869026,145.0,204.0,0.5820073,132.0,245.0,0.56762576,122.0,248.0,0.7875289
guy3_chair144.jpg,154.0,86.0,0.4929627,158.0,81.0,0.48375267,153.0,80.0,0.58124256,172.0,83.0,0.6931244,161.0,83.0,0.51413953,179.0,97.0,0.7272484,158.0,99.0,0.6039141,160.0,74.0,0.46487072,140.0,84.0,0.4917211,145.0,51.0,0.52444756,124.0,57.0,0.35590538,196.0,172.0,0.86332387,179.0,171.0,0.8137647,154.0,205.0,0.7773688,145.0,202.0,0.8463716,175.0,246.0,0.6595,168.0,245.0,0.6455716
guy3_chair144_flipped.jpg,145.0,92.0,0.4814495,146.0,87.0,0.42920342,143.0,87.0,0.45284727,141.0,87.0,0.34491295,133.0,86.0,0.6550179,138.0,103.0,0.3348386,121.0,100.0,0.5476784,160.0,84.0,0.49557698,141.0,75.0,0.20371518,176.0,58.0,0.36810857,154.0,50.0,0.66330695,119.0,169.0,0.6151941,105.0,170.0,0.71974874,154.0,202.0,0.7437179,145.0,205.0,0.50092083,131.0,245.0,0.4773613,123.0,248.0,0.75639725
guy3_chair145.jpg,154.0,86.0,0.3929971,159.0,81.0,0.41282195,155.0,80.0,0.5831947,173.0,82.0,0.5867574,166.0,81.0,0.65493083,180.0,97.0,0.7682121,160.0,100.0,0.72507465,160.0,73.0,0.4280379,143.0,84.0,0.52364695,147.0,49.0,0.722088,127.0,59.0,0.31407607,194.0,171.0,0.88838494,177.0,170.0,0.8593592,154.0,207.0,0.7982081,145.0,203.0,0.63482416,176.0,248.0,0.82537323,168.0,245.0,0.85689646
guy3_chair145_flipped.jpg,143.0,87.0,0.5110973,144.0,83.0,0.42567855,140.0,83.0,0.4432176,138.0,83.0,0.338697,130.0,83.0,0.5945045,137.0,101.0,0.5937283,119.0,98.0,0.67673016,161.0,80.0,0.45356902,137.0,73.0,0.27964815,173.0,56.0,0.392322,152.0,48.0,0.7111541,120.0,168.0,0.6135027,107.0,169.0,0.7048484,155.0,204.0,0.7475617,145.0,207.0,0.6550215,131.0,246.0,0.5737668,123.0,249.0,0.7389957
guy3_chair146.jpg,155.0,83.0,0.50928223,160.0,78.0,0.4174968,155.0,78.0,0.5213897,174.0,80.0,0.7076198,166.0,80.0,0.5430817,180.0,95.0,0.7314549,161.0,99.0,0.67373717,161.0,72.0,0.36713284,141.0,81.0,0.6692533,149.0,47.0,0.6664841,128.0,59.0,0.25650036,192.0,170.0,0.82790864,176.0,170.0,0.72562677,153.0,207.0,0.70597243,144.0,204.0,0.91659355,176.0,249.0,0.6759145,167.0,246.0,0.7177156
guy3_chair146_flipped.jpg,141.0,85.0,0.5485507,141.0,81.0,0.49167162,138.0,80.0,0.55912876,136.0,81.0,0.2656787,127.0,81.0,0.603833,135.0,100.0,0.5761279,118.0,97.0,0.6875397,157.0,79.0,0.42101762,137.0,70.0,0.3635314,174.0,51.0,0.45596266,152.0,45.0,0.7428107,122.0,166.0,0.46139762,108.0,167.0,0.6708934,156.0,205.0,0.65078825,146.0,207.0,0.5866493,132.0,248.0,0.48260397,124.0,250.0,0.5562453
guy3_chair147.jpg,158.0,81.0,0.4519036,162.0,76.0,0.5067019,156.0,76.0,0.57168764,176.0,78.0,0.4793354,163.0,78.0,0.32010475,179.0,94.0,0.648867,162.0,95.0,0.3380061,163.0,69.0,0.12599932,144.0,81.0,0.3359333,151.0,42.0,0.6173399,129.0,54.0,0.27580956,187.0,167.0,0.7504276,174.0,167.0,0.75519973,157.0,207.0,0.58284175,144.0,206.0,0.7248192,176.0,250.0,0.7191936,166.0,247.0,0.28635868
guy3_chair147_flipped.jpg,140.0,82.0,0.42388567,140.0,77.0,0.571296,138.0,76.0,0.6020932,136.0,77.0,0.36778295,127.0,76.0,0.5918081,136.0,97.0,0.46181062,119.0,91.0,0.6225923,156.0,76.0,0.3772464,135.0,69.0,0.36793616,173.0,46.0,0.400497,150.0,40.0,0.684802,127.0,166.0,0.45430812,111.0,167.0,0.4080569,155.0,206.0,0.6305976,144.0,208.0,0.46498168,131.0,248.0,0.4161075,124.0,250.0,0.6152935
guy3_chair148.jpg,157.0,81.0,0.43004325,162.0,76.0,0.54945946,156.0,76.0,0.5180669,175.0,78.0,0.48468152,163.0,78.0,0.3305625,180.0,93.0,0.5966618,162.0,96.0,0.42426354,164.0,64.0,0.22296691,142.0,76.0,0.422431,152.0,39.0,0.80871356,128.0,47.0,0.39897087,187.0,164.0,0.5226532,172.0,166.0,0.6383743,157.0,209.0,0.57777107,144.0,207.0,0.63184005,177.0,251.0,0.68329704,166.0,247.0,0.4536309
guy3_chair148_flipped.jpg,142.0,83.0,0.40440136,141.0,79.0,0.5019733,139.0,78.0,0.6542641,135.0,80.0,0.22726017,129.0,77.0,0.59289753,134.0,97.0,0.4675798,118.0,92.0,0.6098907,154.0,76.0,0.24799635,134.0,66.0,0.53525114,168.0,45.0,0.3637044,146.0,40.0,0.63627046,127.0,166.0,0.41868827,111.0,168.0,0.58917487,155.0,207.0,0.7192161,144.0,209.0,0.51310265,131.0,249.0,0.45130682,123.0,251.0,0.62124395
guy3_chair149.jpg,157.0,78.0,0.5031558,161.0,74.0,0.5423143,156.0,74.0,0.44721407,174.0,75.0,0.5739801,162.0,75.0,0.27721357,180.0,92.0,0.64180535,162.0,93.0,0.44004935,166.0,63.0,0.39175385,143.0,72.0,0.30114478,155.0,36.0,0.6661184,129.0,45.0,0.3807764,186.0,164.0,0.78832746,171.0,165.0,0.73522675,156.0,210.0,0.55257905,144.0,208.0,0.63681203,175.0,252.0,0.6393027,166.0,250.0,0.46506384
guy3_chair149_flipped.jpg,140.0,78.0,0.51213896,140.0,75.0,0.4059844,136.0,74.0,0.5358571,134.0,75.0,0.2669765,128.0,74.0,0.43516237,135.0,94.0,0.5585104,118.0,90.0,0.6300545,155.0,72.0,0.3695948,133.0,64.0,0.4492108,168.0,41.0,0.55602574,145.0,37.0,0.6095952,129.0,166.0,0.6169385,113.0,167.0,0.6901023,155.0,208.0,0.7201361,144.0,209.0,0.47454894,132.0,251.0,0.50225246,123.0,253.0,0.5388577
guy3_chair150.jpg,158.0,77.0,0.5712595,162.0,73.0,0.53125286,157.0,72.0,0.5153689,174.0,75.0,0.5358494,164.0,75.0,0.29146805,180.0,91.0,0.6886,162.0,92.0,0.4386716,168.0,63.0,0.20137407,143.0,71.0,0.50335264,156.0,35.0,0.585125,130.0,40.0,0.5667274,184.0,165.0,0.8224538,170.0,166.0,0.785897,155.0,210.0,0.62891537,143.0,209.0,0.621597,175.0,253.0,0.7642366,165.0,250.0,0.6117295
guy3_chair150_flipped.jpg,140.0,77.0,0.40642273,140.0,73.0,0.43437648,137.0,72.0,0.54646003,134.0,72.0,0.34282252,126.0,72.0,0.51717794,135.0,91.0,0.46723494,118.0,89.0,0.69096094,154.0,72.0,0.35799968,132.0,62.0,0.32514903,165.0,41.0,0.6556717,141.0,35.0,0.53324246,130.0,166.0,0.6205658,115.0,167.0,0.70968795,155.0,208.0,0.7315639,144.0,209.0,0.4673078,132.0,252.0,0.49380234,123.0,254.0,0.5228205
guy3_chair151.jpg,157.0,79.0,0.466287,160.0,75.0,0.4855105,156.0,75.0,0.5757561,172.0,76.0,0.4015949,164.0,76.0,0.33232832,180.0,91.0,0.693794,162.0,92.0,0.48940876,168.0,60.0,0.48492724,145.0,69.0,0.40519837,159.0,32.0,0.4791955,134.0,38.0,0.48380843,183.0,164.0,0.80437696,169.0,165.0,0.7439778,156.0,210.0,0.5197866,144.0,210.0,0.81231415,174.0,253.0,0.65173876,165.0,250.0,0.6438597
guy3_chair151_flipped.jpg,140.0,81.0,0.39731506,140.0,76.0,0.5240774,137.0,76.0,0.4728974,135.0,75.0,0.25833914,127.0,74.0,0.41299084,133.0,91.0,0.46740714,118.0,89.0,0.6571928,153.0,70.0,0.23681839,131.0,59.0,0.28495252,164.0,39.0,0.64097345,139.0,30.0,0.48200297,132.0,165.0,0.56525064,116.0,166.0,0.60644686,154.0,208.0,0.74742585,144.0,210.0,0.3668644,131.0,253.0,0.449638,123.0,255.0,0.56081736
guy3_chair152.jpg,156.0,79.0,0.52579397,160.0,75.0,0.52443016,156.0,74.0,0.5347948,172.0,75.0,0.46911967,164.0,75.0,0.32130814,181.0,90.0,0.6636069,163.0,91.0,0.54532576,170.0,59.0,0.5263108,146.0,68.0,0.4688482,160.0,30.0,0.55326736,136.0,38.0,0.6466236,182.0,164.0,0.784207,168.0,165.0,0.7520159,156.0,211.0,0.557737,143.0,211.0,0.8122489,175.0,254.0,0.71634877,164.0,253.0,0.45136374
guy3_chair152_flipped.jpg,140.0,82.0,0.449572,140.0,78.0,0.5108249,137.0,77.0,0.53662574,134.0,77.0,0.33125287,127.0,76.0,0.53309846,132.0,92.0,0.4964434,118.0,90.0,0.6377897,152.0,68.0,0.4185483,130.0,58.0,0.32930848,162.0,40.0,0.58573896,137.0,29.0,0.5189393,132.0,164.0,0.5764051,117.0,165.0,0.5960213,154.0,209.0,0.7589472,143.0,211.0,0.46580788,132.0,253.0,0.45860258,123.0,256.0,0.6164706
guy3_chair153.jpg,157.0,75.0,0.4571578,161.0,71.0,0.5697762,157.0,71.0,0.5926245,173.0,74.0,0.417567,164.0,74.0,0.2634485,181.0,90.0,0.51885647,162.0,91.0,0.55345535,171.0,57.0,0.5169054,148.0,69.0,0.3625931,163.0,28.0,0.28721163,139.0,36.0,0.4523288,181.0,162.0,0.6623662,167.0,163.0,0.73875225,156.0,212.0,0.5732835,143.0,212.0,0.68867415,175.0,255.0,0.6580448,165.0,255.0,0.68095624
guy3_chair153_flipped.jpg,140.0,79.0,0.4250238,139.0,74.0,0.4608158,136.0,74.0,0.5396557,134.0,75.0,0.22051646,126.0,75.0,0.4405108,133.0,92.0,0.43675193,118.0,89.0,0.667732,150.0,68.0,0.32191786,128.0,58.0,0.40010875,160.0,36.0,0.5575917,136.0,26.0,0.40213844,134.0,163.0,0.58319616,117.0,165.0,0.6129341,154.0,210.0,0.65282595,143.0,211.0,0.51076293,131.0,255.0,0.44789,123.0,257.0,0.5651323
