guy3_cobra025.jpg,222.0,136.0,0.56347644,224.0,131.0,0.3456111,218.0,131.0,0.4799911,218.0,125.0,0.22093108,202.0,126.0,0.32229266,204.0,122.0,0.31629387,179.0,131.0,0.35252768,202.0,138.0,0.37108305,140.0,128.0,0.31667522,204.0,149.0,0.38414794,153.0,160.0,0.5694974,154.0,118.0,0.49400306,139.0,123.0,0.3997304,123.0,104.0,0.33990353,107.0,115.0,0.5006077,100.0,94.0,0.48221526,84.0,99.0,0.44693333
guy3_cobra025_flipped.jpg,78.0,136.0,0.6498752,82.0,131.0,0.74500215,76.0,131.0,0.6028719,98.0,124.0,0.8148658,83.0,124.0,0.3757008,120.0,128.0,0.41011265,93.0,122.0,0.5808115,161.0,124.0,0.6286924,97.0,120.0,0.24656108,147.0,159.0,0.49691954,92.0,144.0,0.43061373,160.0,122.0,0.72387075,144.0,114.0,0.46189606,187.0,115.0,0.478799,171.0,106.0,0.62334216,216.0,98.0,0.5224352,191.0,93.0,0.46932214
guy3_cobra026.jpg,220.0,136.0,0.69426364,222.0,130.0,0.34193072,216.0,129.0,0.48116297,215.0,124.0,0.2649531,199.0,125.0,0.4110966,201.0,124.0,0.40104666,177.0,130.0,0.3222784,198.0,138.0,0.370214,138.0,127.0,0.40727374,204.0,150.0,0.45967463,150.0,161.0,0.5533384,150.0,116.0,0.5842612,136.0,123.0,0.43831992,126.0,106.0,0.48417014,107.0,115.0,0.4294841,100.0,95.0,0.592895,86.0,100.0,0.41875654
guy3_cobra026_flipped.jpg,80.0,136.0,0.7815693,85.0,130.0,0.64915675,78.0,130.0,0.5829694,100.0,123.0,0.7214644,85.0,123.0,0.4120353,125.0,127.0,0.52151847,95.0,122.0,0.5676405,165.0,126.0,0.4856087,100.0,124.0,0.21905495,150.0,159.0,0.7077682,95.0,147.0,0.46707276,163.0,121.0,0.67698944,148.0,112.0,0.6300558,187.0,116.0,0.713234,171.0,107.0,0.7175828,215.0,99.0,0.8280964,195.0,92.0,0.57927656
guy3_cobra027.jpg,215.0,134.0,0.7327826,218.0,128.0,0.41000643,211.0,128.0,0.659933,213.0,123.0,0.1959377,195.0,124.0,0.407121,199.0,126.0,0.25533012,171.0,128.0,0.33912617,196.0,139.0,0.30455503,136.0,125.0,0.3247754,201.0,150.0,0.37689438,147.0,161.0,0.6292623,148.0,119.0,0.508965,133.0,125.0,0.4232158,126.0,105.0,0.49559727,106.0,116.0,0.41999808,103.0,96.0,0.50083005,85.0,99.0,0.49475884
guy3_cobra027_flipped.jpg,83.0,135.0,0.54337865,88.0,128.0,0.57301784,81.0,129.0,0.58203423,103.0,122.0,0.6041834,86.0,123.0,0.18810908,127.0,126.0,0.48662934,99.0,121.0,0.4978623,164.0,124.0,0.47399703,102.0,129.0,0.17278497,151.0,160.0,0.70488095,96.0,149.0,0.5555289,164.0,120.0,0.64875424,149.0,112.0,0.55710566,190.0,114.0,0.6248914,172.0,106.0,0.43306148,215.0,98.0,0.745913,197.0,92.0,0.4206125
guy3_cobra028.jpg,211.0,133.0,0.6113572,215.0,126.0,0.2667753,208.0,126.0,0.5238333,211.0,122.0,0.16208196,193.0,121.0,0.42557353,197.0,124.0,0.34452108,170.0,126.0,0.28112784,194.0,137.0,0.31568453,133.0,126.0,0.5487274,201.0,148.0,0.4478839,146.0,159.0,0.65146756,147.0,120.0,0.46711668,131.0,125.0,0.43450424,128.0,109.0,0.47669083,107.0,116.0,0.3670144,105.0,96.0,0.36792365,85.0,99.0,0.64147675
guy3_cobra028_flipped.jpg,87.0,133.0,0.7352036,92.0,126.0,0.68247485,84.0,127.0,0.667765,107.0,120.0,0.7582964,88.0,121.0,0.33702078,129.0,123.0,0.4537325,100.0,121.0,0.41717353,167.0,125.0,0.56967366,103.0,130.0,0.25354373,154.0,159.0,0.6566161,98.0,148.0,0.5957302,163.0,122.0,0.72913265,148.0,115.0,0.47052443,185.0,117.0,0.45174792,172.0,107.0,0.5600028,213.0,99.0,0.8492157,192.0,93.0,0.37056255
guy3_cobra029.jpg,208.0,132.0,0.68154895,212.0,126.0,0.6180182,204.0,126.0,0.6406449,210.0,120.0,0.12247866,188.0,120.0,0.41635546,198.0,125.0,0.28546646,165.0,124.0,0.29195008,193.0,138.0,0.2501899,133.0,126.0,0.4475086,199.0,150.0,0.508747,144.0,161.0,0.6811015,149.0,120.0,0.44905832,133.0,124.0,0.34899396,127.0,106.0,0.50732064,108.0,116.0,0.42814443,106.0,96.0,0.54896504,88.0,98.0,0.4021414
guy3_cobra029_flipped.jpg,89.0,132.0,0.7077414,95.0,125.0,0.6512753,86.0,125.0,0.6407312,110.0,118.0,0.7275554,91.0,119.0,0.3082266,132.0,122.0,0.47683197,102.0,119.0,0.45050973,169.0,125.0,0.6256157,104.0,126.0,0.18371609,156.0,160.0,0.79100716,98.0,147.0,0.6165236,164.0,122.0,0.72063935,149.0,113.0,0.59325814,189.0,114.0,0.64238155,171.0,107.0,0.45411545,214.0,97.0,0.88098377,193.0,93.0,0.3286962
guy3_cobra030.jpg,206.0,130.0,0.51390755,210.0,123.0,0.55533373,201.0,124.0,0.54707813,208.0,119.0,0.15307914,186.0,119.0,0.3869173,196.0,127.0,0.28313392,163.0,123.0,0.27829754,192.0,137.0,0.38742816,132.0,127.0,0.52009237,199.0,152.0,0.43034926,142.0,162.0,0.67098707,148.0,120.0,0.4618546,133.0,123.0,0.31566978,127.0,105.0,0.4740191,107.0,113.0,0.2581284,106.0,95.0,0.4686824,88.0,98.0,0.5172668
guy3_cobra030_flipped.jpg,92.0,130.0,0.5111413,98.0,124.0,0.7844955,89.0,124.0,0.47285184,112.0,118.0,0.641377,92.0,120.0,0.19223925,136.0,125.0,0.23237215,103.0,122.0,0.18626684,168.0,125.0,0.32171106,106.0,133.0,0.23734054,158.0,160.0,0.54746574,100.0,149.0,0.47975874,164.0,121.0,0.55512536,149.0,113.0,0.48382995,188.0,114.0,0.55620646,172.0,106.0,0.5127722,212.0,98.0,0.6213645,190.0,94.0,0.19333893
guy3_cobra031.jpg,204.0,129.0,0.55668855,207.0,123.0,0.29130626,199.0,123.0,0.56454706,205.0,118.0,0.13684838,183.0,119.0,0.43471196,194.0,128.0,0.3274042,160.0,124.0,0.26261967,192.0,137.0,0.3289693,129.0,127.0,0.4761311,198.0,150.0,0.56010824,141.0,163.0,0.59314275,146.0,123.0,0.40252367,130.0,125.0,0.37601045,129.0,107.0,0.42021483,107.0,115.0,0.32914087,103.0,96.0,0.36262068,90.0,97.0,0.46390158
guy3_cobra031_flipped.jpg,96.0,129.0,0.43604234,101.0,122.0,0.56912565,93.0,123.0,0.56565404,116.0,117.0,0.48380744,96.0,119.0,0.29970762,138.0,124.0,0.27308407,105.0,122.0,0.31271186,170.0,127.0,0.47831115,109.0,134.0,0.42605156,159.0,160.0,0.7286977,102.0,151.0,0.5482141,165.0,122.0,0.5957613,150.0,114.0,0.40691972,185.0,119.0,0.3833227,172.0,107.0,0.43001285,209.0,96.0,0.6126641,193.0,92.0,0.5849163
guy3_cobra032.jpg,200.0,128.0,0.57967865,204.0,122.0,0.5535703,195.0,122.0,0.56687725,204.0,117.0,0.24217683,180.0,117.0,0.3045699,194.0,126.0,0.32953855,159.0,124.0,0.29242194,190.0,135.0,0.37202787,128.0,127.0,0.42309967,195.0,150.0,0.70049644,139.0,162.0,0.65685105,148.0,119.0,0.45756304,132.0,123.0,0.4017153,127.0,105.0,0.5806583,107.0,114.0,0.3925301,104.0,95.0,0.4492028,90.0,98.0,0.47793028
guy3_cobra032_flipped.jpg,99.0,129.0,0.7215198,104.0,122.0,0.5442333,95.0,122.0,0.6529549,119.0,117.0,0.69602966,98.0,118.0,0.3903637,142.0,125.0,0.34617662,107.0,122.0,0.20059663,173.0,127.0,0.5324998,110.0,134.0,0.4025568,161.0,163.0,0.80668205,103.0,151.0,0.61472476,168.0,123.0,0.77148956,150.0,117.0,0.5154548,189.0,116.0,0.3981057,173.0,106.0,0.60138154,210.0,98.0,0.56871396,192.0,93.0,0.4509792
guy3_cobra033.jpg,198.0,127.0,0.5967759,201.0,121.0,0.5851096,192.0,121.0,0.6857496,201.0,117.0,0.20375362,177.0,118.0,0.24897125,191.0,127.0,0.31655288,155.0,124.0,0.33617124,188.0,137.0,0.4601377,127.0,129.0,0.63925743,195.0,153.0,0.46637803,137.0,163.0,0.5968261,147.0,121.0,0.4492584,131.0,124.0,0.33600846,129.0,106.0,0.5599216,107.0,114.0,0.42140064,108.0,96.0,0.3560415,90.0,99.0,0.51389474
guy3_cobra033_flipped.jpg,101.0,127.0,0.67444336,107.0,120.0,0.80306005,97.0,120.0,0.65523976,122.0,116.0,0.62094223,99.0,118.0,0.26952565,146.0,124.0,0.21786378,108.0,122.0,0.1549924,174.0,129.0,0.41942763,112.0,134.0,0.33695984,163.0,163.0,0.2699075,104.0,152.0,0.5320394,163.0,123.0,0.4249557,147.0,117.0,0.4108149,189.0,117.0,0.4131047,173.0,106.0,0.5397702,209.0,100.0,0.566623,188.0,94.0,0.5949576
guy3_cobra034.jpg,194.0,126.0,0.6948956,198.0,120.0,0.5445235,188.0,121.0,0.58915275,199.0,115.0,0.18410853,173.0,116.0,0.416391,190.0,124.0,0.25467014,154.0,124.0,0.2863648,186.0,134.0,0.49598998,125.0,130.0,0.5440208,193.0,154.0,0.5426172,135.0,165.0,0.6457716,148.0,125.0,0.45027056,130.0,127.0,0.30891532,130.0,110.0,0.46374118,109.0,117.0,0.35947335,112.0,98.0,0.41776657,93.0,100.0,0.7612075
guy3_cobra034_flipped.jpg,105.0,126.0,0.70614666,111.0,120.0,0.75628054,102.0,120.0,0.64686465,126.0,116.0,0.5832058,103.0,117.0,0.24745943,150.0,124.0,0.17765275,108.0,123.0,0.15946159,176.0,130.0,0.35268375,114.0,135.0,0.34333646,165.0,164.0,0.53203964,106.0,155.0,0.39560488,167.0,124.0,0.44988737,150.0,119.0,0.3221155,189.0,119.0,0.25582626,172.0,108.0,0.3106616,208.0,101.0,0.66915756,185.0,98.0,0.27819425
guy3_cobra035.jpg,191.0,125.0,0.5822981,195.0,119.0,0.5155176,185.0,120.0,0.5452103,195.0,114.0,0.16177575,170.0,116.0,0.36587337,186.0,123.0,0.37428582,151.0,124.0,0.25702497,185.0,133.0,0.34990388,124.0,130.0,0.52452797,192.0,155.0,0.47955436,134.0,165.0,0.6968713,144.0,126.0,0.45773178,127.0,127.0,0.31269017,129.0,109.0,0.46755865,107.0,115.0,0.32050788,110.0,96.0,0.41993013,93.0,100.0,0.52465
guy3_cobra035_flipped.jpg,109.0,125.0,0.5398004,114.0,118.0,0.74569666,106.0,119.0,0.6530323,129.0,114.0,0.57553935,106.0,117.0,0.29124504,150.0,125.0,0.20299125,113.0,130.0,0.2874271,177.0,128.0,0.57961047,116.0,139.0,0.33604652,168.0,161.0,0.28590208,109.0,156.0,0.19864883,169.0,127.0,0.16996837,155.0,123.0,0.15836273,183.0,126.0,0.44554627,175.0,106.0,0.34873295,207.0,96.0,0.39904207,196.0,94.0,0.26298165
guy3_cobra036.jpg,187.0,125.0,0.6563498,191.0,119.0,0.65043116,181.0,119.0,0.673614,191.0,113.0,0.22926049,167.0,115.0,0.38875178,184.0,124.0,0.43803254,148.0,123.0,0.3935111,181.0,134.0,0.3673398,122.0,131.0,0.6142797,189.0,157.0,0.5536864,131.0,165.0,0.67979926,146.0,133.0,0.4954724,128.0,133.0,0.32814044,129.0,110.0,0.20754704,109.0,117.0,0.34732115,112.0,98.0,0.48622957,95.0,100.0,0.56102866
guy3_cobra037.jpg,184.0,124.0,0.55040085,188.0,118.0,0.4050936,178.0,118.0,0.50681627,188.0,112.0,0.21014205,164.0,115.0,0.5549593,182.0,123.0,0.51059127,145.0,123.0,0.3275837,179.0,133.0,0.3313532,120.0,133.0,0.6167369,188.0,157.0,0.4780521,129.0,167.0,0.7255574,143.0,134.0,0.42558897,126.0,133.0,0.3442224,129.0,110.0,0.41482025,109.0,116.0,0.27720207,112.0,98.0,0.47085726,97.0,100.0,0.3244076
guy3_cobra037_flipped.jpg,117.0,124.0,0.6120162,122.0,118.0,0.6385621,113.0,118.0,0.43131408,137.0,114.0,0.6318421,112.0,116.0,0.26164836,157.0,127.0,0.18330261,115.0,123.0,0.16643915,181.0,133.0,0.25739107,122.0,135.0,0.33583587,172.0,167.0,0.35523042,111.0,157.0,0.5144602,172.0,136.0,0.26013887,155.0,130.0,0.31853354,190.0,121.0,0.36955258,173.0,111.0,0.39972785,204.0,100.0,0.46230757,187.0,99.0,0.49952462
guy3_cobra038.jpg,180.0,124.0,0.71188045,184.0,117.0,0.37292838,174.0,119.0,0.75688666,185.0,112.0,0.32096207,160.0,116.0,0.43886065,181.0,122.0,0.5539535,144.0,125.0,0.31238365,179.0,136.0,0.24101682,120.0,134.0,0.5063611,187.0,159.0,0.29950535,126.0,167.0,0.6309791,144.0,136.0,0.4784662,127.0,135.0,0.29590774,131.0,115.0,0.51630473,110.0,120.0,0.2291612,114.0,100.0,0.30613154,96.0,102.0,0.44323182
guy3_cobra038_flipped.jpg,119.0,124.0,0.60891926,125.0,118.0,0.8195829,116.0,118.0,0.6570252,139.0,113.0,0.52915525,117.0,114.0,0.42571998,161.0,125.0,0.29120457,115.0,121.0,0.31641617,182.0,132.0,0.47787517,123.0,135.0,0.55489504,174.0,166.0,0.7733395,113.0,158.0,0.8832796,170.0,139.0,0.32248124,154.0,134.0,0.34177724,187.0,127.0,0.5046358,170.0,113.0,0.42174765,203.0,102.0,0.57407796,185.0,100.0,0.24088535
guy3_cobra039.jpg,176.0,123.0,0.43193528,181.0,117.0,0.69902027,170.0,118.0,0.66841567,183.0,112.0,0.37794673,156.0,115.0,0.42757332,179.0,121.0,0.527506,141.0,124.0,0.3730929,176.0,137.0,0.38714617,118.0,134.0,0.52972543,184.0,161.0,0.45953777,124.0,168.0,0.58783334,143.0,140.0,0.47628522,126.0,139.0,0.28349748,130.0,114.0,0.53385705,108.0,119.0,0.31470174,113.0,99.0,0.4317113,98.0,101.0,0.47835883
guy3_cobra039_flipped.jpg,123.0,124.0,0.5417023,129.0,117.0,0.6050991,119.0,117.0,0.6122315,142.0,114.0,0.5867523,117.0,115.0,0.27180785,162.0,125.0,0.299612,118.0,122.0,0.24739785,183.0,133.0,0.5087878,125.0,138.0,0.33552566,176.0,166.0,0.35320127,115.0,160.0,0.6760316,169.0,139.0,0.26264518,152.0,138.0,0.30169064,187.0,126.0,0.26292735,169.0,115.0,0.29505453,204.0,102.0,0.6282742,184.0,101.0,0.30387348
guy3_cobra040.jpg,174.0,123.0,0.71125054,178.0,117.0,0.44740933,168.0,118.0,0.5615059,181.0,112.0,0.34439638,154.0,116.0,0.4213268,178.0,120.0,0.64797974,139.0,124.0,0.34311238,175.0,136.0,0.46656957,116.0,135.0,0.48069704,183.0,161.0,0.38262296,123.0,169.0,0.64844203,143.0,140.0,0.48220655,126.0,141.0,0.27802873,131.0,114.0,0.48552895,112.0,121.0,0.16563663,114.0,100.0,0.35525438,99.0,102.0,0.50601935
guy3_cobra040_flipped.jpg,126.0,123.0,0.63538337,133.0,117.0,0.7237616,122.0,117.0,0.58672696,146.0,114.0,0.52369225,120.0,114.0,0.29082868,166.0,123.0,0.3048192,119.0,120.0,0.34229285,186.0,134.0,0.5455841,126.0,137.0,0.35081276,177.0,169.0,0.56577325,117.0,160.0,0.6142436,170.0,147.0,0.47928214,152.0,143.0,0.40231067,187.0,127.0,0.17790958,168.0,116.0,0.35293207,202.0,103.0,0.64764977,185.0,100.0,0.33755806
guy3_cobra041.jpg,171.0,122.0,0.61447346,175.0,116.0,0.596339,165.0,118.0,0.70421374,178.0,111.0,0.28238168,152.0,116.0,0.4529581,176.0,119.0,0.582958,135.0,124.0,0.2757269,174.0,137.0,0.5114545,116.0,136.0,0.59145445,182.0,162.0,0.4371647,122.0,171.0,0.65032923,144.0,144.0,0.46052763,127.0,146.0,0.31174907,130.0,113.0,0.43887147,112.0,123.0,0.20706485,118.0,102.0,0.41087136,100.0,103.0,0.5588387
guy3_cobra041_flipped.jpg,129.0,123.0,0.7095722,135.0,117.0,0.6431689,125.0,116.0,0.715811,148.0,114.0,0.65534174,124.0,114.0,0.6435351,169.0,122.0,0.50780964,121.0,120.0,0.5085232,186.0,137.0,0.7924217,127.0,138.0,0.5003067,179.0,170.0,0.6715934,118.0,162.0,0.9222278,172.0,148.0,0.66079974,154.0,144.0,0.4456636,186.0,128.0,0.21102138,169.0,114.0,0.60226035,201.0,103.0,0.7753988,183.0,100.0,0.5799595
guy3_cobra042.jpg,167.0,122.0,0.57578945,172.0,116.0,0.4246107,161.0,118.0,0.57307863,175.0,112.0,0.42228302,149.0,115.0,0.4180194,174.0,118.0,0.5599301,131.0,123.0,0.31560224,172.0,137.0,0.42916393,114.0,137.0,0.6405012,180.0,161.0,0.41723683,119.0,171.0,0.79279566,146.0,147.0,0.5530386,125.0,145.0,0.33458254,130.0,116.0,0.3729159,112.0,122.0,0.18628365,121.0,101.0,0.32089886,100.0,104.0,0.4341177
guy3_cobra042_flipped.jpg,133.0,124.0,0.618835,139.0,118.0,0.77267265,129.0,118.0,0.63621414,152.0,115.0,0.576558,127.0,114.0,0.65463626,171.0,123.0,0.63162196,123.0,119.0,0.59120095,187.0,137.0,0.7660984,129.0,136.0,0.5825486,181.0,169.0,0.56120217,121.0,162.0,0.77326083,173.0,150.0,0.6011483,155.0,147.0,0.49280554,186.0,129.0,0.23749726,169.0,119.0,0.38254437,200.0,104.0,0.70096254,180.0,103.0,0.46234444
guy3_cobra043.jpg,165.0,123.0,0.5216743,169.0,117.0,0.5800411,159.0,118.0,0.4480132,173.0,113.0,0.45110103,146.0,116.0,0.35815227,172.0,119.0,0.5477321,130.0,125.0,0.22867419,171.0,138.0,0.4299287,113.0,140.0,0.67668843,179.0,164.0,0.4676219,118.0,172.0,0.5368181,143.0,145.0,0.47653255,123.0,145.0,0.39217278,131.0,113.0,0.27997208,112.0,122.0,0.20023914,119.0,102.0,0.24393386,101.0,104.0,0.3881809
guy3_cobra043_flipped.jpg,136.0,124.0,0.6791775,142.0,118.0,0.7768984,131.0,117.0,0.74895656,154.0,114.0,0.52417445,128.0,114.0,0.4784324,172.0,124.0,0.46330303,125.0,120.0,0.44397092,187.0,140.0,0.6962366,131.0,138.0,0.47469187,182.0,171.0,0.54481304,121.0,165.0,0.7436622,175.0,149.0,0.5201336,156.0,147.0,0.4004094,183.0,124.0,0.22866645,170.0,115.0,0.4729319,197.0,104.0,0.5467847,182.0,100.0,0.5304662
guy3_cobra044.jpg,161.0,124.0,0.60386854,166.0,118.0,0.45624444,155.0,119.0,0.62601674,171.0,114.0,0.4392747,144.0,116.0,0.3784293,170.0,121.0,0.55536234,127.0,126.0,0.34444225,170.0,141.0,0.4465574,112.0,141.0,0.59057295,178.0,166.0,0.47815028,117.0,172.0,0.63791245,142.0,146.0,0.50034875,122.0,146.0,0.33424428,135.0,114.0,0.12783931,114.0,122.0,0.27494866,122.0,104.0,0.16837044,102.0,106.0,0.45706168
guy3_cobra044_flipped.jpg,138.0,124.0,0.7003639,144.0,118.0,0.6022732,133.0,117.0,0.49210405,156.0,113.0,0.47647348,130.0,113.0,0.47523707,174.0,124.0,0.5207651,127.0,120.0,0.6993973,188.0,142.0,0.70299137,133.0,139.0,0.6087086,183.0,172.0,0.5972879,123.0,165.0,0.43674424,176.0,150.0,0.36149567,156.0,147.0,0.3806843,184.0,122.0,0.25467038,170.0,115.0,0.418339,196.0,105.0,0.6530603,179.0,102.0,0.494326
guy3_cobra045.jpg,159.0,123.0,0.50127053,164.0,118.0,0.46374553,154.0,119.0,0.6520947,168.0,114.0,0.39305797,141.0,115.0,0.40863076,170.0,121.0,0.722952,123.0,125.0,0.36956707,169.0,142.0,0.54500175,112.0,142.0,0.7043483,177.0,168.0,0.58688664,116.0,173.0,0.6047721,143.0,148.0,0.54641354,123.0,148.0,0.39530277,130.0,116.0,0.16901064,117.0,121.0,0.3081311,124.0,105.0,0.1478418,105.0,107.0,0.33054826
guy3_cobra045_flipped.jpg,140.0,124.0,0.5061717,146.0,118.0,0.7582748,136.0,118.0,0.6520988,158.0,113.0,0.44512475,133.0,114.0,0.48971984,176.0,125.0,0.5658064,129.0,121.0,0.54361147,189.0,142.0,0.6851752,132.0,141.0,0.5412295,185.0,173.0,0.74988425,123.0,168.0,0.621817,177.0,151.0,0.5554098,158.0,150.0,0.4574034,183.0,121.0,0.341096,170.0,116.0,0.24824744,195.0,106.0,0.5764878,179.0,103.0,0.33573574
guy3_cobra046.jpg,157.0,124.0,0.6505513,162.0,118.0,0.40853992,151.0,119.0,0.6239165,165.0,114.0,0.3672072,140.0,116.0,0.4316763,169.0,122.0,0.6957143,121.0,127.0,0.5397005,167.0,142.0,0.59369504,111.0,144.0,0.64610344,176.0,168.0,0.49434382,115.0,174.0,0.6363857,143.0,151.0,0.5166464,122.0,151.0,0.35583842,135.0,115.0,0.1459838,116.0,124.0,0.23443304,125.0,104.0,0.20462604,107.0,107.0,0.47147486
guy3_cobra046_flipped.jpg,143.0,126.0,0.72762465,148.0,119.0,0.7533212,138.0,119.0,0.71850073,160.0,116.0,0.45674273,135.0,114.0,0.5192816,179.0,125.0,0.7385864,130.0,122.0,0.5778372,189.0,144.0,0.75317204,133.0,141.0,0.87757367,186.0,173.0,0.755517,124.0,168.0,0.7433624,176.0,154.0,0.62662184,154.0,152.0,0.50051,183.0,122.0,0.67143023,168.0,117.0,0.24865942,195.0,108.0,0.7120857,176.0,106.0,0.3685679
guy3_cobra047.jpg,156.0,125.0,0.6554481,160.0,119.0,0.61509,150.0,120.0,0.6281812,164.0,114.0,0.3605742,139.0,116.0,0.30266222,167.0,122.0,0.60458523,121.0,127.0,0.45836005,168.0,142.0,0.5408978,111.0,144.0,0.70119244,175.0,170.0,0.5718093,115.0,176.0,0.5907519,144.0,151.0,0.52299976,122.0,152.0,0.3233241,133.0,116.0,0.11393683,119.0,122.0,0.25909305,125.0,107.0,0.18425429,109.0,107.0,0.42893824
guy3_cobra047_flipped.jpg,145.0,126.0,0.7396871,151.0,120.0,0.6734094,140.0,120.0,0.6341709,163.0,116.0,0.5176295,137.0,115.0,0.44330898,180.0,125.0,0.5518096,131.0,123.0,0.8151658,190.0,145.0,0.84519887,132.0,142.0,0.8545186,186.0,176.0,0.79935586,126.0,169.0,0.90287215,177.0,153.0,0.54269123,153.0,152.0,0.38162586,184.0,122.0,0.55478424,165.0,116.0,0.2808239,191.0,108.0,0.6695076,172.0,109.0,0.27252036
guy3_cobra048_flipped.jpg,147.0,128.0,0.69306886,152.0,121.0,0.69712186,142.0,121.0,0.5120482,164.0,118.0,0.63101435,139.0,118.0,0.5925056,181.0,127.0,0.7271643,132.0,125.0,0.80212176,191.0,146.0,0.72748387,132.0,143.0,0.81792575,187.0,175.0,0.6317948,126.0,171.0,0.88278025,177.0,157.0,0.73099136,155.0,156.0,0.64596045,185.0,129.0,0.3851105,169.0,120.0,0.2841741,191.0,110.0,0.6100304,174.0,111.0,0.20668253
guy3_cobra049.jpg,153.0,128.0,0.6173942,157.0,122.0,0.53651214,147.0,122.0,0.5176898,161.0,117.0,0.4716035,136.0,118.0,0.53794086,167.0,123.0,0.6695924,120.0,128.0,0.37222484,168.0,145.0,0.76655763,111.0,146.0,0.86753035,174.0,173.0,0.7343633,112.0,176.0,0.7316108,143.0,153.0,0.53562725,122.0,153.0,0.48827803,130.0,127.0,0.12648445,118.0,124.0,0.35656032,130.0,113.0,0.111558266,112.0,111.0,0.27629042
guy3_cobra049_flipped.jpg,147.0,128.0,0.75887793,153.0,122.0,0.7047066,143.0,121.0,0.82372236,165.0,117.0,0.58342254,140.0,117.0,0.5113559,181.0,127.0,0.7538822,133.0,124.0,0.6693566,190.0,147.0,0.8599593,133.0,145.0,0.8427855,187.0,176.0,0.714714,126.0,172.0,0.7812881,178.0,157.0,0.6152327,155.0,155.0,0.43560103,183.0,125.0,0.39094532,169.0,121.0,0.21269965,188.0,109.0,0.68001366,171.0,112.0,0.31187782
guy3_cobra050_flipped.jpg,149.0,129.0,0.693679,154.0,123.0,0.6768019,144.0,122.0,0.82804203,166.0,118.0,0.65547687,141.0,118.0,0.67411697,181.0,128.0,0.69533145,133.0,125.0,0.7797039,190.0,147.0,0.8915293,132.0,146.0,0.89453936,187.0,177.0,0.78239083,127.0,173.0,0.8326832,178.0,158.0,0.81317383,153.0,158.0,0.63252854,182.0,129.0,0.38860673,164.0,134.0,0.1936048,187.0,110.0,0.6149914,168.0,113.0,0.33186182
guy3_cobra052_flipped.jpg,151.0,132.0,0.74557495,156.0,126.0,0.7250277,146.0,126.0,0.7646802,167.0,121.0,0.54207754,142.0,122.0,0.6469901,181.0,131.0,0.53896,136.0,129.0,0.81785697,189.0,151.0,0.87710273,133.0,149.0,0.8611901,187.0,179.0,0.7933134,128.0,176.0,0.8253858,176.0,160.0,0.40224457,150.0,160.0,0.42302066,181.0,127.0,0.6676961,164.0,126.0,0.1647438,182.0,114.0,0.6182675,168.0,119.0,0.2272585
guy3_cobra053_flipped.jpg,152.0,133.0,0.7373091,157.0,127.0,0.8110049,147.0,127.0,0.70326185,167.0,123.0,0.6011469,142.0,123.0,0.65624416,180.0,135.0,0.5410098,134.0,130.0,0.76617616,189.0,153.0,0.8552707,132.0,150.0,0.9051816,187.0,181.0,0.8493023,127.0,178.0,0.82178575,176.0,160.0,0.5588037,152.0,160.0,0.37677333,181.0,129.0,0.50327164,168.0,125.0,0.27564812,181.0,120.0,0.33586308,170.0,121.0,0.14093947
guy3_cobra054_flipped.jpg,152.0,134.0,0.79412764,157.0,128.0,0.84432185,147.0,128.0,0.79453266,167.0,125.0,0.54575866,143.0,124.0,0.5605423,180.0,134.0,0.6929805,134.0,132.0,0.7557228,187.0,154.0,0.8526108,131.0,153.0,0.80649,187.0,182.0,0.78765464,127.0,180.0,0.8720245,175.0,164.0,0.7838104,151.0,163.0,0.6387819,181.0,133.0,0.43775892,169.0,129.0,0.15845412,179.0,121.0,0.38152272,169.0,122.0,0.29173288
guy3_cobra055_flipped.jpg,152.0,136.0,0.77538204,158.0,130.0,0.7296654,148.0,130.0,0.70554835,167.0,126.0,0.65115094,142.0,125.0,0.7133459,181.0,136.0,0.6658499,133.0,133.0,0.86294603,187.0,155.0,0.835409,130.0,154.0,0.8644291,187.0,184.0,0.73241794,126.0,182.0,0.849559,175.0,165.0,0.7770395,152.0,165.0,0.61599934,182.0,137.0,0.45577797,163.0,140.0,0.10215844,176.0,118.0,0.46385613,169.0,123.0,0.285921
guy3_cobra056_flipped.jpg,153.0,137.0,0.75927866,158.0,131.0,0.702919,148.0,131.0,0.7517846,167.0,127.0,0.503298,142.0,127.0,0.546184,181.0,137.0,0.79022634,133.0,135.0,0.80257183,186.0,158.0,0.76856375,129.0,155.0,0.772709,186.0,185.0,0.8797423,126.0,182.0,0.82599777,174.0,167.0,0.8336413,149.0,168.0,0.6741411,185.0,149.0,0.18918906,162.0,145.0,0.16807073,180.0,128.0,0.19692713,170.0,124.0,0.24964319
guy3_cobra057_flipped.jpg,153.0,139.0,0.62347513,158.0,133.0,0.6890923,148.0,133.0,0.79754233,167.0,129.0,0.6009893,142.0,129.0,0.7942465,179.0,138.0,0.7453437,132.0,136.0,0.80860543,185.0,159.0,0.865468,129.0,157.0,0.6634536,185.0,185.0,0.8576288,125.0,185.0,0.7836003,173.0,169.0,0.84702325,149.0,170.0,0.7955096,182.0,153.0,0.28999397,162.0,150.0,0.22198033,183.0,151.0,0.16523513,165.0,129.0,0.1576292
guy3_cobra058_flipped.jpg,153.0,140.0,0.7117232,159.0,135.0,0.7273325,148.0,134.0,0.58689713,167.0,132.0,0.6827356,141.0,131.0,0.7375139,178.0,140.0,0.8017266,131.0,139.0,0.77637476,185.0,162.0,0.7391934,128.0,160.0,0.87802887,184.0,188.0,0.74535656,125.0,187.0,0.71672857,171.0,170.0,0.8026941,146.0,170.0,0.69171226,181.0,153.0,0.32604095,155.0,150.0,0.11259978,179.0,142.0,0.12003502,160.0,133.0,0.12283252
guy3_cobra061.jpg,147.0,145.0,0.6489429,152.0,140.0,0.653632,142.0,140.0,0.7525764,161.0,136.0,0.6148329,135.0,137.0,0.66710895,170.0,145.0,0.79095316,124.0,146.0,0.6766832,176.0,165.0,0.59286183,120.0,166.0,0.78463185,178.0,192.0,0.749563,117.0,193.0,0.72947556,160.0,173.0,0.7455171,136.0,174.0,0.7485435,162.0,150.0,0.28001568,141.0,152.0,0.17536245,165.0,147.0,0.11298536,144.0,150.0,0.12592483
guy3_cobra062_flipped.jpg,153.0,148.0,0.47226232,157.0,143.0,0.761979,147.0,142.0,0.65321594,163.0,139.0,0.47954246,139.0,137.0,0.63963735,175.0,147.0,0.80292654,127.0,146.0,0.6886978,180.0,168.0,0.8548762,123.0,168.0,0.78429556,182.0,194.0,0.9296097,122.0,195.0,0.8770614,163.0,176.0,0.7948119,138.0,176.0,0.7864659,166.0,150.0,0.18817425,139.0,153.0,0.23659836,170.0,144.0,0.13066354,139.0,152.0,0.13580188
guy3_cobra063.jpg,148.0,149.0,0.6712237,153.0,144.0,0.6595012,143.0,144.0,0.77996296,162.0,140.0,0.6353198,136.0,141.0,0.5253993,173.0,149.0,0.8746927,127.0,149.0,0.5565673,178.0,171.0,0.5473266,122.0,169.0,0.8393305,180.0,197.0,0.7426437,119.0,196.0,0.746514,164.0,177.0,0.67676544,139.0,178.0,0.7138002,169.0,156.0,0.30896217,149.0,157.0,0.16974802,171.0,146.0,0.15809913,151.0,143.0,0.1501083
guy3_cobra064.jpg,148.0,151.0,0.6941097,153.0,146.0,0.6104772,143.0,146.0,0.69804096,162.0,142.0,0.63925683,137.0,143.0,0.6350019,174.0,150.0,0.6869035,127.0,151.0,0.67378646,179.0,171.0,0.78009474,123.0,170.0,0.7464607,180.0,200.0,0.6216719,119.0,198.0,0.7077879,163.0,179.0,0.7239581,140.0,180.0,0.761237,168.0,156.0,0.23777953,148.0,158.0,0.11399319,171.0,146.0,0.15673353,152.0,145.0,0.17359573
guy3_cobra064_flipped.jpg,153.0,151.0,0.5978147,157.0,146.0,0.78166634,147.0,146.0,0.7281388,162.0,143.0,0.5657542,138.0,141.0,0.682145,173.0,151.0,0.7537112,126.0,150.0,0.6401154,178.0,171.0,0.79995644,121.0,172.0,0.91540205,180.0,198.0,0.7451787,120.0,200.0,0.77710336,162.0,180.0,0.7819631,137.0,180.0,0.7755484,164.0,151.0,0.122100696,138.0,154.0,0.20284763,165.0,148.0,0.18456498,135.0,133.0,0.31620586
guy3_cobra065.jpg,147.0,153.0,0.67207515,153.0,147.0,0.87326986,143.0,147.0,0.8073435,163.0,143.0,0.56872654,137.0,143.0,0.6278875,176.0,152.0,0.6917795,128.0,152.0,0.79272485,181.0,174.0,0.8492663,124.0,172.0,0.81527674,182.0,202.0,0.7166645,120.0,200.0,0.80270624,167.0,180.0,0.7204933,143.0,180.0,0.6955795,174.0,152.0,0.3216416,128.0,153.0,0.28532943,170.0,134.0,0.38068694,155.0,143.0,0.120252386
guy3_cobra065_flipped.jpg,153.0,153.0,0.6318671,157.0,147.0,0.5770683,148.0,148.0,0.5084702,162.0,143.0,0.6459357,138.0,143.0,0.6073637,173.0,152.0,0.6911362,126.0,150.0,0.7505466,177.0,172.0,0.7169984,120.0,174.0,0.7043736,180.0,199.0,0.8582716,119.0,201.0,0.8031469,160.0,183.0,0.77837515,135.0,182.0,0.8052693,158.0,166.0,0.22262147,135.0,160.0,0.14687297,162.0,148.0,0.1147861,131.0,133.0,0.51190734
guy3_cobra066.jpg,148.0,155.0,0.68728745,154.0,149.0,0.7738505,143.0,149.0,0.7152945,164.0,144.0,0.5857363,138.0,145.0,0.42374405,176.0,153.0,0.79192233,129.0,154.0,0.83457255,182.0,176.0,0.65139556,126.0,174.0,0.91642934,183.0,204.0,0.88658863,121.0,202.0,0.7089915,168.0,183.0,0.6944009,143.0,183.0,0.6738342,175.0,151.0,0.50652224,128.0,153.0,0.34115547,172.0,138.0,0.3981313,154.0,144.0,0.11043627
guy3_cobra067.jpg,148.0,158.0,0.50970244,153.0,152.0,0.82159567,143.0,152.0,0.7449471,164.0,148.0,0.5733056,139.0,149.0,0.5880392,177.0,155.0,0.84525144,129.0,156.0,0.72367454,184.0,179.0,0.63879156,126.0,175.0,0.8671304,184.0,206.0,0.8233912,122.0,204.0,0.8222398,168.0,185.0,0.6662226,143.0,186.0,0.67530346,175.0,157.0,0.17121549,150.0,164.0,0.1238249,174.0,144.0,0.24517103,152.0,149.0,0.122997575
guy3_cobra068.jpg,148.0,159.0,0.6165466,153.0,153.0,0.7727003,143.0,153.0,0.5865414,164.0,147.0,0.6685631,138.0,149.0,0.54592526,177.0,158.0,0.76156867,131.0,159.0,0.6728117,185.0,180.0,0.6676097,127.0,177.0,0.762114,185.0,208.0,0.8049979,122.0,205.0,0.7184161,170.0,187.0,0.53591895,145.0,188.0,0.46722206,177.0,155.0,0.441339,130.0,158.0,0.45085123,177.0,138.0,0.39436305,163.0,146.0,0.2402253
guy3_cobra070_flipped.jpg,152.0,163.0,0.73919654,156.0,157.0,0.86020744,147.0,158.0,0.78840894,160.0,153.0,0.61795276,136.0,152.0,0.6313792,170.0,161.0,0.76246136,120.0,160.0,0.7860447,172.0,182.0,0.89021814,114.0,183.0,0.8691468,176.0,209.0,0.9064034,115.0,213.0,0.7041333,154.0,191.0,0.736651,128.0,191.0,0.6872357,170.0,157.0,0.20892197,121.0,158.0,0.6911411,130.0,143.0,0.40599063,118.0,145.0,0.3739583
guy3_cobra071.jpg,147.0,165.0,0.7484093,153.0,159.0,0.8753136,143.0,159.0,0.78148377,164.0,154.0,0.6537988,138.0,154.0,0.53333104,180.0,164.0,0.56570256,133.0,164.0,0.75957644,187.0,186.0,0.74137497,131.0,184.0,0.7941765,186.0,216.0,0.83934844,124.0,212.0,0.764692,174.0,194.0,0.6426058,151.0,194.0,0.59472835,181.0,160.0,0.5400313,165.0,159.0,0.16811137,183.0,152.0,0.18284002,166.0,152.0,0.23251998
guy3_cobra072.jpg,148.0,168.0,0.5905957,153.0,162.0,0.78795195,142.0,162.0,0.52532107,164.0,156.0,0.66864634,138.0,157.0,0.38500783,178.0,167.0,0.67399144,133.0,167.0,0.73867315,188.0,189.0,0.64409137,132.0,186.0,0.78358346,186.0,219.0,0.5738344,125.0,214.0,0.6966475,175.0,198.0,0.5778661,151.0,197.0,0.38846982,180.0,165.0,0.50406873,164.0,163.0,0.10955054,185.0,153.0,0.20070978,168.0,154.0,0.20987803
guy3_cobra072_flipped.jpg,153.0,167.0,0.5711074,158.0,161.0,0.73107207,148.0,162.0,0.75211465,161.0,156.0,0.72006667,136.0,155.0,0.57552147,170.0,164.0,0.87541866,118.0,166.0,0.6948662,170.0,187.0,0.7367569,113.0,189.0,0.88797295,175.0,213.0,0.5902561,114.0,218.0,0.9258579,146.0,193.0,0.53897643,123.0,192.0,0.42528605,139.0,169.0,0.27951282,118.0,163.0,0.66036344,136.0,153.0,0.16513431,113.0,149.0,0.4032683
guy3_cobra073.jpg,147.0,169.0,0.66883755,153.0,163.0,0.8492713,142.0,163.0,0.81607205,165.0,158.0,0.6020743,138.0,159.0,0.49613765,181.0,168.0,0.61914325,133.0,168.0,0.85400987,190.0,191.0,0.80780643,132.0,187.0,0.78858626,187.0,220.0,0.85443574,126.0,216.0,0.7482283,176.0,199.0,0.6520251,151.0,198.0,0.5846245,183.0,165.0,0.6237058,166.0,164.0,0.20675948,185.0,158.0,0.21516335,169.0,156.0,0.3060272
guy3_cobra073_flipped.jpg,153.0,170.0,0.7459811,158.0,164.0,0.67618716,148.0,164.0,0.7144862,160.0,159.0,0.5491679,136.0,158.0,0.58700526,170.0,165.0,0.910791,117.0,169.0,0.6607697,169.0,188.0,0.7873769,111.0,190.0,0.86219823,175.0,215.0,0.71578455,113.0,220.0,0.7026297,146.0,194.0,0.5223632,122.0,195.0,0.37239686,137.0,171.0,0.36891928,118.0,168.0,0.7263838,127.0,150.0,0.41391394,109.0,151.0,0.5997317
guy3_cobra074.jpg,146.0,171.0,0.68692935,152.0,165.0,0.86428523,142.0,165.0,0.62036264,164.0,160.0,0.58408827,138.0,161.0,0.28402,179.0,171.0,0.7384343,134.0,170.0,0.722391,190.0,193.0,0.70261335,133.0,189.0,0.72903895,187.0,223.0,0.7342808,126.0,217.0,0.72940695,177.0,200.0,0.4528629,154.0,199.0,0.48422495,183.0,167.0,0.54702294,165.0,165.0,0.12852445,189.0,156.0,0.46023396,175.0,155.0,0.1779753
guy3_cobra074_flipped.jpg,153.0,171.0,0.7180723,158.0,165.0,0.7196255,148.0,166.0,0.8112072,160.0,161.0,0.5391482,135.0,160.0,0.61683685,168.0,168.0,0.8370878,116.0,169.0,0.65081495,168.0,190.0,0.65272546,110.0,192.0,0.8188274,174.0,217.0,0.6891016,113.0,222.0,0.81340456,145.0,196.0,0.52700174,123.0,197.0,0.48079494,138.0,169.0,0.1980915,116.0,169.0,0.5182011,135.0,158.0,0.122704305,106.0,155.0,0.7179172
guy3_cobra075_flipped.jpg,154.0,174.0,0.7358863,158.0,167.0,0.6181452,148.0,168.0,0.7175542,161.0,163.0,0.5903455,136.0,163.0,0.42254007,168.0,169.0,0.67798936,116.0,174.0,0.68046796,167.0,193.0,0.6585269,109.0,194.0,0.90167814,175.0,220.0,0.6260648,113.0,225.0,0.9147778,145.0,202.0,0.53555787,122.0,202.0,0.5809331,135.0,175.0,0.3396662,116.0,172.0,0.4692512,132.0,159.0,0.14702283,105.0,155.0,0.55737185
guy3_cobra076.jpg,146.0,176.0,0.52594864,152.0,169.0,0.61857235,141.0,169.0,0.5912496,164.0,165.0,0.5279816,137.0,165.0,0.4025204,180.0,176.0,0.42120913,134.0,174.0,0.6253282,192.0,198.0,0.4078824,135.0,195.0,0.61299133,189.0,228.0,0.5008265,127.0,221.0,0.69526434,178.0,208.0,0.43425274,155.0,206.0,0.32077533,184.0,174.0,0.42487195,168.0,171.0,0.12652862,191.0,164.0,0.17738584,182.0,158.0,0.27038902
guy3_cobra076_flipped.jpg,154.0,176.0,0.53027534,158.0,169.0,0.488506,148.0,170.0,0.7945441,160.0,165.0,0.60481143,136.0,164.0,0.6200942,167.0,170.0,0.8942352,114.0,175.0,0.6568512,166.0,194.0,0.72941196,107.0,197.0,0.8402662,173.0,220.0,0.89510953,112.0,227.0,0.8709743,144.0,202.0,0.57034206,119.0,202.0,0.35005507,134.0,176.0,0.30000293,113.0,177.0,0.46368566,119.0,156.0,0.43666607,103.0,159.0,0.64904106
guy3_cobra078.jpg,145.0,179.0,0.6301094,151.0,173.0,0.54249346,141.0,173.0,0.3609315,163.0,169.0,0.6046605,137.0,168.0,0.30676517,182.0,181.0,0.5781996,135.0,177.0,0.52829796,193.0,199.0,0.5259037,137.0,198.0,0.7113034,189.0,232.0,0.72630155,128.0,225.0,0.55121654,180.0,209.0,0.4099315,156.0,208.0,0.38528723,194.0,178.0,0.27006522,174.0,175.0,0.11883058,202.0,164.0,0.45769078,189.0,163.0,0.37211633
guy3_cobra078_flipped.jpg,155.0,179.0,0.6552166,159.0,173.0,0.47850004,149.0,173.0,0.7292203,161.0,170.0,0.679271,136.0,168.0,0.75163484,166.0,176.0,0.8188091,115.0,179.0,0.53888625,165.0,198.0,0.60481656,106.0,200.0,0.90155494,173.0,225.0,0.7895831,111.0,233.0,0.8238601,142.0,207.0,0.56425714,120.0,207.0,0.6670296,128.0,180.0,0.27419662,107.0,186.0,0.24422511,114.0,162.0,0.34935132,97.0,162.0,0.68903977
guy3_cobra079.jpg,145.0,180.0,0.5525625,150.0,174.0,0.64180624,140.0,174.0,0.6175497,163.0,170.0,0.61373425,137.0,171.0,0.25387165,181.0,182.0,0.5856242,135.0,179.0,0.7054462,194.0,203.0,0.526139,137.0,201.0,0.5790467,189.0,235.0,0.68539256,128.0,227.0,0.6452725,180.0,212.0,0.50294733,154.0,212.0,0.33269817,196.0,180.0,0.13706557,172.0,180.0,0.10029749,202.0,169.0,0.14798495,189.0,167.0,0.2091583
guy3_cobra080.jpg,144.0,182.0,0.6282729,150.0,176.0,0.45885357,139.0,176.0,0.5622896,163.0,172.0,0.54919076,137.0,172.0,0.23561773,181.0,184.0,0.43588215,135.0,181.0,0.5829402,195.0,203.0,0.5924114,137.0,201.0,0.54131985,189.0,237.0,0.8015609,128.0,229.0,0.4223765,179.0,219.0,0.41682196,155.0,213.0,0.22496536,198.0,185.0,0.1779905,178.0,179.0,0.19741893,195.0,166.0,0.32523987,189.0,170.0,0.20802933
guy3_cobra082.jpg,142.0,185.0,0.68079376,148.0,179.0,0.62072873,138.0,178.0,0.6601168,161.0,175.0,0.5525836,136.0,176.0,0.17985,180.0,188.0,0.42515796,135.0,184.0,0.7156666,196.0,207.0,0.31278202,139.0,206.0,0.46526974,189.0,242.0,0.6225532,128.0,232.0,0.62467194,180.0,222.0,0.38416877,158.0,218.0,0.2771305,201.0,192.0,0.26998156,176.0,186.0,0.124156505,211.0,174.0,0.6153101,195.0,171.0,0.21237475
guy3_cobra082_flipped.jpg,158.0,185.0,0.46132413,162.0,179.0,0.46614134,152.0,180.0,0.7691366,165.0,176.0,0.38565838,139.0,176.0,0.6953101,166.0,183.0,0.7795676,119.0,188.0,0.50221324,163.0,208.0,0.43351316,105.0,208.0,0.68286765,172.0,233.0,0.62767947,112.0,242.0,0.7118139,139.0,216.0,0.41070938,117.0,218.0,0.45645034,118.0,184.0,0.16111585,101.0,192.0,0.26886255,104.0,170.0,0.2267424,89.0,173.0,0.49670786
guy3_cobra083.jpg,141.0,187.0,0.48474595,146.0,180.0,0.8259966,136.0,180.0,0.51844597,160.0,177.0,0.5752388,135.0,177.0,0.17995189,179.0,190.0,0.46170363,135.0,186.0,0.51758254,197.0,210.0,0.50398076,138.0,208.0,0.5463897,189.0,244.0,0.6143682,128.0,233.0,0.6390268,181.0,224.0,0.41732734,158.0,221.0,0.2921598,202.0,194.0,0.164917,180.0,187.0,0.21108711,214.0,175.0,0.6875918,201.0,171.0,0.49739873
guy3_cobra083_flipped.jpg,159.0,187.0,0.5753746,164.0,180.0,0.47512594,153.0,181.0,0.6876897,165.0,177.0,0.29216433,139.0,178.0,0.5216571,165.0,185.0,0.6064005,118.0,190.0,0.3832091,163.0,209.0,0.3512837,104.0,210.0,0.60311055,173.0,234.0,0.5834837,111.0,244.0,0.80823904,136.0,214.0,0.3659037,116.0,214.0,0.31041038,116.0,183.0,0.19909297,100.0,188.0,0.15672454,99.0,171.0,0.2203138,85.0,174.0,0.5066314
guy3_cobra084.jpg,140.0,188.0,0.67814696,146.0,182.0,0.62104,136.0,181.0,0.6618681,160.0,178.0,0.43805936,134.0,179.0,0.18803076,180.0,192.0,0.513571,134.0,187.0,0.4873425,197.0,212.0,0.44093072,138.0,209.0,0.6177188,188.0,247.0,0.69741786,128.0,235.0,0.63550174,184.0,227.0,0.4479766,162.0,220.0,0.36104202,205.0,196.0,0.21523558,182.0,190.0,0.31548974,217.0,178.0,0.3476214,200.0,175.0,0.29638958
guy3_cobra084_flipped.jpg,161.0,188.0,0.65587676,165.0,182.0,0.66463983,154.0,182.0,0.562747,165.0,179.0,0.23945689,140.0,179.0,0.5176361,166.0,188.0,0.67772174,118.0,191.0,0.60845757,162.0,210.0,0.365574,104.0,212.0,0.687677,172.0,235.0,0.6409184,112.0,246.0,0.76186717,136.0,220.0,0.36855885,115.0,219.0,0.26696643,114.0,187.0,0.23992503,97.0,192.0,0.21104276,97.0,174.0,0.24519509,85.0,173.0,0.51565623
guy3_cobra085.jpg,139.0,189.0,0.6214249,145.0,183.0,0.73829186,135.0,182.0,0.44276693,159.0,179.0,0.5984031,134.0,179.0,0.14341478,178.0,194.0,0.28788835,136.0,190.0,0.2751247,198.0,213.0,0.43204477,139.0,211.0,0.601261,188.0,248.0,0.4222856,129.0,237.0,0.6876495,183.0,229.0,0.39685196,162.0,221.0,0.32061028,205.0,199.0,0.2246385,181.0,192.0,0.22995017,219.0,181.0,0.5690861,201.0,179.0,0.24561931
guy3_cobra085_flipped.jpg,162.0,190.0,0.58892274,166.0,183.0,0.65133023,155.0,184.0,0.6524627,167.0,180.0,0.24092878,141.0,181.0,0.5469793,165.0,189.0,0.62852144,120.0,195.0,0.46084028,163.0,210.0,0.326197,105.0,214.0,0.69694155,172.0,237.0,0.777985,113.0,247.0,0.7841243,135.0,219.0,0.3769343,115.0,219.0,0.2013088,115.0,189.0,0.2264669,97.0,196.0,0.16946116,97.0,177.0,0.21063404,82.0,178.0,0.420431
guy3_cobra086.jpg,137.0,191.0,0.6828825,144.0,185.0,0.73894215,134.0,184.0,0.43885362,158.0,181.0,0.6632472,133.0,182.0,0.10010776,178.0,196.0,0.3847378,137.0,193.0,0.21092242,198.0,216.0,0.48544887,138.0,215.0,0.55079967,188.0,251.0,0.7276698,128.0,240.0,0.65042126,182.0,233.0,0.48455945,162.0,226.0,0.3565224,207.0,201.0,0.22396459,183.0,195.0,0.21693341,220.0,184.0,0.39497405,202.0,183.0,0.15994841
guy3_cobra086_flipped.jpg,163.0,191.0,0.60959977,166.0,184.0,0.7742399,156.0,185.0,0.7048024,167.0,182.0,0.3201014,142.0,181.0,0.6012389,164.0,192.0,0.5275495,120.0,196.0,0.39956594,162.0,213.0,0.4456038,104.0,215.0,0.80545413,172.0,238.0,0.7209741,112.0,249.0,0.81635517,138.0,218.0,0.4980902,116.0,221.0,0.34762025,114.0,190.0,0.37971097,96.0,198.0,0.31089956,98.0,180.0,0.23234615,78.0,182.0,0.6097249
guy3_cobra087.jpg,137.0,192.0,0.7464208,142.0,186.0,0.4513773,133.0,185.0,0.42656577,157.0,182.0,0.77553034,133.0,183.0,0.10811775,176.0,198.0,0.31866392,135.0,194.0,0.18667346,198.0,216.0,0.5294882,138.0,213.0,0.43979895,188.0,251.0,0.50974214,128.0,240.0,0.49812287,184.0,228.0,0.24542202,162.0,225.0,0.28241518,209.0,203.0,0.34323874,183.0,196.0,0.39553592,223.0,187.0,0.33842534,201.0,185.0,0.25611037
guy3_cobra087_flipped.jpg,164.0,192.0,0.66108334,167.0,185.0,0.6757418,158.0,186.0,0.47443047,166.0,183.0,0.16741341,142.0,183.0,0.6801255,164.0,193.0,0.6172149,122.0,196.0,0.4413763,162.0,214.0,0.54277015,103.0,217.0,0.8170845,172.0,240.0,0.5237266,113.0,251.0,0.79309094,134.0,219.0,0.528021,114.0,219.0,0.31664556,113.0,192.0,0.37571546,92.0,200.0,0.29590604,95.0,182.0,0.33726966,80.0,183.0,0.36654082
guy3_cobra088.jpg,134.0,193.0,0.53827846,141.0,187.0,0.81715786,131.0,186.0,0.67157817,156.0,183.0,0.7838645,133.0,183.0,0.4082262,179.0,196.0,0.6022869,133.0,194.0,0.37859526,198.0,218.0,0.7030947,138.0,215.0,0.7059838,187.0,254.0,0.73004496,127.0,241.0,0.8165139,183.0,233.0,0.5825688,161.0,229.0,0.46126533,205.0,212.0,0.37913665,185.0,196.0,0.67483,226.0,187.0,0.74847376,203.0,187.0,0.55212796
guy3_cobra088_flipped.jpg,164.0,193.0,0.7452932,168.0,186.0,0.51859474,159.0,186.0,0.6162522,166.0,184.0,0.26179034,143.0,183.0,0.6146412,163.0,194.0,0.64982754,122.0,198.0,0.33148593,162.0,214.0,0.42519096,104.0,219.0,0.78727746,172.0,240.0,0.7576101,113.0,252.0,0.7710887,135.0,221.0,0.4660474,113.0,224.0,0.2909053,112.0,193.0,0.28828806,93.0,201.0,0.31886348,90.0,182.0,0.2063918,85.0,182.0,0.4230845
guy3_cobra089.jpg,135.0,194.0,0.7031765,140.0,188.0,0.6618347,131.0,187.0,0.6289803,156.0,185.0,0.7450961,133.0,185.0,0.33726278,177.0,199.0,0.47434592,134.0,196.0,0.5061446,199.0,220.0,0.6532119,138.0,217.0,0.69596434,187.0,256.0,0.8846394,128.0,243.0,0.75209427,184.0,235.0,0.59700674,162.0,230.0,0.48233646,210.0,209.0,0.39333752,184.0,200.0,0.5616127,228.0,190.0,0.62547225,204.0,189.0,0.3646634
guy3_cobra089_flipped.jpg,167.0,195.0,0.77479434,169.0,188.0,0.5823207,160.0,188.0,0.79344004,165.0,186.0,0.6172875,144.0,185.0,0.67643535,167.0,196.0,0.8627882,120.0,199.0,0.5618331,162.0,217.0,0.64634,103.0,220.0,0.8559178,172.0,242.0,0.69901776,114.0,254.0,0.9006335,137.0,226.0,0.57703555,113.0,227.0,0.6185607,114.0,198.0,0.49512133,92.0,207.0,0.6230496,100.0,189.0,0.28959525,72.0,188.0,0.843194
guy3_cobra090.jpg,133.0,195.0,0.6545272,140.0,189.0,0.7686039,130.0,188.0,0.6943134,154.0,186.0,0.87640357,134.0,187.0,0.39875817,177.0,200.0,0.5801649,133.0,199.0,0.4417891,198.0,222.0,0.6450308,138.0,220.0,0.66537,186.0,258.0,0.8248459,127.0,245.0,0.7660126,186.0,229.0,0.42725194,164.0,227.0,0.452534,210.0,212.0,0.46296,188.0,205.0,0.28666866,230.0,192.0,0.8727198,206.0,192.0,0.5367037
guy3_cobra090_flipped.jpg,167.0,195.0,0.75657046,170.0,189.0,0.59888124,161.0,189.0,0.7824373,165.0,187.0,0.57369506,145.0,186.0,0.6684139,168.0,197.0,0.8760816,122.0,200.0,0.47143787,162.0,218.0,0.52511156,103.0,221.0,0.9052265,172.0,244.0,0.769938,114.0,257.0,0.86003065,137.0,227.0,0.5902282,114.0,229.0,0.6300316,114.0,200.0,0.42013472,92.0,210.0,0.56615424,97.0,191.0,0.18741699,79.0,188.0,0.6193899
guy3_cobra091.jpg,131.0,196.0,0.6490183,137.0,189.0,0.6956868,128.0,189.0,0.49582335,153.0,187.0,0.80989385,132.0,187.0,0.6224351,176.0,201.0,0.5411569,133.0,200.0,0.58281857,198.0,223.0,0.7818848,137.0,220.0,0.69239604,185.0,259.0,0.86093795,127.0,245.0,0.8555583,185.0,232.0,0.48633638,163.0,230.0,0.4932755,211.0,212.0,0.60606354,189.0,206.0,0.29746294,233.0,194.0,0.7945815,208.0,193.0,0.6733206
guy3_cobra091_flipped.jpg,169.0,196.0,0.67913556,171.0,189.0,0.5829919,163.0,190.0,0.8687843,166.0,188.0,0.66007185,146.0,187.0,0.81125075,167.0,199.0,0.6107693,121.0,201.0,0.5511434,161.0,220.0,0.63519025,103.0,223.0,0.9305257,172.0,245.0,0.7625872,114.0,259.0,0.7880458,136.0,229.0,0.54488266,113.0,232.0,0.6653675,112.0,201.0,0.36141533,92.0,210.0,0.49390858,92.0,191.0,0.35637635,80.0,189.0,0.73729444
guy3_cobra092.jpg,130.0,197.0,0.86212254,137.0,190.0,0.6559426,128.0,190.0,0.6936769,152.0,188.0,0.81251353,132.0,188.0,0.61794984,176.0,203.0,0.6712316,132.0,200.0,0.5834513,198.0,225.0,0.7244328,138.0,222.0,0.76169026,185.0,261.0,0.9095734,126.0,247.0,0.68805915,186.0,234.0,0.5619893,163.0,232.0,0.52735734,213.0,214.0,0.606928,191.0,208.0,0.33091906,235.0,196.0,0.695047,209.0,196.0,0.5286919
guy3_cobra092_flipped.jpg,170.0,198.0,0.8260297,173.0,190.0,0.785425,164.0,191.0,0.8228487,168.0,189.0,0.66352093,147.0,188.0,0.8853061,169.0,200.0,0.7133142,123.0,202.0,0.6339111,162.0,221.0,0.6097817,103.0,225.0,0.8818709,172.0,247.0,0.7482053,115.0,261.0,0.8565572,136.0,231.0,0.5504842,113.0,230.0,0.6316211,106.0,204.0,0.38415888,87.0,212.0,0.6433345,82.0,190.0,0.5859884,67.0,194.0,0.8427274
guy3_cobra093.jpg,129.0,198.0,0.77487856,135.0,191.0,0.8616351,127.0,191.0,0.7316259,151.0,189.0,0.86300206,132.0,189.0,0.64861906,176.0,203.0,0.6168407,132.0,202.0,0.5611131,198.0,227.0,0.7541232,138.0,224.0,0.70366013,183.0,263.0,0.88230824,126.0,248.0,0.823777,186.0,234.0,0.3490913,163.0,232.0,0.4317513,215.0,214.0,0.4982257,190.0,213.0,0.3012388,235.0,198.0,0.6487427,210.0,196.0,0.39393762
guy3_cobra093_flipped.jpg,172.0,198.0,0.8592697,173.0,190.0,0.60895205,165.0,192.0,0.63310146,167.0,189.0,0.6197272,149.0,189.0,0.8282707,168.0,200.0,0.7905955,123.0,202.0,0.72239923,162.0,221.0,0.6216965,104.0,226.0,0.8585753,173.0,247.0,0.890499,117.0,261.0,0.9047885,136.0,231.0,0.62165636,114.0,233.0,0.5671635,104.0,206.0,0.42036483,85.0,213.0,0.8191892,85.0,193.0,0.47675884,65.0,196.0,0.8215856
guy3_cobra094.jpg,127.0,199.0,0.7253907,134.0,192.0,0.85507226,125.0,192.0,0.6108826,149.0,190.0,0.9349518,131.0,191.0,0.58488804,174.0,207.0,0.64958674,130.0,204.0,0.6207272,197.0,229.0,0.8101777,139.0,226.0,0.7201474,183.0,263.0,0.91581976,126.0,249.0,0.7339121,183.0,237.0,0.50423837,161.0,235.0,0.48644784,214.0,218.0,0.6525254,192.0,216.0,0.35846165,238.0,200.0,0.89482456,213.0,198.0,0.52542114
guy3_cobra094_flipped.jpg,173.0,199.0,0.8479424,174.0,192.0,0.8129548,166.0,193.0,0.8778346,169.0,191.0,0.5984384,150.0,190.0,0.88067,170.0,202.0,0.8253688,125.0,203.0,0.56268907,163.0,224.0,0.7426017,103.0,228.0,0.7748215,174.0,250.0,0.88274115,117.0,263.0,0.8352837,135.0,235.0,0.65682334,112.0,235.0,0.6463859,100.0,211.0,0.58355504,84.0,216.0,0.67494655,82.0,194.0,0.40109378,63.0,196.0,0.7741384
guy3_cobra095.jpg,126.0,199.0,0.7504548,133.0,192.0,0.7720764,124.0,192.0,0.6294519,149.0,190.0,0.85508966,128.0,191.0,0.57325006,173.0,208.0,0.5975433,131.0,206.0,0.60539675,196.0,229.0,0.8151024,139.0,226.0,0.7557768,181.0,264.0,0.90212965,126.0,249.0,0.66501594,187.0,233.0,0.46371165,165.0,232.0,0.30451632,219.0,217.0,0.79374707,200.0,209.0,0.5582442,238.0,201.0,0.46671173,220.0,198.0,0.44157243
guy3_cobra095_flipped.jpg,175.0,199.0,0.7942838,177.0,192.0,0.74818027,168.0,193.0,0.85850054,170.0,191.0,0.58394325,152.0,191.0,0.628314,171.0,204.0,0.75217503,125.0,204.0,0.66196734,163.0,225.0,0.66087186,103.0,228.0,0.8645387,174.0,249.0,0.8145849,118.0,264.0,0.90334475,135.0,236.0,0.66186595,112.0,236.0,0.67234004,102.0,210.0,0.5279286,83.0,218.0,0.7912442,80.0,195.0,0.5547683,60.0,200.0,0.7863595
guy3_cobra096.jpg,124.0,200.0,0.75592566,131.0,193.0,0.8193624,122.0,193.0,0.6055701,147.0,191.0,0.9240446,129.0,192.0,0.54232574,173.0,208.0,0.6023183,131.0,208.0,0.747098,196.0,231.0,0.8576547,137.0,229.0,0.7705902,181.0,266.0,0.87764627,125.0,251.0,0.85620964,187.0,236.0,0.39419535,163.0,236.0,0.38542718,219.0,218.0,0.7597409,201.0,213.0,0.6095123,241.0,204.0,0.86030513,218.0,200.0,0.48652816
guy3_cobra096_flipped.jpg,176.0,199.0,0.8761904,177.0,193.0,0.5010723,169.0,193.0,0.78786856,170.0,191.0,0.65474623,153.0,191.0,0.8973697,170.0,205.0,0.69224805,127.0,205.0,0.55765474,163.0,226.0,0.64754593,104.0,230.0,0.8998934,174.0,252.0,0.67232394,119.0,266.0,0.93138605,137.0,238.0,0.64908373,114.0,238.0,0.60951626,103.0,211.0,0.41165292,84.0,217.0,0.70762575,76.0,197.0,0.37094158,69.0,198.0,0.64135647
guy3_cobra097.jpg,123.0,200.0,0.746601,129.0,193.0,0.857435,121.0,193.0,0.6429653,146.0,191.0,0.92466855,128.0,192.0,0.5010358,173.0,208.0,0.809502,129.0,207.0,0.65193176,196.0,232.0,0.80873513,137.0,227.0,0.7795092,180.0,266.0,0.8929688,124.0,252.0,0.77267694,186.0,237.0,0.5412836,164.0,237.0,0.4138875,219.0,221.0,0.7705818,200.0,217.0,0.5863259,243.0,206.0,0.87787133,219.0,201.0,0.5255774
guy3_cobra097_flipped.jpg,177.0,200.0,0.7885773,178.0,193.0,0.8039491,170.0,194.0,0.89268386,172.0,192.0,0.596774,154.0,192.0,0.8928572,171.0,205.0,0.6300417,128.0,206.0,0.61105365,164.0,227.0,0.63584733,105.0,232.0,0.931773,174.0,252.0,0.67892027,120.0,266.0,0.8467215,136.0,240.0,0.7106398,114.0,240.0,0.7481817,100.0,215.0,0.5834493,81.0,221.0,0.77301633,84.0,200.0,0.4795176,56.0,204.0,0.9105353
guy3_cobra098.jpg,121.0,200.0,0.6468767,128.0,193.0,0.6551446,120.0,193.0,0.51165724,145.0,193.0,0.7609754,126.0,193.0,0.61150444,172.0,208.0,0.709476,128.0,210.0,0.7079245,194.0,233.0,0.8324187,137.0,230.0,0.7844321,178.0,267.0,0.95910335,124.0,252.0,0.80594397,189.0,235.0,0.585219,168.0,234.0,0.36410165,219.0,221.0,0.7766514,203.0,216.0,0.61603034,246.0,208.0,0.76584977,224.0,202.0,0.6113805
guy3_cobra098_flipped.jpg,178.0,200.0,0.7590553,180.0,194.0,0.7076292,171.0,194.0,0.81102604,174.0,193.0,0.55514395,155.0,193.0,0.6251502,172.0,207.0,0.64763165,128.0,207.0,0.6341351,164.0,226.0,0.6598668,106.0,233.0,0.81182015,174.0,252.0,0.773502,121.0,267.0,0.9026514,132.0,238.0,0.65668654,111.0,239.0,0.71983176,100.0,218.0,0.6045412,78.0,222.0,0.82254267,73.0,200.0,0.76760614,52.0,206.0,0.70100236
guy3_cobra099.jpg,121.0,201.0,0.6799747,128.0,194.0,0.6612967,119.0,194.0,0.5917965,144.0,193.0,0.9028164,126.0,193.0,0.6291312,172.0,209.0,0.76001716,127.0,211.0,0.7222059,195.0,235.0,0.7243432,138.0,233.0,0.6804589,178.0,269.0,0.9605837,124.0,254.0,0.57977295,191.0,235.0,0.5835013,168.0,235.0,0.3784913,221.0,223.0,0.6537862,205.0,217.0,0.6147479,244.0,208.0,0.5034889,222.0,204.0,0.58584964
guy3_cobra099_flipped.jpg,180.0,201.0,0.69508034,181.0,194.0,0.8086328,173.0,195.0,0.7732272,175.0,193.0,0.6786679,156.0,193.0,0.7220518,174.0,206.0,0.6990092,128.0,208.0,0.6856947,164.0,228.0,0.6968826,106.0,235.0,0.75926197,175.0,253.0,0.7631765,122.0,268.0,0.9453867,131.0,239.0,0.67911196,110.0,240.0,0.71479285,98.0,217.0,0.72643685,79.0,223.0,0.73887604,74.0,203.0,0.6184054,53.0,208.0,0.8870958
guy3_cobra100.jpg,118.0,201.0,0.6768514,125.0,194.0,0.62439954,117.0,193.0,0.78796566,142.0,193.0,0.93566924,125.0,193.0,0.7112688,169.0,211.0,0.74845064,126.0,210.0,0.7072858,193.0,236.0,0.74787354,136.0,233.0,0.7728499,178.0,269.0,0.88808894,122.0,255.0,0.67888814,191.0,235.0,0.72393554,167.0,234.0,0.39250612,225.0,223.0,0.8452086,203.0,218.0,0.5103648,248.0,210.0,0.7543336,217.0,206.0,0.27614093
guy3_cobra100_flipped.jpg,182.0,201.0,0.7979173,183.0,194.0,0.86586356,174.0,195.0,0.85079235,175.0,193.0,0.6617278,157.0,194.0,0.8301233,175.0,207.0,0.75500715,129.0,208.0,0.68462634,165.0,230.0,0.6225234,106.0,236.0,0.9457127,175.0,253.0,0.9138486,123.0,269.0,0.8999492,134.0,241.0,0.69668657,111.0,241.0,0.74894303,99.0,219.0,0.74977326,79.0,226.0,0.6203368,73.0,204.0,0.64239585,53.0,209.0,0.87047946
guy3_cobra101.jpg,117.0,201.0,0.8551202,123.0,194.0,0.8897019,116.0,194.0,0.7278557,141.0,194.0,0.85297936,124.0,193.0,0.6237697,170.0,211.0,0.81341267,127.0,214.0,0.75116503,193.0,237.0,0.6747209,135.0,235.0,0.79692334,176.0,270.0,0.85825384,122.0,256.0,0.68842006,190.0,237.0,0.59166384,169.0,237.0,0.4298787,221.0,226.0,0.73400766,203.0,221.0,0.57446593,249.0,211.0,0.8361317,233.0,205.0,0.55892134
guy3_cobra101_flipped.jpg,183.0,202.0,0.7724843,184.0,195.0,0.8303787,176.0,195.0,0.8547332,177.0,194.0,0.6864442,159.0,194.0,0.79660296,174.0,210.0,0.6630124,130.0,210.0,0.71642065,165.0,232.0,0.7702817,106.0,237.0,0.913692,176.0,255.0,0.73580873,124.0,270.0,0.87919605,131.0,243.0,0.710268,111.0,243.0,0.71531904,99.0,221.0,0.6854199,78.0,228.0,0.84049994,66.0,205.0,0.7033607,50.0,210.0,0.7960595
guy3_cobra102.jpg,116.0,202.0,0.7736455,122.0,195.0,0.70087373,115.0,195.0,0.6647277,140.0,194.0,0.9197895,123.0,194.0,0.5756326,168.0,211.0,0.80785537,125.0,212.0,0.7602195,193.0,237.0,0.6305399,136.0,234.0,0.8680228,176.0,270.0,0.85902894,122.0,256.0,0.8656171,190.0,238.0,0.6784744,169.0,237.0,0.4574769,222.0,226.0,0.7729613,204.0,221.0,0.6278866,248.0,212.0,0.6719105,227.0,207.0,0.3630534
guy3_cobra102_flipped.jpg,184.0,202.0,0.890773,185.0,195.0,0.7301196,177.0,196.0,0.8879928,177.0,195.0,0.7031354,160.0,195.0,0.82333934,176.0,208.0,0.70973694,131.0,210.0,0.61286676,164.0,231.0,0.7585176,107.0,237.0,0.83898884,175.0,255.0,0.7175482,125.0,271.0,0.9137083,131.0,241.0,0.6920712,111.0,241.0,0.78463256,98.0,221.0,0.75095755,78.0,229.0,0.8415435,66.0,206.0,0.7375063,49.0,213.0,0.8771599
guy3_cobra103.jpg,114.0,202.0,0.89003736,121.0,195.0,0.9182344,113.0,195.0,0.80614513,138.0,194.0,0.8411337,122.0,194.0,0.70995873,167.0,212.0,0.7566715,125.0,214.0,0.7525331,192.0,238.0,0.7067635,136.0,237.0,0.8147941,174.0,271.0,0.8632053,122.0,256.0,0.67671645,191.0,238.0,0.6620208,171.0,236.0,0.43090335,225.0,225.0,0.7931838,205.0,222.0,0.5781381,251.0,214.0,0.781958,226.0,208.0,0.39197522
guy3_cobra103_flipped.jpg,185.0,202.0,0.7970774,187.0,196.0,0.6566262,179.0,196.0,0.75563693,179.0,195.0,0.58814883,162.0,195.0,0.7902802,176.0,211.0,0.7470372,133.0,210.0,0.6739313,164.0,233.0,0.66747785,108.0,238.0,0.7783324,177.0,255.0,0.8114452,126.0,271.0,0.7091996,130.0,242.0,0.70709324,111.0,242.0,0.81388956,99.0,223.0,0.68130076,77.0,231.0,0.8239249,65.0,208.0,0.5623702,48.0,215.0,0.8561465
guy3_cobra104.jpg,113.0,203.0,0.89705837,119.0,196.0,0.83130497,111.0,196.0,0.7109326,137.0,195.0,0.67612326,120.0,195.0,0.61216664,165.0,212.0,0.76020086,124.0,213.0,0.760731,191.0,239.0,0.63716024,135.0,237.0,0.77945524,173.0,272.0,0.86532813,122.0,256.0,0.7843071,191.0,239.0,0.7020902,170.0,238.0,0.41913256,225.0,227.0,0.68480116,205.0,222.0,0.6419443,253.0,215.0,0.8292963,233.0,208.0,0.4879779
guy3_cobra104_flipped.jpg,187.0,203.0,0.695995,188.0,196.0,0.82131183,180.0,196.0,0.79104114,180.0,195.0,0.65947145,163.0,196.0,0.88041115,177.0,211.0,0.8176862,133.0,211.0,0.67127585,165.0,231.0,0.5960642,108.0,237.0,0.8867125,177.0,255.0,0.86010695,126.0,272.0,0.8602371,129.0,239.0,0.6460147,110.0,241.0,0.7380944,97.0,221.0,0.68439853,76.0,230.0,0.8748775,71.0,209.0,0.55947155,46.0,216.0,0.81447303
guy3_cobra105.jpg,111.0,203.0,0.88282645,117.0,196.0,0.73872393,110.0,196.0,0.7618166,135.0,196.0,0.84707797,119.0,196.0,0.7175181,163.0,212.0,0.7802943,124.0,217.0,0.8440037,190.0,239.0,0.6365204,134.0,239.0,0.82617974,172.0,272.0,0.9329147,121.0,257.0,0.76869005,194.0,238.0,0.7357828,175.0,238.0,0.38522193,226.0,229.0,0.5375587,209.0,222.0,0.68194985,256.0,216.0,0.83219385,237.0,210.0,0.4772563
guy3_cobra105_flipped.jpg,189.0,203.0,0.8231976,190.0,196.0,0.54364836,182.0,197.0,0.84148836,181.0,196.0,0.48981947,165.0,197.0,0.8498518,177.0,214.0,0.8146485,135.0,211.0,0.62144065,165.0,234.0,0.7742231,109.0,238.0,0.74779785,178.0,255.0,0.8674731,128.0,273.0,0.76232433,129.0,240.0,0.68977946,112.0,240.0,0.7392611,99.0,224.0,0.69428205,77.0,231.0,0.79283476,77.0,211.0,0.32985127,46.0,216.0,0.7924237
guy3_cobra106.jpg,109.0,204.0,0.8593357,115.0,197.0,0.7400249,108.0,197.0,0.75283283,134.0,197.0,0.8608456,118.0,197.0,0.69530123,162.0,214.0,0.6790843,123.0,219.0,0.6925578,189.0,240.0,0.664246,132.0,240.0,0.76583445,170.0,272.0,0.96462774,121.0,257.0,0.77224535,193.0,240.0,0.7615066,176.0,238.0,0.48310375,227.0,229.0,0.66632015,209.0,224.0,0.7003005,258.0,218.0,0.86654,229.0,212.0,0.44690448
guy3_cobra106_flipped.jpg,190.0,204.0,0.75831693,191.0,197.0,0.61456776,183.0,197.0,0.70257604,182.0,196.0,0.5337316,166.0,197.0,0.8738065,177.0,215.0,0.84807354,136.0,212.0,0.5962672,165.0,232.0,0.63734627,109.0,238.0,0.766886,177.0,256.0,0.7815972,128.0,272.0,0.8730879,125.0,240.0,0.6557893,110.0,241.0,0.79944074,95.0,224.0,0.84569395,73.0,231.0,0.7802634,70.0,212.0,0.6234492,44.0,217.0,0.88163966
guy3_cobra107.jpg,108.0,205.0,0.82934165,114.0,198.0,0.89982355,107.0,198.0,0.83311415,131.0,198.0,0.9039602,116.0,197.0,0.6978417,162.0,214.0,0.67131543,122.0,220.0,0.74999964,189.0,240.0,0.6745668,133.0,241.0,0.7683808,170.0,273.0,0.93612534,120.0,258.0,0.79559946,193.0,241.0,0.70760685,176.0,239.0,0.47959614,227.0,230.0,0.49592713,209.0,226.0,0.73491323,259.0,218.0,0.8584416,230.0,213.0,0.351074
guy3_cobra107_flipped.jpg,191.0,205.0,0.8202563,192.0,198.0,0.6659697,185.0,198.0,0.7353247,184.0,198.0,0.59528774,167.0,198.0,0.56281126,178.0,215.0,0.80075926,136.0,213.0,0.6706616,166.0,233.0,0.5518304,110.0,238.0,0.8950873,178.0,256.0,0.8647138,129.0,272.0,0.88187194,130.0,242.0,0.7043135,113.0,243.0,0.792693,96.0,225.0,0.67891335,76.0,233.0,0.79014033,79.0,214.0,0.22495678,44.0,219.0,0.89052266
guy3_cobra108.jpg,106.0,206.0,0.6548332,112.0,199.0,0.83154947,106.0,199.0,0.63958526,130.0,197.0,0.9140307,115.0,198.0,0.53202957,160.0,214.0,0.70355695,121.0,220.0,0.66673994,188.0,240.0,0.75322115,132.0,240.0,0.77581596,169.0,273.0,0.93105155,121.0,258.0,0.91626567,190.0,244.0,0.6510029,173.0,243.0,0.45182016,223.0,231.0,0.53721964,207.0,228.0,0.69979954,258.0,219.0,0.7428467,224.0,215.0,0.51248074
guy3_cobra108_flipped.jpg,194.0,206.0,0.88939035,195.0,199.0,0.75497353,187.0,199.0,0.69484186,186.0,198.0,0.6543504,169.0,198.0,0.6046202,180.0,217.0,0.782766,138.0,213.0,0.6816504,167.0,233.0,0.57515836,111.0,238.0,0.86980826,178.0,257.0,0.8677094,131.0,273.0,0.82757115,128.0,242.0,0.69660956,112.0,243.0,0.79939634,96.0,227.0,0.6128914,74.0,232.0,0.765946,72.0,213.0,0.34720945,43.0,219.0,0.87152886
guy3_cobra109.jpg,105.0,207.0,0.57377756,111.0,200.0,0.842746,104.0,200.0,0.71033704,128.0,200.0,0.83550775,113.0,199.0,0.5572667,157.0,216.0,0.5558888,120.0,219.0,0.74742424,187.0,241.0,0.56230175,132.0,240.0,0.774586,168.0,273.0,0.8770075,122.0,258.0,0.8760952,189.0,243.0,0.6682552,174.0,243.0,0.5035763,223.0,234.0,0.56728655,208.0,229.0,0.71531117,261.0,221.0,0.7255132,229.0,216.0,0.46736562
guy3_cobra109_flipped.jpg,195.0,207.0,0.787789,196.0,200.0,0.7455009,188.0,200.0,0.8683815,187.0,199.0,0.7357867,171.0,199.0,0.87894845,181.0,216.0,0.7722264,140.0,214.0,0.6789843,167.0,233.0,0.6474827,112.0,239.0,0.6539833,177.0,257.0,0.87078005,131.0,273.0,0.8430619,129.0,241.0,0.6942879,114.0,243.0,0.82066965,98.0,228.0,0.6329268,74.0,234.0,0.7446575,71.0,215.0,0.3869238,42.0,220.0,0.8688499
guy3_cobra110.jpg,103.0,207.0,0.7163616,108.0,201.0,0.8589916,101.0,201.0,0.71337384,126.0,200.0,0.8245341,111.0,200.0,0.6356901,155.0,215.0,0.6941227,121.0,216.0,0.6410763,186.0,239.0,0.559183,130.0,238.0,0.73910236,167.0,271.0,0.9565753,120.0,257.0,0.8425456,190.0,241.0,0.7252023,175.0,242.0,0.5427557,228.0,230.0,0.5485914,209.0,227.0,0.49684465,263.0,222.0,0.82882124,246.0,215.0,0.48696256
guy3_cobra110_flipped.jpg,197.0,208.0,0.85964894,198.0,200.0,0.81877106,191.0,201.0,0.8390454,187.0,199.0,0.75197077,173.0,200.0,0.6795937,181.0,216.0,0.7831594,141.0,214.0,0.7136174,168.0,233.0,0.68646306,113.0,238.0,0.8451768,177.0,256.0,0.8762823,133.0,273.0,0.68695223,126.0,242.0,0.6323397,111.0,244.0,0.81893796,96.0,228.0,0.5855243,72.0,234.0,0.85391986,67.0,215.0,0.40182596,41.0,221.0,0.8571517
guy3_cobra111.jpg,101.0,209.0,0.8515617,106.0,201.0,0.8050673,100.0,202.0,0.85221916,123.0,201.0,0.8774417,110.0,200.0,0.627908,153.0,216.0,0.62699354,118.0,218.0,0.54671675,185.0,240.0,0.5364183,129.0,236.0,0.5561609,165.0,271.0,0.93662655,122.0,254.0,0.7390326,189.0,244.0,0.6910746,177.0,243.0,0.56014645,223.0,231.0,0.4512319,211.0,228.0,0.59524655,263.0,222.0,0.82375044,229.0,216.0,0.24114978
guy3_cobra111_flipped.jpg,199.0,208.0,0.8866546,199.0,201.0,0.8465447,193.0,201.0,0.7491406,189.0,201.0,0.7586876,174.0,201.0,0.7390188,182.0,217.0,0.77406627,143.0,215.0,0.74104846,169.0,231.0,0.6246526,114.0,238.0,0.76832247,177.0,256.0,0.77714586,133.0,273.0,0.89544755,128.0,243.0,0.67181623,113.0,245.0,0.7824542,89.0,226.0,0.7935072,73.0,236.0,0.8968185,55.0,216.0,0.55264115,40.0,222.0,0.80865127
guy3_cobra112.jpg,99.0,210.0,0.85015076,105.0,202.0,0.6193635,99.0,203.0,0.67678756,122.0,201.0,0.94714826,109.0,201.0,0.70980066,151.0,217.0,0.73352873,118.0,220.0,0.6512991,185.0,240.0,0.5364187,128.0,237.0,0.58150834,166.0,271.0,0.9528182,122.0,254.0,0.79796386,189.0,244.0,0.5939292,177.0,242.0,0.5733148,223.0,234.0,0.38879532,211.0,229.0,0.5860162,263.0,223.0,0.8342003,224.0,219.0,0.38132647
guy3_cobra112_flipped.jpg,201.0,210.0,0.7484709,201.0,203.0,0.6071382,194.0,203.0,0.68456197,190.0,202.0,0.526279,176.0,203.0,0.8614706,183.0,218.0,0.76167774,147.0,217.0,0.6060803,170.0,233.0,0.62224793,115.0,238.0,0.83874726,177.0,254.0,0.7724986,135.0,272.0,0.7823962,128.0,242.0,0.5898068,115.0,245.0,0.85318685,90.0,227.0,0.79345465,72.0,237.0,0.89464223,52.0,217.0,0.62490094,39.0,223.0,0.8385119
guy3_cobra113.jpg,98.0,211.0,0.8195517,103.0,204.0,0.813844,98.0,204.0,0.74616003,120.0,203.0,0.76940405,109.0,202.0,0.6946167,146.0,218.0,0.6801553,118.0,222.0,0.67520285,182.0,238.0,0.48016217,128.0,238.0,0.48831266,164.0,270.0,0.84854054,122.0,253.0,0.8215387,190.0,243.0,0.62976456,182.0,241.0,0.61270607,223.0,233.0,0.38825867,215.0,230.0,0.51995313,264.0,223.0,0.8096114,249.0,221.0,0.27970803
guy3_cobra113_flipped.jpg,202.0,211.0,0.6571464,202.0,204.0,0.83160114,196.0,205.0,0.84804827,190.0,204.0,0.5792438,178.0,204.0,0.7922625,183.0,218.0,0.80060434,151.0,219.0,0.568411,171.0,233.0,0.57988167,115.0,239.0,0.8125303,177.0,255.0,0.78052855,134.0,272.0,0.7944882,128.0,241.0,0.49764693,114.0,243.0,0.82532054,88.0,226.0,0.62007964,72.0,233.0,0.7115284,70.0,218.0,0.35443318,37.0,222.0,0.7852517
guy3_cobra114.jpg,96.0,212.0,0.82107073,101.0,205.0,0.7445903,96.0,205.0,0.67641616,119.0,204.0,0.8691044,109.0,204.0,0.5139432,147.0,218.0,0.62840414,119.0,221.0,0.7554848,181.0,238.0,0.514335,132.0,242.0,0.53137887,163.0,270.0,0.69390476,123.0,254.0,0.81884617,190.0,242.0,0.5847314,183.0,241.0,0.64647996,226.0,233.0,0.5413134,214.0,230.0,0.33574736,265.0,224.0,0.8213942,254.0,219.0,0.42543247
guy3_cobra114_flipped.jpg,204.0,211.0,0.82433677,204.0,205.0,0.48559487,198.0,205.0,0.64281535,193.0,204.0,0.57453763,180.0,204.0,0.72310877,184.0,218.0,0.7669565,152.0,220.0,0.7137736,171.0,233.0,0.5443429,116.0,239.0,0.69749117,177.0,253.0,0.8431255,135.0,270.0,0.8357734,125.0,243.0,0.5898174,113.0,246.0,0.8230293,85.0,226.0,0.76176405,70.0,236.0,0.78252125,47.0,219.0,0.40686026,35.0,223.0,0.88732994
guy3_cobra115.jpg,94.0,212.0,0.79679704,99.0,206.0,0.7828909,95.0,206.0,0.74957913,117.0,205.0,0.67761,108.0,205.0,0.6091449,145.0,219.0,0.7029665,117.0,222.0,0.7177487,180.0,238.0,0.55775523,130.0,240.0,0.4360208,164.0,270.0,0.83506286,121.0,254.0,0.7387785,191.0,243.0,0.6847981,185.0,241.0,0.5864805,224.0,234.0,0.41087556,215.0,227.0,0.4981421,267.0,225.0,0.80805516,252.0,220.0,0.4992988
guy3_cobra115_flipped.jpg,205.0,212.0,0.69819856,205.0,206.0,0.87035,200.0,207.0,0.8809434,192.0,205.0,0.7328711,182.0,206.0,0.8558847,184.0,218.0,0.7946141,153.0,220.0,0.69163024,171.0,232.0,0.43326592,117.0,238.0,0.6835277,176.0,254.0,0.8614794,136.0,270.0,0.8994605,126.0,240.0,0.69052523,114.0,243.0,0.7634065,85.0,227.0,0.64522254,70.0,238.0,0.8397095,65.0,219.0,0.32735434,36.0,224.0,0.82205075
guy3_cobra116.jpg,93.0,213.0,0.7861953,98.0,206.0,0.8225332,93.0,207.0,0.7689006,115.0,205.0,0.6231722,107.0,205.0,0.504157,141.0,219.0,0.663852,118.0,222.0,0.77717257,179.0,237.0,0.623728,133.0,239.0,0.39264286,163.0,268.0,0.8750424,122.0,253.0,0.8263805,190.0,243.0,0.6958716,186.0,240.0,0.5454273,225.0,232.0,0.4966181,216.0,229.0,0.36545226,267.0,225.0,0.7062146,250.0,219.0,0.49885023
guy3_cobra116_flipped.jpg,206.0,214.0,0.8304011,206.0,208.0,0.74375516,201.0,208.0,0.76704776,193.0,207.0,0.697662,183.0,207.0,0.84713733,185.0,219.0,0.7349645,154.0,220.0,0.7840573,172.0,232.0,0.43425304,117.0,237.0,0.7037434,176.0,253.0,0.8834271,136.0,269.0,0.84794295,127.0,238.0,0.6779598,115.0,243.0,0.82826793,86.0,226.0,0.72643954,70.0,236.0,0.8382268,65.0,219.0,0.527504,33.0,224.0,0.8017781
guy3_cobra117.jpg,91.0,215.0,0.84322107,96.0,208.0,0.5055896,93.0,208.0,0.674808,115.0,207.0,0.9153455,108.0,207.0,0.7402996,143.0,220.0,0.6038736,118.0,223.0,0.5756916,177.0,237.0,0.43861946,130.0,241.0,0.36830238,162.0,268.0,0.81455976,122.0,255.0,0.7497032,191.0,243.0,0.6962794,186.0,242.0,0.6138303,224.0,234.0,0.39263555,218.0,231.0,0.584669,269.0,225.0,0.80504704,256.0,220.0,0.55264485
guy3_cobra117_flipped.jpg,208.0,214.0,0.8298892,207.0,208.0,0.8547982,202.0,208.0,0.8071611,195.0,207.0,0.6979395,184.0,207.0,0.8486542,187.0,219.0,0.63870347,155.0,221.0,0.7604012,172.0,232.0,0.38537726,118.0,236.0,0.6762701,176.0,252.0,0.75658816,136.0,268.0,0.67024994,126.0,239.0,0.6780608,115.0,243.0,0.80294883,82.0,226.0,0.793516,69.0,237.0,0.79588234,62.0,219.0,0.4180979,32.0,224.0,0.8105528
guy3_cobra118.jpg,90.0,216.0,0.6914624,95.0,209.0,0.8514841,91.0,210.0,0.8524715,113.0,207.0,0.82683766,106.0,208.0,0.67125714,138.0,221.0,0.7034245,119.0,221.0,0.5052774,177.0,237.0,0.47683555,137.0,239.0,0.2644765,162.0,267.0,0.88500994,122.0,253.0,0.6997628,190.0,242.0,0.68092716,186.0,238.0,0.4764151,228.0,233.0,0.4941029,220.0,227.0,0.6227112,270.0,225.0,0.8051475,255.0,220.0,0.41731045
guy3_cobra118_flipped.jpg,209.0,215.0,0.76623434,208.0,208.0,0.79219437,204.0,209.0,0.8078352,194.0,207.0,0.73657477,185.0,208.0,0.60122573,184.0,219.0,0.76232433,158.0,221.0,0.7871499,170.0,230.0,0.36813596,117.0,235.0,0.58990085,177.0,251.0,0.7571317,136.0,266.0,0.797384,122.0,237.0,0.7012845,113.0,241.0,0.77506196,80.0,226.0,0.8207784,66.0,237.0,0.8437247,45.0,218.0,0.60030615,30.0,224.0,0.7907531
guy3_cobra119.jpg,89.0,217.0,0.64844936,94.0,210.0,0.70155805,90.0,210.0,0.6243856,111.0,208.0,0.8942932,104.0,209.0,0.6933822,138.0,221.0,0.70538795,119.0,221.0,0.53515244,176.0,236.0,0.45767984,138.0,240.0,0.40545756,160.0,267.0,0.8074691,122.0,253.0,0.6599021,189.0,242.0,0.63491595,185.0,237.0,0.45927906,228.0,236.0,0.52924323,220.0,228.0,0.5480118,272.0,226.0,0.83339906,259.0,220.0,0.41044566
guy3_cobra119_flipped.jpg,210.0,217.0,0.8214251,209.0,210.0,0.66401297,205.0,210.0,0.6186495,195.0,209.0,0.62434745,186.0,209.0,0.8780088,184.0,219.0,0.73181367,160.0,222.0,0.76133543,170.0,231.0,0.3954546,119.0,236.0,0.6244291,177.0,253.0,0.5576894,136.0,266.0,0.67367697,121.0,235.0,0.717362,112.0,240.0,0.7497983,81.0,226.0,0.68698144,68.0,236.0,0.7538558,42.0,217.0,0.52841437,29.0,223.0,0.8995133
guy3_cobra120.jpg,89.0,217.0,0.79777646,93.0,211.0,0.7713939,90.0,211.0,0.68120074,111.0,208.0,0.89132875,104.0,209.0,0.7024565,137.0,220.0,0.74172497,119.0,220.0,0.5412377,177.0,235.0,0.5593893,141.0,239.0,0.3554035,161.0,264.0,0.7012682,124.0,252.0,0.73131704,188.0,239.0,0.71290624,185.0,236.0,0.563534,229.0,234.0,0.31835133,224.0,228.0,0.6376203,271.0,226.0,0.7280094,264.0,223.0,0.4610269
guy3_cobra120_flipped.jpg,212.0,218.0,0.69160473,212.0,211.0,0.8037888,206.0,211.0,0.79242134,198.0,209.0,0.7027384,187.0,210.0,0.8602385,185.0,218.0,0.7052566,163.0,223.0,0.7493471,167.0,227.0,0.19956005,120.0,233.0,0.5901574,177.0,252.0,0.63777876,137.0,263.0,0.77101105,121.0,234.0,0.69021904,113.0,240.0,0.74560785,80.0,225.0,0.8079759,67.0,235.0,0.77978253,41.0,219.0,0.36335754,28.0,224.0,0.8234829
guy3_cobra121.jpg,88.0,217.0,0.7332128,92.0,211.0,0.7986268,89.0,211.0,0.7669338,109.0,208.0,0.5504525,102.0,209.0,0.45441815,134.0,220.0,0.6553705,117.0,220.0,0.7197318,176.0,234.0,0.52685404,140.0,238.0,0.3632669,161.0,263.0,0.897508,124.0,251.0,0.67373335,187.0,240.0,0.5411025,185.0,235.0,0.46031106,230.0,233.0,0.5619854,224.0,228.0,0.6221282,273.0,226.0,0.81403613,264.0,222.0,0.59508467
guy3_cobra121_flipped.jpg,212.0,218.0,0.83703864,211.0,212.0,0.632639,206.0,211.0,0.60875964,196.0,210.0,0.7274388,188.0,209.0,0.6722605,184.0,219.0,0.7290852,162.0,221.0,0.7417476,172.0,231.0,0.43487898,120.0,233.0,0.54839367,177.0,249.0,0.7905795,138.0,263.0,0.79400307,120.0,235.0,0.74257684,112.0,239.0,0.7096691,78.0,227.0,0.6150658,67.0,232.0,0.6600778,51.0,221.0,0.23345706,28.0,224.0,0.78422505
guy3_cobra122.jpg,86.0,217.0,0.7881364,90.0,211.0,0.730176,88.0,211.0,0.78802896,108.0,208.0,0.88842386,102.0,208.0,0.64975417,130.0,219.0,0.61550504,117.0,217.0,0.703946,175.0,232.0,0.5010507,138.0,233.0,0.21520355,160.0,261.0,0.85685885,124.0,250.0,0.7327402,188.0,239.0,0.7561553,186.0,234.0,0.6161053,227.0,233.0,0.5529082,222.0,228.0,0.46721497,273.0,226.0,0.7579777,265.0,221.0,0.61064565
guy3_cobra122_flipped.jpg,212.0,218.0,0.8265432,212.0,212.0,0.6053295,207.0,211.0,0.63071024,198.0,209.0,0.7092723,189.0,209.0,0.8682978,184.0,216.0,0.5722254,164.0,220.0,0.7505175,166.0,228.0,0.28358066,120.0,231.0,0.62867475,178.0,249.0,0.6357095,138.0,260.0,0.67520726,122.0,234.0,0.66684765,114.0,237.0,0.7626076,78.0,226.0,0.72311056,67.0,232.0,0.5735736,58.0,219.0,0.2024668,26.0,223.0,0.816029
guy3_cobra123.jpg,87.0,218.0,0.7733475,90.0,211.0,0.73409873,87.0,211.0,0.68604875,107.0,208.0,0.8524698,101.0,208.0,0.45573014,131.0,218.0,0.68368447,116.0,215.0,0.6597838,176.0,231.0,0.5964464,141.0,225.0,0.105742864,160.0,259.0,0.7695167,123.0,247.0,0.55080205,190.0,236.0,0.7445477,187.0,228.0,0.58117974,228.0,232.0,0.5869348,219.0,224.0,0.45557395,275.0,224.0,0.7389461,264.0,218.0,0.6965841
guy3_cobra123_flipped.jpg,213.0,218.0,0.72579247,212.0,211.0,0.6114279,209.0,211.0,0.4525307,197.0,209.0,0.703517,191.0,209.0,0.8562789,184.0,215.0,0.7276001,167.0,219.0,0.7442864,166.0,227.0,0.22471891,122.0,230.0,0.55790496,179.0,247.0,0.66360223,138.0,259.0,0.62991005,119.0,230.0,0.72364426,112.0,234.0,0.75221336,77.0,224.0,0.60615814,65.0,230.0,0.66961527,52.0,216.0,0.3088191,26.0,222.0,0.8100116
guy3_cobra124_flipped.jpg,215.0,217.0,0.570482,214.0,211.0,0.7558206,211.0,211.0,0.7041825,199.0,208.0,0.67297244,192.0,208.0,0.84083766,186.0,214.0,0.59040546,168.0,220.0,0.7195896,160.0,222.0,0.19593534,124.0,229.0,0.45524228,179.0,244.0,0.7695134,141.0,257.0,0.56522197,117.0,229.0,0.7431805,112.0,233.0,0.7776206,74.0,223.0,0.65248644,65.0,230.0,0.7396121,33.0,217.0,0.4851984,26.0,221.0,0.7082952
guy3_cobra125.jpg,85.0,215.0,0.7871849,87.0,209.0,0.64094603,85.0,209.0,0.6098211,104.0,206.0,0.6547424,100.0,206.0,0.5770319,123.0,213.0,0.7411871,115.0,210.0,0.5356622,173.0,225.0,0.4861952,134.0,219.0,0.10329579,158.0,253.0,0.8173065,120.0,243.0,0.4312593,187.0,231.0,0.6937891,186.0,224.0,0.58549917,230.0,228.0,0.7054622,225.0,221.0,0.57280743,277.0,220.0,0.66014725,267.0,215.0,0.50143903
guy3_cobra125_flipped.jpg,217.0,215.0,0.5819855,216.0,210.0,0.7024921,212.0,209.0,0.7911155,201.0,207.0,0.5338931,194.0,207.0,0.71799886,187.0,211.0,0.5674659,170.0,217.0,0.66837615,166.0,218.0,0.1579952,127.0,224.0,0.36096787,181.0,242.0,0.73177433,141.0,253.0,0.4008408,118.0,225.0,0.7613423,112.0,230.0,0.773522,75.0,221.0,0.62592864,66.0,227.0,0.6412071,31.0,213.0,0.5554948,24.0,217.0,0.7891861
guy3_cobra126.jpg,84.0,213.0,0.7905437,86.0,207.0,0.7090814,84.0,207.0,0.603239,102.0,204.0,0.8584006,98.0,204.0,0.5759257,125.0,212.0,0.7326044,113.0,207.0,0.5402882,173.0,224.0,0.47390547,142.0,210.0,0.1906139,157.0,250.0,0.79383343,120.0,238.0,0.4424648,188.0,229.0,0.7058456,185.0,219.0,0.61126876,228.0,226.0,0.5741349,220.0,219.0,0.37398046,277.0,218.0,0.72560024,251.0,210.0,0.4122403
guy3_cobra126_flipped.jpg,218.0,214.0,0.6369076,218.0,208.0,0.43806154,214.0,208.0,0.6281929,203.0,205.0,0.54001284,196.0,204.0,0.7499061,187.0,209.0,0.6518583,173.0,214.0,0.6812124,165.0,216.0,0.18534775,126.0,221.0,0.4396509,181.0,238.0,0.4207061,143.0,250.0,0.66097784,117.0,223.0,0.7809072,111.0,227.0,0.7859043,73.0,218.0,0.6090345,65.0,223.0,0.73035216,28.0,213.0,0.564203,24.0,217.0,0.7544431
guy3_cobra127.jpg,81.0,212.0,0.7638062,83.0,206.0,0.71935785,81.0,206.0,0.76667064,100.0,202.0,0.7501638,95.0,202.0,0.65161264,121.0,209.0,0.6663461,113.0,206.0,0.64897144,170.0,221.0,0.39298987,145.0,208.0,0.23075956,154.0,247.0,0.78538704,121.0,236.0,0.44596842,185.0,226.0,0.729512,185.0,218.0,0.5744515,228.0,223.0,0.7371622,223.0,217.0,0.49512628,275.0,215.0,0.70834315,265.0,210.0,0.67898965
guy3_cobra127_flipped.jpg,219.0,213.0,0.68948305,219.0,207.0,0.57982206,215.0,206.0,0.5955672,204.0,203.0,0.6410029,197.0,202.0,0.6017927,188.0,205.0,0.65358675,174.0,210.0,0.63234794,167.0,210.0,0.13997655,127.0,216.0,0.42692664,183.0,236.0,0.48263842,144.0,246.0,0.617746,120.0,221.0,0.7391248,114.0,224.0,0.7760565,77.0,217.0,0.64977133,68.0,221.0,0.7048844,32.0,210.0,0.49685097,26.0,213.0,0.7546447
guy3_cobra128.jpg,80.0,211.0,0.6776804,82.0,205.0,0.5847268,81.0,204.0,0.5472348,98.0,200.0,0.7093952,95.0,200.0,0.7156584,119.0,207.0,0.6653067,116.0,200.0,0.54798406,168.0,218.0,0.35882115,148.0,204.0,0.27233446,152.0,242.0,0.69111013,134.0,231.0,0.1840216,187.0,223.0,0.65151966,187.0,212.0,0.5539478,228.0,220.0,0.6352562,224.0,213.0,0.40675518,274.0,210.0,0.5498146,267.0,207.0,0.6739751
guy3_cobra128_flipped.jpg,220.0,210.0,0.60482633,220.0,204.0,0.7248734,217.0,204.0,0.8189242,204.0,201.0,0.5280646,199.0,200.0,0.7847493,188.0,204.0,0.49767655,174.0,207.0,0.7396766,162.0,205.0,0.18086916,128.0,213.0,0.45267707,176.0,232.0,0.3654067,145.0,241.0,0.6490278,120.0,217.0,0.75323576,114.0,221.0,0.7949172,78.0,213.0,0.581918,69.0,218.0,0.6992898,34.0,205.0,0.51829857,26.0,210.0,0.690018
guy3_cobra129.jpg,79.0,208.0,0.7320832,81.0,202.0,0.4882068,78.0,202.0,0.6269568,96.0,198.0,0.7432256,92.0,198.0,0.5428033,118.0,205.0,0.6501876,107.0,200.0,0.59295595,165.0,214.0,0.39726368,129.0,202.0,0.10607189,151.0,239.0,0.79460746,114.0,229.0,0.16092543,185.0,220.0,0.73298144,183.0,210.0,0.6237997,224.0,218.0,0.6367487,215.0,211.0,0.37204367,273.0,209.0,0.6817173,260.0,204.0,0.59785736
guy3_cobra129_flipped.jpg,222.0,208.0,0.6580175,221.0,202.0,0.5019591,219.0,202.0,0.7426133,206.0,199.0,0.5978451,201.0,199.0,0.76322204,192.0,203.0,0.5465644,175.0,206.0,0.59211075,180.0,210.0,0.271362,131.0,212.0,0.41161865,185.0,231.0,0.32111487,148.0,239.0,0.6256615,121.0,214.0,0.7440605,116.0,218.0,0.7873992,76.0,211.0,0.59748316,68.0,214.0,0.66241467,28.0,205.0,0.440334,24.0,208.0,0.7537816
guy3_cobra130.jpg,77.0,205.0,0.5396683,78.0,200.0,0.7402781,76.0,200.0,0.6928879,94.0,196.0,0.66890115,90.0,195.0,0.56362724,117.0,201.0,0.65821207,106.0,197.0,0.4824341,167.0,209.0,0.41738284,134.0,196.0,0.13494255,150.0,235.0,0.65962565,114.0,224.0,0.3060223,184.0,216.0,0.7611825,182.0,206.0,0.627502,227.0,212.0,0.5338412,221.0,206.0,0.58618736,276.0,208.0,0.7633846,262.0,203.0,0.55150175
guy3_cobra130_flipped.jpg,224.0,206.0,0.4727749,223.0,200.0,0.75225437,221.0,200.0,0.7039602,208.0,197.0,0.6947173,204.0,196.0,0.78250974,193.0,199.0,0.54362833,176.0,201.0,0.603987,173.0,198.0,0.16709505,132.0,207.0,0.4077455,183.0,224.0,0.28784195,149.0,233.0,0.6616647,124.0,209.0,0.6901222,117.0,213.0,0.7779421,78.0,207.0,0.61679786,71.0,210.0,0.6993768,31.0,201.0,0.5752909,24.0,207.0,0.64204484
guy3_cobra131_flipped.jpg,227.0,203.0,0.67875504,226.0,198.0,0.6475966,224.0,197.0,0.464913,211.0,194.0,0.69429123,206.0,193.0,0.6900413,195.0,197.0,0.5454424,178.0,198.0,0.571403,177.0,196.0,0.17250927,133.0,203.0,0.42827734,187.0,222.0,0.3734136,152.0,230.0,0.74017686,123.0,206.0,0.7613891,116.0,209.0,0.7896888,80.0,205.0,0.5166073,71.0,208.0,0.686418,33.0,199.0,0.48362997,25.0,204.0,0.8374873
guy3_cobra132_flipped.jpg,227.0,200.0,0.66871,228.0,195.0,0.57054985,225.0,193.0,0.60054046,217.0,191.0,0.2560961,208.0,190.0,0.7178072,199.0,194.0,0.4994105,184.0,198.0,0.43749824,190.0,198.0,0.18832135,139.0,200.0,0.21054626,194.0,211.0,0.13882867,152.0,225.0,0.49047852,124.0,200.0,0.44318646,115.0,204.0,0.37929225,78.0,199.0,0.27064258,73.0,204.0,0.21927491,36.0,196.0,0.2819972,25.0,201.0,0.50516564
guy3_cobra133.jpg,71.0,198.0,0.5950457,73.0,191.0,0.5206919,69.0,192.0,0.33599606,90.0,185.0,0.7091876,80.0,187.0,0.16028236,115.0,190.0,0.331396,100.0,190.0,0.38456503,156.0,202.0,0.14061235,105.0,197.0,0.10030369,144.0,221.0,0.51858866,101.0,206.0,0.15130037,177.0,202.0,0.41572297,172.0,193.0,0.374312,222.0,204.0,0.36595345,220.0,197.0,0.15881272,268.0,197.0,0.6086259,261.0,193.0,0.2446931
guy3_cobra133_flipped.jpg,229.0,199.0,0.6424551,229.0,193.0,0.6985594,227.0,192.0,0.8067881,215.0,188.0,0.65312725,209.0,187.0,0.6174335,198.0,190.0,0.55282867,182.0,194.0,0.49440566,176.0,186.0,0.14692385,138.0,196.0,0.46229684,188.0,213.0,0.25772062,155.0,222.0,0.7008967,127.0,198.0,0.74432075,120.0,202.0,0.7868222,81.0,199.0,0.63308823,74.0,201.0,0.61322296,35.0,192.0,0.55126476,27.0,198.0,0.6847561
guy3_cobra134_flipped.jpg,231.0,196.0,0.6956765,230.0,190.0,0.7997565,228.0,189.0,0.6912882,216.0,185.0,0.73514795,211.0,184.0,0.704996,201.0,188.0,0.6430408,183.0,191.0,0.44406256,182.0,189.0,0.26904246,141.0,192.0,0.35885605,191.0,210.0,0.27588663,157.0,219.0,0.59273696,128.0,192.0,0.72315466,121.0,199.0,0.7612765,80.0,193.0,0.6098016,72.0,196.0,0.6179514,35.0,187.0,0.43229592,27.0,194.0,0.6509796
guy3_cobra135_flipped.jpg,232.0,193.0,0.65029544,233.0,187.0,0.4600394,230.0,186.0,0.5362322,219.0,181.0,0.5219754,213.0,180.0,0.64701664,204.0,183.0,0.51242435,184.0,187.0,0.5229462,181.0,180.0,0.24806516,143.0,189.0,0.4283792,191.0,205.0,0.26482847,160.0,213.0,0.6365733,129.0,189.0,0.7425263,122.0,194.0,0.7852546,84.0,190.0,0.5515595,75.0,193.0,0.57712424,38.0,183.0,0.44827157,28.0,190.0,0.7050531
guy3_cobra136_flipped.jpg,233.0,189.0,0.66243786,234.0,184.0,0.6137452,232.0,182.0,0.5240272,220.0,178.0,0.5164192,215.0,177.0,0.70256317,205.0,179.0,0.48727497,187.0,182.0,0.46510962,179.0,175.0,0.25865367,142.0,184.0,0.4323993,193.0,202.0,0.2660726,160.0,210.0,0.6066121,132.0,186.0,0.7323846,125.0,190.0,0.6349719,86.0,187.0,0.6278815,77.0,190.0,0.6064574,35.0,181.0,0.51955986,28.0,187.0,0.70984185
guy3_cobra137.jpg,65.0,186.0,0.67893684,66.0,180.0,0.54175675,64.0,180.0,0.56940234,82.0,175.0,0.7436593,77.0,174.0,0.6375637,105.0,177.0,0.5990879,96.0,174.0,0.39388645,155.0,180.0,0.39023346,126.0,171.0,0.22747895,137.0,205.0,0.79455394,116.0,196.0,0.1597775,177.0,188.0,0.7203348,173.0,179.0,0.5988043,220.0,189.0,0.4530461,217.0,181.0,0.63237476,268.0,185.0,0.43437004,263.0,181.0,0.4997023
guy3_cobra137_flipped.jpg,236.0,187.0,0.6916648,236.0,181.0,0.73013324,234.0,180.0,0.6906609,223.0,176.0,0.5162964,218.0,174.0,0.74175966,209.0,176.0,0.43065873,190.0,181.0,0.4968939,174.0,172.0,0.38761237,145.0,179.0,0.3880915,194.0,200.0,0.29096365,162.0,204.0,0.6198324,134.0,182.0,0.6701964,128.0,186.0,0.63721776,88.0,184.0,0.50156546,77.0,187.0,0.60222554,37.0,179.0,0.5026508,30.0,185.0,0.7392994
guy3_cobra138.jpg,62.0,185.0,0.51718664,64.0,179.0,0.77875936,62.0,179.0,0.7158226,80.0,172.0,0.5847249,73.0,172.0,0.4217533,103.0,175.0,0.5317206,97.0,170.0,0.2715974,153.0,176.0,0.39011922,130.0,169.0,0.20745562,136.0,200.0,0.8324336,119.0,192.0,0.20954475,175.0,185.0,0.7382448,172.0,177.0,0.5056045,220.0,186.0,0.5026613,215.0,179.0,0.6247108,264.0,182.0,0.5831162,260.0,179.0,0.59317446
guy3_cobra138_flipped.jpg,238.0,185.0,0.69799757,238.0,179.0,0.7781282,237.0,178.0,0.5271579,226.0,173.0,0.54028773,220.0,172.0,0.6989517,211.0,173.0,0.44493532,190.0,179.0,0.50495285,190.0,169.0,0.2611876,149.0,177.0,0.31797823,199.0,194.0,0.25942686,164.0,200.0,0.6514735,137.0,177.0,0.70197165,130.0,183.0,0.75330365,91.0,180.0,0.52125806,80.0,183.0,0.65445244,39.0,175.0,0.48640665,32.0,180.0,0.77394617
guy3_cobra139.jpg,61.0,182.0,0.5235607,62.0,175.0,0.64025027,59.0,175.0,0.65332556,78.0,169.0,0.58405066,70.0,169.0,0.27874485,102.0,174.0,0.40482026,89.0,171.0,0.30931777,144.0,180.0,0.13411291,118.0,166.0,0.1143179,129.0,196.0,0.281223,99.0,183.0,0.108423255,164.0,182.0,0.38740483,160.0,175.0,0.3640535,215.0,182.0,0.16059406,214.0,177.0,0.23912607,259.0,179.0,0.37191188,259.0,178.0,0.33923674
guy3_cobra139_flipped.jpg,240.0,182.0,0.6285472,241.0,176.0,0.7355319,238.0,176.0,0.6291121,228.0,171.0,0.56815755,222.0,169.0,0.76937246,214.0,170.0,0.47808605,192.0,177.0,0.49763107,198.0,170.0,0.30684188,150.0,174.0,0.2853038,204.0,187.0,0.23502801,168.0,197.0,0.5911584,139.0,173.0,0.7026287,132.0,178.0,0.69249105,91.0,178.0,0.5357645,82.0,180.0,0.6347432,37.0,174.0,0.4854686,33.0,177.0,0.6139982
guy3_cobra140.jpg,59.0,181.0,0.5722119,60.0,175.0,0.5480894,58.0,176.0,0.5404229,76.0,168.0,0.8370383,71.0,168.0,0.62068105,95.0,171.0,0.60394776,92.0,165.0,0.47038254,148.0,170.0,0.34612146,131.0,161.0,0.23962907,130.0,192.0,0.72053885,116.0,177.0,0.116016984,170.0,179.0,0.7543672,167.0,171.0,0.51983345,217.0,179.0,0.49142343,214.0,174.0,0.5938566,261.0,176.0,0.48150405,259.0,174.0,0.62869585
guy3_cobra140_flipped.jpg,242.0,180.0,0.6375524,242.0,175.0,0.6416923,238.0,174.0,0.46023884,229.0,170.0,0.44155127,224.0,168.0,0.8327619,216.0,168.0,0.5896079,196.0,176.0,0.35359663,194.0,165.0,0.2919632,155.0,171.0,0.26088247,206.0,185.0,0.24213846,168.0,194.0,0.6098245,141.0,171.0,0.6645836,136.0,176.0,0.7357241,94.0,175.0,0.50397635,83.0,177.0,0.6033656,36.0,173.0,0.5070769,32.0,177.0,0.6369573
