guy3_dog025.jpg,191.0,171.0,0.40162873,197.0,171.0,0.59260243,190.0,172.0,0.3860975,201.0,157.0,0.42991823,184.0,160.0,0.5503922,202.0,134.0,0.48189908,160.0,142.0,0.5422385,201.0,168.0,0.5978774,147.0,183.0,0.8084961,207.0,203.0,0.46204394,158.0,219.0,0.6946963,148.0,87.0,0.6555014,123.0,93.0,0.71941614,131.0,141.0,0.38321647,111.0,143.0,0.56261075,109.0,144.0,0.28260723,89.0,148.0,0.44045237
guy3_dog025_flipped.jpg,107.0,166.0,0.3999797,108.0,168.0,0.5647111,102.0,168.0,0.6394995,116.0,157.0,0.62499654,98.0,157.0,0.49312973,138.0,144.0,0.761179,97.0,133.0,0.5363755,153.0,184.0,0.9125477,95.0,169.0,0.7231778,141.0,217.0,0.8582453,91.0,202.0,0.83860373,176.0,88.0,0.85168856,153.0,85.0,0.66339314,185.0,137.0,0.484072,167.0,134.0,0.60348284,205.0,151.0,0.4522488,189.0,147.0,0.5673019
guy3_dog026.jpg,184.0,171.0,0.48496345,191.0,170.0,0.5803938,184.0,171.0,0.56577194,195.0,159.0,0.48424664,179.0,160.0,0.615082,200.0,136.0,0.7382734,156.0,143.0,0.7327627,199.0,168.0,0.61292493,144.0,182.0,0.7086276,206.0,203.0,0.40648693,157.0,218.0,0.78775966,145.0,81.0,0.77014744,121.0,87.0,0.66695106,130.0,137.0,0.47960016,107.0,140.0,0.48629475,109.0,143.0,0.25917575,88.0,147.0,0.57847273
guy3_dog026_flipped.jpg,110.0,165.0,0.45805058,111.0,168.0,0.43131122,104.0,168.0,0.53949976,119.0,156.0,0.55350566,99.0,156.0,0.6648767,141.0,145.0,0.62674165,100.0,134.0,0.65825725,155.0,185.0,0.8858301,97.0,168.0,0.6776719,142.0,217.0,0.8929784,91.0,202.0,0.7795743,174.0,85.0,0.7937737,152.0,80.0,0.6620407,187.0,132.0,0.7181487,171.0,133.0,0.5963187,209.0,152.0,0.8485366,186.0,149.0,0.6112394
guy3_dog027.jpg,182.0,169.0,0.44294417,187.0,169.0,0.5683441,181.0,170.0,0.5679344,191.0,159.0,0.45066136,176.0,160.0,0.53207827,197.0,137.0,0.7292336,152.0,142.0,0.5728154,198.0,168.0,0.7153925,142.0,184.0,0.7735306,205.0,203.0,0.47311744,155.0,219.0,0.5375439,147.0,78.0,0.77513146,121.0,83.0,0.6450114,128.0,131.0,0.45025352,106.0,135.0,0.48071444,112.0,143.0,0.25682226,92.0,147.0,0.7434511
guy3_dog027_flipped.jpg,114.0,167.0,0.45830762,115.0,169.0,0.5713241,108.0,169.0,0.48910788,122.0,156.0,0.57262194,102.0,157.0,0.54296184,143.0,143.0,0.6528181,103.0,133.0,0.6932471,156.0,185.0,0.85226226,98.0,169.0,0.7379657,143.0,218.0,0.74206245,92.0,202.0,0.6426992,173.0,82.0,0.7081808,152.0,75.0,0.69753927,186.0,129.0,0.7049815,171.0,129.0,0.5672765,208.0,150.0,0.78330773,188.0,147.0,0.5906236
guy3_dog028.jpg,180.0,168.0,0.46276766,185.0,168.0,0.43047142,179.0,169.0,0.44289377,189.0,158.0,0.6030761,172.0,159.0,0.49235108,193.0,137.0,0.71917266,149.0,141.0,0.6661352,197.0,167.0,0.66639066,140.0,184.0,0.65567863,204.0,203.0,0.4983756,154.0,219.0,0.64712405,145.0,76.0,0.6560565,120.0,80.0,0.71363103,129.0,128.0,0.5765228,105.0,131.0,0.6260835,113.0,141.0,0.16428962,92.0,146.0,0.70718884
guy3_dog028_flipped.jpg,118.0,167.0,0.47176322,120.0,169.0,0.58866537,113.0,169.0,0.49049884,128.0,158.0,0.58503926,107.0,158.0,0.47894666,146.0,143.0,0.8421882,104.0,135.0,0.7315309,158.0,184.0,0.8270554,99.0,172.0,0.6388588,145.0,217.0,0.8437911,94.0,203.0,0.7948634,174.0,76.0,0.70210516,155.0,71.0,0.8086071,190.0,126.0,0.66092014,170.0,127.0,0.53536886,206.0,148.0,0.6043755,187.0,147.0,0.5953186
guy3_dog029.jpg,178.0,165.0,0.40043756,184.0,165.0,0.46560854,177.0,167.0,0.41001627,188.0,157.0,0.56421554,169.0,159.0,0.52851427,191.0,137.0,0.75387466,148.0,141.0,0.65626645,197.0,169.0,0.5881638,139.0,184.0,0.698094,204.0,203.0,0.5541966,153.0,218.0,0.79526865,144.0,75.0,0.6802572,122.0,79.0,0.53829986,123.0,126.0,0.34794742,106.0,127.0,0.58825934,113.0,140.0,0.12016801,94.0,145.0,0.5492735
guy3_dog029_flipped.jpg,119.0,167.0,0.35514367,122.0,170.0,0.61130786,115.0,169.0,0.6281335,132.0,159.0,0.66131747,110.0,157.0,0.7009659,151.0,144.0,0.6612391,108.0,134.0,0.7179564,160.0,185.0,0.83915067,103.0,172.0,0.42864722,146.0,217.0,0.8315568,95.0,203.0,0.8398315,177.0,74.0,0.8410124,156.0,67.0,0.87541306,189.0,121.0,0.72381485,174.0,121.0,0.5396401,206.0,147.0,0.6522661,186.0,144.0,0.75203526
guy3_dog030.jpg,178.0,168.0,0.31027278,183.0,167.0,0.40074077,176.0,170.0,0.4892714,185.0,159.0,0.4392919,166.0,161.0,0.5477853,187.0,137.0,0.6854395,145.0,142.0,0.52521956,196.0,172.0,0.50165045,137.0,184.0,0.6573122,204.0,203.0,0.5475801,152.0,219.0,0.71781915,143.0,73.0,0.73418,121.0,78.0,0.6594995,121.0,122.0,0.3520086,106.0,123.0,0.47339135,107.0,141.0,0.29710522,94.0,146.0,0.5124812
guy3_dog030_flipped.jpg,124.0,165.0,0.4492573,126.0,168.0,0.55363977,118.0,167.0,0.49272722,136.0,158.0,0.6994748,113.0,157.0,0.6771448,154.0,144.0,0.62893546,110.0,134.0,0.7362137,162.0,184.0,0.8368146,104.0,173.0,0.5365948,148.0,217.0,0.7894846,95.0,203.0,0.8738738,177.0,73.0,0.87713164,155.0,69.0,0.8630919,192.0,118.0,0.73050225,174.0,119.0,0.6165688,204.0,145.0,0.7407249,185.0,142.0,0.7044635
guy3_dog031.jpg,173.0,165.0,0.30904913,178.0,165.0,0.47040927,171.0,167.0,0.38600668,181.0,157.0,0.47678518,163.0,160.0,0.34771243,183.0,137.0,0.64806354,142.0,141.0,0.6058898,194.0,174.0,0.57150686,134.0,184.0,0.5259297,203.0,203.0,0.5231483,149.0,218.0,0.6878185,140.0,71.0,0.71006334,120.0,73.0,0.48256084,120.0,120.0,0.2358591,105.0,121.0,0.5419694,105.0,142.0,0.24167544,94.0,144.0,0.37938738
guy3_dog031_flipped.jpg,125.0,164.0,0.37752056,127.0,167.0,0.4898921,120.0,167.0,0.52679163,136.0,159.0,0.67234945,116.0,158.0,0.48785177,156.0,144.0,0.64363015,113.0,135.0,0.71559787,164.0,184.0,0.73390156,105.0,172.0,0.609094,149.0,217.0,0.68372464,95.0,203.0,0.8444856,181.0,70.0,0.78146005,157.0,66.0,0.85775274,193.0,116.0,0.6773946,176.0,117.0,0.76449037,203.0,145.0,0.579489,187.0,142.0,0.66001534
guy3_dog032.jpg,168.0,165.0,0.37561536,174.0,165.0,0.5376686,167.0,167.0,0.4590562,177.0,158.0,0.5245134,159.0,159.0,0.4400381,183.0,140.0,0.5083988,139.0,144.0,0.6061459,193.0,174.0,0.7150286,133.0,183.0,0.7676116,203.0,203.0,0.56158596,148.0,217.0,0.77213347,138.0,67.0,0.7606636,118.0,72.0,0.6498213,132.0,121.0,0.22704202,104.0,121.0,0.6507849,110.0,143.0,0.17373061,95.0,146.0,0.57781494
guy3_dog032_flipped.jpg,128.0,163.0,0.4722994,131.0,167.0,0.42235807,123.0,166.0,0.5446627,141.0,158.0,0.6595674,120.0,157.0,0.7321082,159.0,145.0,0.62414455,118.0,136.0,0.68677175,166.0,183.0,0.79846156,105.0,173.0,0.8278206,151.0,215.0,0.70860755,96.0,202.0,0.8176297,183.0,67.0,0.81429034,159.0,63.0,0.8547352,193.0,114.0,0.73039687,173.0,116.0,0.669405,202.0,145.0,0.65744984,183.0,142.0,0.68817455
guy3_dog033.jpg,166.0,163.0,0.34504622,170.0,164.0,0.414136,163.0,166.0,0.4883097,173.0,157.0,0.5106466,155.0,158.0,0.46718782,179.0,139.0,0.68425536,138.0,141.0,0.68922865,192.0,174.0,0.6405878,131.0,182.0,0.77732897,200.0,203.0,0.6244168,145.0,216.0,0.54205364,137.0,68.0,0.6840662,117.0,71.0,0.5732696,132.0,120.0,0.22410272,104.0,120.0,0.6420135,109.0,144.0,0.20632485,96.0,146.0,0.60033107
guy3_dog033_flipped.jpg,130.0,161.0,0.38881087,132.0,166.0,0.5978359,125.0,165.0,0.64090484,143.0,159.0,0.65184975,122.0,158.0,0.54105234,160.0,144.0,0.5375215,120.0,136.0,0.6377577,167.0,182.0,0.67034805,107.0,172.0,0.741897,153.0,214.0,0.60644245,98.0,202.0,0.72384477,185.0,68.0,0.8865986,162.0,66.0,0.85313517,194.0,112.0,0.7904264,172.0,115.0,0.51064515,197.0,145.0,0.37275332,183.0,143.0,0.67749035
guy3_dog034.jpg,160.0,166.0,0.32290837,165.0,167.0,0.5275295,158.0,168.0,0.55967104,168.0,159.0,0.50355685,150.0,160.0,0.53547263,174.0,139.0,0.6779786,134.0,142.0,0.5642239,189.0,174.0,0.79430443,131.0,183.0,0.6459011,198.0,202.0,0.4955114,144.0,214.0,0.7096955,136.0,69.0,0.6226039,116.0,72.0,0.6246344,131.0,121.0,0.24284638,104.0,119.0,0.6440399,110.0,144.0,0.22472452,96.0,147.0,0.5184138
guy3_dog034_flipped.jpg,135.0,161.0,0.43295506,138.0,166.0,0.4658418,130.0,165.0,0.61580926,149.0,159.0,0.69146967,127.0,158.0,0.57833886,166.0,147.0,0.7399751,124.0,136.0,0.65752125,168.0,184.0,0.7723154,109.0,172.0,0.8715185,155.0,212.0,0.82654315,100.0,202.0,0.8208757,186.0,66.0,0.89593935,164.0,63.0,0.7927035,196.0,110.0,0.690946,175.0,113.0,0.51366854,202.0,145.0,0.5710383,177.0,147.0,0.29161966
guy3_dog035_flipped.jpg,138.0,161.0,0.36072433,142.0,167.0,0.48896325,133.0,165.0,0.5461689,151.0,159.0,0.67620826,130.0,158.0,0.51137936,167.0,144.0,0.5588162,125.0,135.0,0.69130147,168.0,181.0,0.87398773,112.0,171.0,0.7928035,157.0,212.0,0.7844234,103.0,200.0,0.6545961,186.0,64.0,0.8898187,163.0,62.0,0.8298495,195.0,110.0,0.69768167,169.0,111.0,0.53685313,201.0,145.0,0.50487125,176.0,144.0,0.33299026
guy3_dog036.jpg,154.0,162.0,0.32496518,159.0,164.0,0.51766074,152.0,165.0,0.55368257,163.0,155.0,0.5286226,144.0,158.0,0.4819443,169.0,135.0,0.6621498,128.0,139.0,0.5371442,184.0,170.0,0.73406535,127.0,180.0,0.7901074,194.0,202.0,0.52330625,139.0,212.0,0.69060177,134.0,66.0,0.6293995,114.0,71.0,0.58559084,130.0,118.0,0.2515479,102.0,119.0,0.6914946,123.0,142.0,0.12461414,97.0,147.0,0.45544222
guy3_dog036_flipped.jpg,143.0,160.0,0.3417498,146.0,165.0,0.6490376,138.0,164.0,0.58167225,156.0,157.0,0.6506845,134.0,157.0,0.67339873,171.0,144.0,0.72390306,129.0,133.0,0.6822667,170.0,180.0,0.88834226,112.0,170.0,0.8235875,159.0,211.0,0.69916975,104.0,200.0,0.6306652,187.0,63.0,0.8841025,164.0,60.0,0.84422463,196.0,111.0,0.6654024,171.0,110.0,0.494594,201.0,143.0,0.6519784,177.0,144.0,0.30250773
guy3_dog037.jpg,153.0,161.0,0.4455975,159.0,162.0,0.39527246,151.0,164.0,0.45870215,163.0,155.0,0.4793928,143.0,157.0,0.5881897,168.0,135.0,0.5628003,126.0,141.0,0.6030369,181.0,169.0,0.7820175,126.0,179.0,0.69961655,192.0,199.0,0.5261562,137.0,210.0,0.6601772,135.0,68.0,0.58403367,115.0,71.0,0.66792345,131.0,117.0,0.2702989,103.0,116.0,0.6676053,125.0,140.0,0.15563394,97.0,145.0,0.5804799
guy3_dog037_flipped.jpg,144.0,160.0,0.32206485,146.0,164.0,0.61061144,139.0,163.0,0.58215415,157.0,156.0,0.55597997,135.0,156.0,0.5413743,171.0,145.0,0.67098725,130.0,133.0,0.6547763,173.0,180.0,0.6782459,114.0,169.0,0.8446109,161.0,210.0,0.7029792,107.0,200.0,0.80498457,187.0,63.0,0.7429365,165.0,62.0,0.79987746,197.0,110.0,0.55751455,173.0,107.0,0.5960047,201.0,142.0,0.6345213,178.0,142.0,0.3129585
guy3_dog038_flipped.jpg,146.0,161.0,0.4934571,149.0,166.0,0.6117857,141.0,164.0,0.58104026,159.0,157.0,0.62414056,137.0,156.0,0.62484825,174.0,146.0,0.508525,130.0,135.0,0.6703283,174.0,178.0,0.8796498,117.0,167.0,0.751911,164.0,207.0,0.77300406,110.0,199.0,0.8580898,187.0,64.0,0.8667089,165.0,62.0,0.7442161,196.0,108.0,0.6370667,171.0,108.0,0.6525042,199.0,143.0,0.5053852,179.0,139.0,0.32002667
guy3_dog039.jpg,148.0,160.0,0.4126077,153.0,161.0,0.51859677,145.0,163.0,0.45697013,157.0,153.0,0.5059273,138.0,156.0,0.55065274,164.0,135.0,0.6924783,122.0,139.0,0.4544924,178.0,168.0,0.7239275,123.0,175.0,0.6867755,188.0,197.0,0.4235735,133.0,207.0,0.5913502,133.0,67.0,0.5123459,111.0,69.0,0.6918416,138.0,110.0,0.2976762,110.0,117.0,0.49096727,133.0,134.0,0.13711669,99.0,143.0,0.4663816
guy3_dog039_flipped.jpg,148.0,159.0,0.41568682,151.0,163.0,0.5587928,142.0,162.0,0.47407284,161.0,155.0,0.6441151,139.0,154.0,0.4266631,176.0,142.0,0.5868895,132.0,132.0,0.5115997,176.0,176.0,0.8889951,119.0,166.0,0.67306906,165.0,207.0,0.7028532,111.0,198.0,0.8849493,187.0,64.0,0.8664525,166.0,63.0,0.8182032,196.0,109.0,0.5483414,174.0,109.0,0.5172763,199.0,142.0,0.57839704,192.0,140.0,0.524497
guy3_dog040.jpg,145.0,159.0,0.39283568,149.0,161.0,0.5851549,141.0,162.0,0.41527215,154.0,152.0,0.5296328,135.0,155.0,0.4711425,163.0,133.0,0.6631352,120.0,137.0,0.3459982,176.0,166.0,0.57322145,120.0,176.0,0.6667844,186.0,195.0,0.59596336,129.0,204.0,0.73921925,133.0,67.0,0.6581295,110.0,68.0,0.72176015,142.0,110.0,0.3097545,111.0,115.0,0.589872,138.0,127.0,0.10954182,100.0,140.0,0.4438536
guy3_dog040_flipped.jpg,150.0,157.0,0.44562346,154.0,161.0,0.5606763,145.0,161.0,0.59732366,163.0,153.0,0.5561074,140.0,153.0,0.6447128,176.0,140.0,0.48241884,134.0,131.0,0.71051973,178.0,175.0,0.82605517,120.0,164.0,0.83942664,168.0,203.0,0.6959473,113.0,194.0,0.83812094,188.0,66.0,0.7578676,166.0,65.0,0.7419493,196.0,108.0,0.5910616,175.0,109.0,0.35866055,199.0,140.0,0.564839,193.0,139.0,0.48024765
guy3_dog041_flipped.jpg,154.0,157.0,0.40995863,156.0,161.0,0.52843106,148.0,160.0,0.57579815,166.0,154.0,0.60562885,142.0,152.0,0.5563857,179.0,138.0,0.6284024,134.0,131.0,0.69561845,178.0,173.0,0.8199334,122.0,162.0,0.71363956,170.0,203.0,0.72641915,116.0,193.0,0.8661423,188.0,66.0,0.68677527,165.0,68.0,0.7100923,197.0,108.0,0.66193247,175.0,114.0,0.40154868,199.0,139.0,0.55243456,193.0,139.0,0.45734614
guy3_dog042_flipped.jpg,153.0,154.0,0.42146882,158.0,159.0,0.46192327,148.0,158.0,0.5495318,165.0,152.0,0.60341775,143.0,151.0,0.61909294,180.0,140.0,0.72952586,135.0,133.0,0.6385926,181.0,171.0,0.7574961,122.0,164.0,0.6875277,173.0,201.0,0.639481,117.0,194.0,0.787831,188.0,63.0,0.80871123,166.0,63.0,0.7839929,197.0,108.0,0.41482082,178.0,111.0,0.35312104,198.0,137.0,0.4997747,195.0,136.0,0.5577977
guy3_dog043.jpg,142.0,155.0,0.42823476,147.0,157.0,0.54681337,139.0,157.0,0.4709387,152.0,150.0,0.49228433,134.0,152.0,0.56978047,161.0,133.0,0.73729014,119.0,136.0,0.53343606,172.0,165.0,0.620093,117.0,170.0,0.63217163,181.0,193.0,0.604288,124.0,199.0,0.78350073,135.0,65.0,0.6307547,114.0,67.0,0.6355845,142.0,109.0,0.28213394,113.0,114.0,0.5438625,133.0,130.0,0.100705795,105.0,136.0,0.35228074
guy3_dog043_flipped.jpg,154.0,153.0,0.38276342,158.0,157.0,0.54474664,149.0,156.0,0.5658202,166.0,150.0,0.617131,143.0,149.0,0.40402737,180.0,138.0,0.5359924,138.0,130.0,0.6268959,182.0,170.0,0.76357013,124.0,163.0,0.89074475,175.0,199.0,0.7724318,118.0,192.0,0.85677403,186.0,62.0,0.69455403,166.0,62.0,0.76145536,197.0,106.0,0.41909948,174.0,108.0,0.3179651,196.0,139.0,0.3895074,194.0,137.0,0.5728365
guy3_dog044.jpg,142.0,154.0,0.3756942,147.0,155.0,0.4533981,139.0,156.0,0.54102683,151.0,148.0,0.53466606,133.0,149.0,0.3941206,159.0,130.0,0.5807217,118.0,134.0,0.37316108,171.0,161.0,0.71214193,116.0,168.0,0.44336396,180.0,192.0,0.44212905,123.0,197.0,0.71416104,134.0,64.0,0.66233474,113.0,67.0,0.62410617,133.0,104.0,0.2838702,112.0,112.0,0.50114197,126.0,129.0,0.10422569,106.0,133.0,0.19327259
guy3_dog044_flipped.jpg,155.0,151.0,0.4310109,158.0,156.0,0.513577,149.0,155.0,0.58194923,166.0,149.0,0.6338029,144.0,149.0,0.39887494,180.0,138.0,0.6411208,139.0,129.0,0.6127726,184.0,169.0,0.73918056,125.0,161.0,0.7772441,176.0,198.0,0.76298565,120.0,190.0,0.90319455,187.0,62.0,0.7551395,166.0,60.0,0.62030727,194.0,108.0,0.3782888,185.0,108.0,0.23227067,196.0,137.0,0.31474134,194.0,135.0,0.5042161
guy3_dog045.jpg,144.0,153.0,0.35671324,148.0,155.0,0.41440806,140.0,155.0,0.5540056,151.0,147.0,0.52105093,133.0,149.0,0.44165084,159.0,129.0,0.7007526,117.0,132.0,0.49361965,171.0,162.0,0.7129565,115.0,167.0,0.6680504,179.0,187.0,0.31099504,121.0,195.0,0.44618157,134.0,62.0,0.5001882,113.0,63.0,0.66737396,138.0,104.0,0.3394091,116.0,111.0,0.5521389,132.0,128.0,0.15038025,114.0,132.0,0.22361569
guy3_dog045_flipped.jpg,158.0,149.0,0.42781195,161.0,154.0,0.38912368,152.0,154.0,0.5297856,168.0,148.0,0.48015845,147.0,148.0,0.4721973,181.0,136.0,0.60709035,140.0,127.0,0.6021972,185.0,167.0,0.78879565,124.0,159.0,0.8508052,178.0,193.0,0.7047839,120.0,189.0,0.7009233,187.0,61.0,0.57292664,165.0,63.0,0.6880687,191.0,103.0,0.38885874,176.0,103.0,0.25595316,192.0,131.0,0.31411892,187.0,130.0,0.2494099
guy3_dog046.jpg,142.0,154.0,0.38309684,146.0,156.0,0.5142174,139.0,156.0,0.5393592,150.0,147.0,0.49996147,131.0,149.0,0.40765423,158.0,128.0,0.6409355,115.0,132.0,0.52462745,171.0,161.0,0.7386185,114.0,164.0,0.5529183,177.0,186.0,0.45564315,121.0,193.0,0.7191156,134.0,59.0,0.5812979,113.0,62.0,0.5975505,142.0,109.0,0.26916945,116.0,112.0,0.5124049,134.0,128.0,0.13019444,118.0,128.0,0.21182454
guy3_dog046_flipped.jpg,159.0,148.0,0.3911,162.0,154.0,0.41120866,153.0,153.0,0.53711843,168.0,148.0,0.4701587,148.0,147.0,0.56285554,182.0,132.0,0.5364518,141.0,127.0,0.599101,184.0,166.0,0.7500272,126.0,160.0,0.78530777,179.0,192.0,0.79863346,122.0,186.0,0.8193565,186.0,56.0,0.7861413,164.0,56.0,0.7218292,192.0,104.0,0.42222953,173.0,108.0,0.25538486,190.0,129.0,0.26890263,182.0,127.0,0.28768188
guy3_dog047.jpg,140.0,151.0,0.34459332,145.0,154.0,0.3365545,138.0,154.0,0.46099994,148.0,146.0,0.4155587,131.0,147.0,0.45166856,158.0,128.0,0.70799065,116.0,132.0,0.4484298,170.0,159.0,0.726135,115.0,164.0,0.60569835,176.0,187.0,0.56020314,120.0,193.0,0.7003081,135.0,62.0,0.42728886,115.0,64.0,0.58132774,142.0,110.0,0.31022575,119.0,114.0,0.39544043,129.0,126.0,0.16997871,119.0,128.0,0.25156927
guy3_dog047_flipped.jpg,159.0,146.0,0.41891614,161.0,151.0,0.443574,153.0,151.0,0.52518976,167.0,145.0,0.45303202,147.0,146.0,0.4909009,182.0,130.0,0.6844095,141.0,125.0,0.6112231,185.0,162.0,0.82982314,127.0,157.0,0.839703,179.0,192.0,0.83795834,123.0,184.0,0.8613261,187.0,57.0,0.70716685,163.0,60.0,0.5220672,189.0,107.0,0.41876876,174.0,112.0,0.22598293,185.0,130.0,0.24212883,180.0,128.0,0.18318821
guy3_dog048.jpg,141.0,151.0,0.36603236,146.0,154.0,0.43809652,138.0,154.0,0.5580722,149.0,146.0,0.48111084,130.0,147.0,0.48672,159.0,128.0,0.72504616,116.0,131.0,0.46206945,170.0,160.0,0.7980555,113.0,162.0,0.5973502,175.0,185.0,0.7228952,119.0,189.0,0.803557,136.0,61.0,0.44935584,115.0,63.0,0.62024796,146.0,111.0,0.30547875,118.0,114.0,0.41571826,139.0,130.0,0.16920856,121.0,128.0,0.17239815
guy3_dog048_flipped.jpg,158.0,146.0,0.42551276,160.0,151.0,0.5876988,152.0,151.0,0.5236204,167.0,145.0,0.5676058,146.0,145.0,0.43896112,182.0,129.0,0.6902535,140.0,124.0,0.5836936,187.0,160.0,0.6038866,127.0,158.0,0.8142735,180.0,188.0,0.8667047,124.0,184.0,0.8341596,185.0,58.0,0.7600764,162.0,60.0,0.56718224,186.0,107.0,0.45720974,169.0,112.0,0.24355012,182.0,131.0,0.24697995,177.0,129.0,0.1601437
guy3_dog049.jpg,142.0,152.0,0.2968785,146.0,154.0,0.3985437,139.0,155.0,0.5565227,149.0,146.0,0.46564266,131.0,148.0,0.4105307,159.0,127.0,0.5421418,117.0,131.0,0.5284686,170.0,157.0,0.72656846,113.0,161.0,0.64792883,174.0,183.0,0.6786473,119.0,189.0,0.76193166,138.0,60.0,0.5690342,116.0,62.0,0.6127901,142.0,106.0,0.3718257,119.0,112.0,0.41097602,138.0,128.0,0.14751361,123.0,129.0,0.18872385
guy3_dog049_flipped.jpg,157.0,144.0,0.40824726,160.0,150.0,0.48370117,151.0,149.0,0.50574404,167.0,144.0,0.41556638,146.0,143.0,0.41010085,182.0,128.0,0.69843423,141.0,121.0,0.67606205,185.0,160.0,0.7517633,128.0,156.0,0.6058234,181.0,188.0,0.80411047,125.0,184.0,0.70549834,185.0,59.0,0.51801133,164.0,59.0,0.6408678,187.0,103.0,0.39458132,173.0,103.0,0.20480004,181.0,128.0,0.19217229,177.0,127.0,0.17708099
guy3_dog050_flipped.jpg,158.0,145.0,0.4056829,160.0,149.0,0.49001068,152.0,149.0,0.54041165,167.0,143.0,0.43609345,147.0,143.0,0.47398472,182.0,128.0,0.75259674,141.0,121.0,0.50150454,185.0,161.0,0.72523946,128.0,155.0,0.8012884,181.0,187.0,0.7140174,125.0,180.0,0.8139221,184.0,57.0,0.595088,161.0,58.0,0.61114514,184.0,104.0,0.255542,172.0,101.0,0.18359025,179.0,124.0,0.10478319,176.0,123.0,0.11591515
guy3_dog051_flipped.jpg,157.0,145.0,0.39976043,160.0,150.0,0.5447334,152.0,150.0,0.52588135,167.0,144.0,0.5705851,145.0,144.0,0.42183864,181.0,127.0,0.7302482,139.0,121.0,0.67026675,184.0,160.0,0.7584785,127.0,156.0,0.734817,180.0,184.0,0.7957674,125.0,179.0,0.8624697,181.0,53.0,0.674775,160.0,53.0,0.6246089,183.0,100.0,0.20507461,167.0,104.0,0.22294483,179.0,129.0,0.17848174,172.0,127.0,0.14376564
guy3_dog052_flipped.jpg,154.0,146.0,0.39014065,157.0,151.0,0.5185473,149.0,151.0,0.5361498,164.0,144.0,0.48855093,142.0,146.0,0.4769009,177.0,127.0,0.7135575,137.0,122.0,0.5223527,183.0,161.0,0.7840527,127.0,153.0,0.74328935,181.0,184.0,0.79780155,125.0,180.0,0.8495929,178.0,53.0,0.6531565,156.0,53.0,0.6905291,181.0,99.0,0.3484913,162.0,100.0,0.26837704,179.0,127.0,0.16681926,168.0,125.0,0.1324195
guy3_dog053_flipped.jpg,153.0,145.0,0.35185543,156.0,150.0,0.5053215,148.0,150.0,0.5553591,162.0,145.0,0.43193394,142.0,145.0,0.45204532,177.0,126.0,0.4758194,138.0,122.0,0.5918398,183.0,159.0,0.5925528,125.0,155.0,0.7248448,180.0,183.0,0.76365817,125.0,180.0,0.8810562,176.0,55.0,0.67447484,153.0,55.0,0.6101359,177.0,102.0,0.42335942,149.0,106.0,0.49529362,173.0,131.0,0.33916956,158.0,129.0,0.30130643
guy3_dog054.jpg,144.0,145.0,0.4474752,149.0,149.0,0.4940063,140.0,149.0,0.3528087,154.0,143.0,0.39314744,133.0,143.0,0.45953658,165.0,124.0,0.6212186,121.0,128.0,0.4881393,174.0,157.0,0.7385895,115.0,156.0,0.69283813,174.0,181.0,0.7575299,120.0,182.0,0.7983469,146.0,60.0,0.7881032,123.0,60.0,0.72980595,153.0,101.0,0.4757933,129.0,103.0,0.5407851,151.0,123.0,0.25318795,133.0,125.0,0.32426763
guy3_dog054_flipped.jpg,153.0,143.0,0.3801682,157.0,148.0,0.30510107,148.0,147.0,0.4717979,163.0,142.0,0.4699844,142.0,142.0,0.5110681,177.0,126.0,0.5373744,136.0,124.0,0.44282603,182.0,157.0,0.6010921,126.0,153.0,0.62114507,180.0,182.0,0.78234774,124.0,180.0,0.87937045,174.0,54.0,0.75524735,152.0,54.0,0.5996461,174.0,100.0,0.3726067,148.0,102.0,0.45070708,171.0,130.0,0.24834505,159.0,127.0,0.23486838
guy3_dog055.jpg,145.0,145.0,0.3815219,149.0,149.0,0.48704544,141.0,149.0,0.53454816,154.0,142.0,0.41610634,134.0,142.0,0.4351323,166.0,124.0,0.64947796,123.0,127.0,0.49055272,174.0,156.0,0.79315317,116.0,158.0,0.66965234,175.0,181.0,0.7063279,120.0,182.0,0.5414398,148.0,61.0,0.7783723,125.0,62.0,0.7024585,155.0,102.0,0.43527156,130.0,103.0,0.50732327,151.0,124.0,0.22026376,131.0,125.0,0.3885845
guy3_dog055_flipped.jpg,152.0,144.0,0.39451182,155.0,148.0,0.5267272,147.0,148.0,0.44547266,163.0,142.0,0.468337,141.0,142.0,0.47716612,175.0,126.0,0.55639184,134.0,124.0,0.5783303,181.0,158.0,0.4986191,124.0,155.0,0.7428106,178.0,181.0,0.7929033,124.0,180.0,0.8444874,170.0,55.0,0.52368796,148.0,54.0,0.6184073,171.0,104.0,0.41142413,144.0,106.0,0.5572685,174.0,136.0,0.2873668,157.0,130.0,0.2006626
guy3_dog056.jpg,147.0,145.0,0.3232705,151.0,149.0,0.5205925,143.0,148.0,0.55893314,156.0,142.0,0.51314163,135.0,141.0,0.5634153,167.0,123.0,0.6475206,125.0,128.0,0.49447733,175.0,152.0,0.6201011,117.0,158.0,0.55379635,177.0,181.0,0.74698544,121.0,181.0,0.7322924,150.0,62.0,0.7468776,128.0,63.0,0.69103,157.0,104.0,0.44856635,131.0,105.0,0.49240354,152.0,124.0,0.24089509,130.0,126.0,0.3276074
guy3_dog056_flipped.jpg,151.0,144.0,0.37842557,154.0,148.0,0.47854018,146.0,148.0,0.46909466,162.0,141.0,0.5660918,141.0,141.0,0.5274932,174.0,126.0,0.6110616,133.0,125.0,0.58700097,182.0,156.0,0.7150121,124.0,154.0,0.7524327,178.0,182.0,0.73130214,124.0,180.0,0.7776021,168.0,60.0,0.6578599,146.0,58.0,0.86121,171.0,107.0,0.47322464,141.0,107.0,0.55675995,172.0,135.0,0.2720759,149.0,131.0,0.2087405
guy3_dog057.jpg,148.0,143.0,0.35159436,151.0,147.0,0.4909054,143.0,147.0,0.51717186,157.0,141.0,0.48059276,137.0,140.0,0.55927587,169.0,124.0,0.58222276,125.0,127.0,0.4664686,177.0,156.0,0.76428103,119.0,158.0,0.615671,178.0,180.0,0.7586873,122.0,183.0,0.72473097,153.0,63.0,0.6259005,132.0,63.0,0.7491492,161.0,104.0,0.3368511,136.0,102.0,0.47782236,155.0,124.0,0.21454905,134.0,126.0,0.37603307
guy3_dog057_flipped.jpg,149.0,143.0,0.3969798,154.0,147.0,0.4727331,145.0,146.0,0.40372506,162.0,141.0,0.54564726,139.0,140.0,0.4501396,172.0,126.0,0.6514573,130.0,127.0,0.71950424,180.0,155.0,0.6550004,121.0,156.0,0.75401574,178.0,181.0,0.75606453,122.0,181.0,0.62441176,165.0,61.0,0.714715,143.0,61.0,0.8186908,169.0,108.0,0.44290873,140.0,106.0,0.3933217,171.0,135.0,0.2640673,147.0,132.0,0.12602574
guy3_dog058.jpg,149.0,144.0,0.36353567,154.0,149.0,0.5199444,146.0,148.0,0.5036979,159.0,142.0,0.48181844,139.0,140.0,0.58590865,170.0,123.0,0.6011478,128.0,127.0,0.41465592,179.0,157.0,0.6311846,121.0,158.0,0.65875006,179.0,180.0,0.6334088,124.0,182.0,0.7594634,157.0,60.0,0.8338525,133.0,61.0,0.7203249,162.0,103.0,0.3932962,137.0,105.0,0.7056302,159.0,126.0,0.2522734,138.0,127.0,0.3239746
guy3_dog058_flipped.jpg,146.0,143.0,0.40780824,151.0,147.0,0.5153138,142.0,147.0,0.49209684,159.0,140.0,0.5028326,136.0,140.0,0.54235905,169.0,125.0,0.7315791,127.0,127.0,0.53186846,179.0,156.0,0.67421323,119.0,157.0,0.69998217,176.0,181.0,0.7636337,121.0,181.0,0.8017496,162.0,59.0,0.7772236,139.0,58.0,0.8567317,165.0,104.0,0.5219517,139.0,102.0,0.44933206,164.0,135.0,0.20421454,145.0,134.0,0.17950463
guy3_dog059.jpg,151.0,140.0,0.39591905,156.0,146.0,0.46437603,148.0,146.0,0.48509225,161.0,140.0,0.51124084,141.0,139.0,0.6365999,173.0,123.0,0.47164688,132.0,127.0,0.53736544,181.0,156.0,0.76621765,123.0,156.0,0.7397952,181.0,181.0,0.7540886,125.0,183.0,0.62518036,159.0,62.0,0.7616722,137.0,63.0,0.6813909,165.0,106.0,0.38277498,141.0,104.0,0.5407245,156.0,125.0,0.16677664,140.0,127.0,0.30776983
guy3_dog059_flipped.jpg,143.0,143.0,0.38169113,148.0,147.0,0.4770265,140.0,147.0,0.51139295,156.0,140.0,0.52913886,133.0,140.0,0.4154722,166.0,126.0,0.6735053,125.0,127.0,0.66521597,177.0,157.0,0.6670189,117.0,155.0,0.7148737,174.0,181.0,0.7382762,118.0,181.0,0.7266382,159.0,60.0,0.70609534,137.0,59.0,0.8424593,161.0,104.0,0.4937754,135.0,103.0,0.582835,160.0,134.0,0.19287151,142.0,131.0,0.24297309
guy3_dog060.jpg,152.0,144.0,0.39425072,156.0,149.0,0.55848724,148.0,149.0,0.35668737,163.0,142.0,0.45211062,142.0,141.0,0.5785018,175.0,126.0,0.56701994,132.0,127.0,0.614194,183.0,158.0,0.61023915,125.0,158.0,0.59870976,183.0,182.0,0.77098244,127.0,182.0,0.7897178,162.0,63.0,0.6953275,140.0,62.0,0.7085153,168.0,105.0,0.36867842,143.0,102.0,0.5419837,161.0,126.0,0.19427282,147.0,126.0,0.2748735
guy3_dog060_flipped.jpg,141.0,145.0,0.44435284,146.0,150.0,0.5875027,137.0,149.0,0.46431962,153.0,143.0,0.48450264,131.0,142.0,0.37150112,165.0,126.0,0.57044506,123.0,127.0,0.59022784,174.0,157.0,0.6369231,115.0,156.0,0.8133304,174.0,182.0,0.72291625,116.0,182.0,0.8026347,156.0,62.0,0.7438824,134.0,61.0,0.8570482,160.0,105.0,0.53190196,134.0,105.0,0.37765253,159.0,138.0,0.26817763,141.0,135.0,0.1856043
guy3_dog061.jpg,153.0,145.0,0.31565696,157.0,150.0,0.4079764,148.0,149.0,0.5572633,162.0,143.0,0.45909753,142.0,144.0,0.4510811,175.0,123.0,0.6680055,134.0,125.0,0.47664565,183.0,156.0,0.6939619,127.0,157.0,0.4865925,184.0,184.0,0.723939,128.0,184.0,0.78355086,164.0,57.0,0.43631834,144.0,58.0,0.49700943,163.0,99.0,0.302637,144.0,98.0,0.45308387,155.0,127.0,0.12745105,147.0,127.0,0.16768795
guy3_dog061_flipped.jpg,143.0,146.0,0.37105957,146.0,150.0,0.4967579,137.0,151.0,0.49562424,153.0,143.0,0.50372136,130.0,144.0,0.35526198,165.0,126.0,0.6262296,122.0,127.0,0.6094365,171.0,157.0,0.69370675,113.0,157.0,0.59806633,171.0,183.0,0.79891545,115.0,185.0,0.8020014,155.0,57.0,0.7361413,133.0,57.0,0.6476883,156.0,101.0,0.28231883,135.0,106.0,0.34446603,158.0,134.0,0.3037527,141.0,130.0,0.3112077
guy3_dog062.jpg,155.0,144.0,0.34946528,159.0,150.0,0.4511948,151.0,149.0,0.4409352,164.0,143.0,0.48568058,145.0,144.0,0.48485664,178.0,123.0,0.6430328,137.0,123.0,0.547621,186.0,157.0,0.63718843,127.0,156.0,0.4863438,184.0,186.0,0.7802466,128.0,184.0,0.80352056,168.0,54.0,0.47812685,147.0,56.0,0.49069697,166.0,98.0,0.23597768,147.0,98.0,0.42592642,161.0,128.0,0.12653647,151.0,125.0,0.14950019
guy3_dog062_flipped.jpg,141.0,145.0,0.3741948,144.0,149.0,0.41445252,136.0,150.0,0.50836694,150.0,143.0,0.4114062,130.0,145.0,0.43808147,162.0,127.0,0.639095,120.0,127.0,0.6406287,170.0,157.0,0.74419713,112.0,158.0,0.75128764,170.0,183.0,0.8241086,114.0,185.0,0.58003753,151.0,58.0,0.6711059,129.0,58.0,0.52728117,153.0,104.0,0.3359205,129.0,111.0,0.36928102,153.0,133.0,0.22668026,141.0,130.0,0.19646281
guy3_dog063.jpg,159.0,150.0,0.4087145,163.0,155.0,0.4750204,155.0,155.0,0.47099987,168.0,146.0,0.42928874,148.0,149.0,0.39522693,180.0,125.0,0.6319096,139.0,126.0,0.4632908,189.0,159.0,0.7183268,130.0,158.0,0.5563545,188.0,185.0,0.59385157,130.0,185.0,0.68280035,172.0,58.0,0.5847001,150.0,59.0,0.61054945,169.0,103.0,0.29026264,150.0,102.0,0.5361246,164.0,128.0,0.14490339,154.0,128.0,0.17712948
guy3_dog063_flipped.jpg,141.0,148.0,0.36228785,143.0,151.0,0.4520696,135.0,152.0,0.41195768,149.0,146.0,0.47539127,128.0,147.0,0.5083517,160.0,126.0,0.5953117,118.0,127.0,0.6720166,167.0,158.0,0.7687398,110.0,159.0,0.8057778,169.0,186.0,0.49139458,111.0,187.0,0.69361883,148.0,59.0,0.65854305,124.0,60.0,0.53888494,151.0,107.0,0.40320218,125.0,109.0,0.47911748,151.0,134.0,0.27941406,136.0,132.0,0.23380849
guy3_dog064_flipped.jpg,135.0,147.0,0.36389986,139.0,152.0,0.4492441,130.0,153.0,0.47655153,145.0,148.0,0.43864617,124.0,148.0,0.4901466,157.0,127.0,0.69466496,114.0,127.0,0.76827776,166.0,157.0,0.7238246,107.0,160.0,0.7361193,167.0,187.0,0.70692885,109.0,188.0,0.7202939,145.0,57.0,0.7209587,124.0,58.0,0.7004959,146.0,105.0,0.40951785,125.0,108.0,0.40501478,145.0,138.0,0.22633225,133.0,136.0,0.16971916
guy3_dog065.jpg,163.0,152.0,0.36081773,167.0,156.0,0.42949662,158.0,156.0,0.5705338,173.0,147.0,0.47004366,152.0,148.0,0.49199444,186.0,128.0,0.77108145,142.0,128.0,0.59414184,193.0,162.0,0.8704047,133.0,161.0,0.62907267,190.0,190.0,0.62163967,133.0,189.0,0.8551413,177.0,59.0,0.59922844,154.0,61.0,0.6147715,176.0,103.0,0.34070903,155.0,100.0,0.33212742,174.0,131.0,0.16851869,160.0,128.0,0.1803514
guy3_dog065_flipped.jpg,134.0,150.0,0.377565,137.0,155.0,0.47030133,129.0,154.0,0.6017213,144.0,148.0,0.4605062,123.0,148.0,0.46720392,154.0,129.0,0.6262754,112.0,128.0,0.61967754,164.0,158.0,0.66144735,106.0,163.0,0.7327192,166.0,188.0,0.72350335,109.0,189.0,0.7878749,143.0,57.0,0.79709786,119.0,59.0,0.60128355,143.0,107.0,0.4261938,120.0,110.0,0.4264078,144.0,137.0,0.29426816,129.0,136.0,0.1956077
guy3_dog066.jpg,164.0,153.0,0.3067425,169.0,156.0,0.5461736,160.0,156.0,0.45171276,176.0,147.0,0.4974727,154.0,149.0,0.4484647,187.0,128.0,0.622607,145.0,128.0,0.5163696,195.0,162.0,0.8752379,136.0,161.0,0.5387167,193.0,190.0,0.72653186,135.0,190.0,0.7235044,180.0,63.0,0.521317,158.0,65.0,0.5595221,180.0,105.0,0.38403982,158.0,104.0,0.2459554,178.0,135.0,0.23452602,163.0,131.0,0.23700541
guy3_dog066_flipped.jpg,131.0,152.0,0.3824558,134.0,156.0,0.43514594,125.0,156.0,0.44851303,140.0,150.0,0.50586784,120.0,149.0,0.5459131,153.0,129.0,0.7108811,110.0,129.0,0.62560695,163.0,160.0,0.63996005,104.0,163.0,0.7270347,165.0,187.0,0.71967125,107.0,190.0,0.73798627,140.0,60.0,0.72188056,116.0,60.0,0.6227477,142.0,111.0,0.4557825,117.0,116.0,0.69634557,138.0,141.0,0.2940265,124.0,142.0,0.19895267
guy3_dog067.jpg,168.0,153.0,0.30902854,172.0,155.0,0.40287742,162.0,157.0,0.38310486,178.0,148.0,0.48039603,157.0,149.0,0.39079127,190.0,129.0,0.6638825,148.0,130.0,0.49748254,197.0,162.0,0.8058269,138.0,163.0,0.686038,194.0,192.0,0.6549134,137.0,190.0,0.67494833,183.0,66.0,0.61961293,161.0,68.0,0.64686936,186.0,114.0,0.3795214,160.0,110.0,0.29739508,181.0,134.0,0.19817917,168.0,133.0,0.1754032
guy3_dog067_flipped.jpg,127.0,152.0,0.38358322,131.0,157.0,0.37439564,122.0,156.0,0.422474,138.0,150.0,0.53412724,117.0,150.0,0.39567113,151.0,131.0,0.63531494,107.0,131.0,0.59239674,161.0,161.0,0.8047241,102.0,165.0,0.64718467,164.0,189.0,0.47570077,103.0,191.0,0.7312321,137.0,61.0,0.60765535,114.0,60.0,0.7517127,139.0,110.0,0.4451856,115.0,113.0,0.48564345,136.0,138.0,0.32190424,125.0,139.0,0.21359824
guy3_dog068.jpg,169.0,151.0,0.3754005,173.0,155.0,0.43384942,165.0,155.0,0.40234223,181.0,148.0,0.48543954,158.0,149.0,0.46946123,191.0,130.0,0.5124086,148.0,131.0,0.47280553,200.0,166.0,0.79705286,140.0,163.0,0.7198578,197.0,193.0,0.462135,138.0,193.0,0.6505488,185.0,64.0,0.5590673,162.0,67.0,0.68149984,185.0,110.0,0.3053949,162.0,105.0,0.3543548,182.0,135.0,0.27716994,173.0,131.0,0.19825624
guy3_dog068_flipped.jpg,126.0,154.0,0.33988622,129.0,158.0,0.39205396,121.0,158.0,0.5453933,136.0,152.0,0.49060154,114.0,151.0,0.577639,148.0,133.0,0.62463355,105.0,134.0,0.50472677,159.0,165.0,0.745082,99.0,166.0,0.6969481,163.0,191.0,0.5116964,101.0,194.0,0.65100396,135.0,62.0,0.7343135,111.0,62.0,0.66456044,139.0,112.0,0.46119443,112.0,114.0,0.5942447,133.0,141.0,0.26903513,119.0,140.0,0.18538104
guy3_dog069.jpg,172.0,152.0,0.3012672,174.0,156.0,0.4882569,166.0,156.0,0.3726475,182.0,149.0,0.45373157,161.0,150.0,0.4424343,194.0,133.0,0.5948918,151.0,133.0,0.5886016,201.0,167.0,0.5372735,141.0,164.0,0.58728874,198.0,194.0,0.53807104,138.0,191.0,0.720836,189.0,65.0,0.6167786,166.0,68.0,0.72699356,190.0,112.0,0.3082359,164.0,111.0,0.37025172,186.0,136.0,0.1986215,174.0,134.0,0.19389418
guy3_dog069_flipped.jpg,124.0,155.0,0.39361686,128.0,159.0,0.4353431,120.0,159.0,0.5647863,135.0,151.0,0.48075527,113.0,151.0,0.5180399,147.0,134.0,0.7608931,102.0,133.0,0.5053538,158.0,169.0,0.6999415,98.0,166.0,0.607918,161.0,192.0,0.565201,100.0,194.0,0.7878534,133.0,63.0,0.8166142,106.0,64.0,0.5978563,131.0,106.0,0.46331432,110.0,113.0,0.62968946,126.0,137.0,0.20699376,113.0,138.0,0.23293644
guy3_dog070.jpg,176.0,153.0,0.29559204,179.0,157.0,0.44689584,170.0,158.0,0.42301822,186.0,150.0,0.49790826,165.0,151.0,0.4343893,196.0,133.0,0.67555934,153.0,135.0,0.52478915,203.0,165.0,0.8690395,142.0,164.0,0.7114787,198.0,197.0,0.63065207,138.0,193.0,0.6773416,191.0,63.0,0.69180965,168.0,64.0,0.63321996,195.0,117.0,0.35553128,166.0,111.0,0.44552562,190.0,135.0,0.22649172,178.0,134.0,0.19248427
guy3_dog070_flipped.jpg,120.0,155.0,0.34094915,126.0,160.0,0.5028689,117.0,159.0,0.299139,133.0,152.0,0.5304752,110.0,151.0,0.60705674,146.0,135.0,0.70969975,100.0,136.0,0.5904087,155.0,168.0,0.656569,95.0,167.0,0.60385704,160.0,192.0,0.5509007,99.0,196.0,0.71011174,130.0,65.0,0.687146,104.0,64.0,0.54338974,131.0,110.0,0.34397367,109.0,112.0,0.65400994,126.0,137.0,0.18207602,109.0,137.0,0.21606204
guy3_dog071.jpg,178.0,154.0,0.33390087,181.0,158.0,0.3566341,172.0,158.0,0.47746447,187.0,151.0,0.5084723,166.0,153.0,0.45083123,198.0,136.0,0.54777634,157.0,135.0,0.6023936,206.0,169.0,0.48833978,143.0,165.0,0.45927674,201.0,198.0,0.5219904,142.0,194.0,0.5938524,194.0,65.0,0.63538253,171.0,66.0,0.62766373,197.0,117.0,0.31396896,170.0,110.0,0.4558496,193.0,139.0,0.24827881,177.0,136.0,0.19194402
guy3_dog071_flipped.jpg,120.0,154.0,0.35394526,125.0,160.0,0.466753,116.0,159.0,0.57370836,132.0,153.0,0.5199021,109.0,152.0,0.61025053,143.0,137.0,0.6399485,97.0,137.0,0.5859973,154.0,166.0,0.6622542,94.0,171.0,0.6301631,158.0,194.0,0.65053046,97.0,198.0,0.71487045,128.0,66.0,0.748708,103.0,66.0,0.7471907,128.0,107.0,0.40614998,106.0,110.0,0.5100552,125.0,135.0,0.18477148,106.0,137.0,0.18447694
guy3_dog072.jpg,176.0,159.0,0.33856905,181.0,164.0,0.42193198,171.0,163.0,0.54200464,189.0,156.0,0.5643699,166.0,156.0,0.5857141,200.0,137.0,0.71304303,157.0,137.0,0.6802547,208.0,171.0,0.70254135,144.0,168.0,0.67333865,202.0,199.0,0.7643486,142.0,198.0,0.76468134,196.0,64.0,0.76322556,174.0,64.0,0.7525078,198.0,112.0,0.35840663,173.0,109.0,0.4947421,197.0,143.0,0.2602314,179.0,140.0,0.23384024
guy3_dog072_flipped.jpg,120.0,159.0,0.36957872,124.0,164.0,0.43737057,115.0,163.0,0.5552819,131.0,155.0,0.5470042,107.0,155.0,0.45913017,144.0,139.0,0.73867977,96.0,139.0,0.54125226,153.0,167.0,0.6249026,92.0,171.0,0.7539525,157.0,197.0,0.7085599,97.0,200.0,0.79424304,123.0,64.0,0.7893169,101.0,64.0,0.7258253,125.0,107.0,0.51120245,104.0,113.0,0.5255091,123.0,138.0,0.19899684,103.0,139.0,0.24874464
guy3_dog073.jpg,176.0,160.0,0.34429073,180.0,165.0,0.39100292,172.0,164.0,0.5946255,189.0,157.0,0.5201932,166.0,157.0,0.59303004,203.0,140.0,0.64232254,158.0,140.0,0.58114743,209.0,173.0,0.81048155,146.0,170.0,0.62472427,203.0,202.0,0.6807333,143.0,198.0,0.75930995,201.0,65.0,0.6406877,177.0,65.0,0.680084,201.0,109.0,0.47171572,173.0,109.0,0.58272207,196.0,144.0,0.23831874,176.0,140.0,0.31239995
guy3_dog073_flipped.jpg,119.0,162.0,0.34166503,123.0,165.0,0.49955055,115.0,165.0,0.5907692,129.0,157.0,0.5503024,107.0,156.0,0.5761851,140.0,139.0,0.7178056,95.0,140.0,0.52610326,152.0,168.0,0.7972652,90.0,172.0,0.8272432,156.0,199.0,0.74922717,96.0,201.0,0.8303598,121.0,64.0,0.686579,97.0,65.0,0.67546445,125.0,112.0,0.50962216,101.0,118.0,0.532153,122.0,142.0,0.21059312,100.0,141.0,0.25869963
guy3_dog074.jpg,178.0,162.0,0.3646454,183.0,165.0,0.5477295,175.0,165.0,0.4748004,192.0,156.0,0.545607,168.0,157.0,0.42858633,205.0,141.0,0.6100293,160.0,140.0,0.5091706,210.0,174.0,0.6576246,146.0,171.0,0.73659134,203.0,202.0,0.75280905,143.0,199.0,0.8421769,203.0,66.0,0.71320593,179.0,67.0,0.5598345,203.0,116.0,0.23775524,175.0,105.0,0.4485669,196.0,142.0,0.16054714,177.0,139.0,0.35268262
guy3_dog074_flipped.jpg,116.0,164.0,0.38573685,122.0,168.0,0.39655527,113.0,167.0,0.36506104,127.0,159.0,0.48755553,104.0,158.0,0.3908595,138.0,139.0,0.7406254,93.0,140.0,0.44040757,150.0,169.0,0.7311791,89.0,173.0,0.6615843,156.0,198.0,0.7647251,94.0,202.0,0.64107317,118.0,64.0,0.7525481,94.0,66.0,0.7577792,125.0,116.0,0.37000182,98.0,125.0,0.40117094,122.0,152.0,0.20531717,106.0,158.0,0.1212459
guy3_dog075.jpg,180.0,162.0,0.38958728,185.0,166.0,0.4147448,176.0,165.0,0.5254172,195.0,156.0,0.59154016,169.0,157.0,0.51729107,207.0,140.0,0.6405369,162.0,139.0,0.45189238,212.0,174.0,0.7806536,148.0,170.0,0.6037979,204.0,203.0,0.6296737,145.0,199.0,0.75523746,208.0,67.0,0.80656797,183.0,66.0,0.7847116,208.0,115.0,0.33095294,178.0,106.0,0.5680617,200.0,144.0,0.20698778,180.0,140.0,0.38453224
guy3_dog075_flipped.jpg,117.0,163.0,0.39354303,121.0,168.0,0.37331924,111.0,167.0,0.48910666,126.0,159.0,0.43999124,102.0,159.0,0.35315526,136.0,139.0,0.6517447,92.0,141.0,0.5116996,149.0,169.0,0.63876104,87.0,175.0,0.8038712,155.0,199.0,0.6047645,94.0,203.0,0.7049,115.0,66.0,0.75436574,90.0,68.0,0.6813426,123.0,118.0,0.5548577,96.0,125.0,0.62963974,119.0,143.0,0.18906546,105.0,149.0,0.1548036
guy3_dog076.jpg,181.0,163.0,0.38988978,186.0,168.0,0.38403082,176.0,167.0,0.5137261,196.0,158.0,0.48891675,170.0,158.0,0.4985904,209.0,140.0,0.6439005,163.0,140.0,0.4809592,213.0,175.0,0.80535275,149.0,171.0,0.6845489,205.0,206.0,0.53412116,146.0,200.0,0.6219436,210.0,67.0,0.57096267,186.0,67.0,0.6214577,210.0,120.0,0.2785472,180.0,109.0,0.44123706,204.0,146.0,0.20570526,190.0,142.0,0.21987577
guy3_dog076_flipped.jpg,115.0,165.0,0.36557436,120.0,169.0,0.43481413,111.0,169.0,0.5471319,125.0,159.0,0.41099292,102.0,160.0,0.47581688,134.0,139.0,0.55544245,90.0,140.0,0.46359482,148.0,171.0,0.79114616,85.0,176.0,0.8389534,155.0,201.0,0.54122454,93.0,206.0,0.76576966,111.0,66.0,0.7933673,88.0,69.0,0.6566917,121.0,116.0,0.48779812,94.0,125.0,0.57350665,117.0,145.0,0.19675283,102.0,147.0,0.13782051
guy3_dog077.jpg,181.0,164.0,0.37781987,187.0,169.0,0.49263382,177.0,168.0,0.52005833,197.0,159.0,0.5155953,172.0,159.0,0.40677395,210.0,141.0,0.7346383,165.0,139.0,0.6026494,214.0,176.0,0.82149696,150.0,171.0,0.6163951,206.0,207.0,0.48730156,145.0,203.0,0.5531435,211.0,69.0,0.58042157,187.0,68.0,0.59231067,212.0,121.0,0.22622772,183.0,107.0,0.46881735,205.0,146.0,0.21839426,189.0,140.0,0.2734802
guy3_dog077_flipped.jpg,115.0,165.0,0.28842762,120.0,169.0,0.4723591,111.0,170.0,0.55402803,124.0,160.0,0.49423265,102.0,161.0,0.52714336,134.0,138.0,0.62020254,88.0,139.0,0.44116673,147.0,171.0,0.8662599,84.0,177.0,0.7280388,155.0,202.0,0.58622825,93.0,207.0,0.843839,110.0,68.0,0.7627832,85.0,69.0,0.52244073,119.0,118.0,0.47906592,93.0,124.0,0.62712467,114.0,143.0,0.26945022,97.0,148.0,0.21316102
guy3_dog078.jpg,182.0,167.0,0.39838627,187.0,171.0,0.60948676,178.0,170.0,0.4245502,199.0,161.0,0.6363739,173.0,161.0,0.47666842,212.0,143.0,0.81054705,165.0,140.0,0.64214593,215.0,179.0,0.7753352,151.0,171.0,0.75365686,206.0,208.0,0.58947515,146.0,202.0,0.7525392,214.0,69.0,0.6905725,191.0,68.0,0.6377866,215.0,126.0,0.3836498,183.0,110.0,0.48782894,209.0,147.0,0.24156404,195.0,141.0,0.2343112
guy3_dog078_flipped.jpg,113.0,168.0,0.36071438,118.0,172.0,0.33803308,110.0,172.0,0.4301735,123.0,162.0,0.52557224,100.0,162.0,0.53076106,132.0,140.0,0.6760279,87.0,142.0,0.46984842,146.0,170.0,0.7471603,83.0,180.0,0.6609494,154.0,203.0,0.65188795,92.0,209.0,0.8114824,107.0,70.0,0.7957521,84.0,72.0,0.68707156,120.0,123.0,0.457056,89.0,130.0,0.6975467,111.0,145.0,0.23065172,92.0,154.0,0.20731193
guy3_dog079.jpg,184.0,165.0,0.34370452,188.0,170.0,0.5739286,179.0,169.0,0.487173,201.0,161.0,0.5593611,174.0,160.0,0.5260136,214.0,143.0,0.67032564,167.0,140.0,0.5067574,217.0,180.0,0.7777508,152.0,172.0,0.7790677,207.0,211.0,0.65542316,145.0,203.0,0.72342974,215.0,72.0,0.6556646,193.0,70.0,0.7095295,216.0,126.0,0.35931417,188.0,110.0,0.3875866,210.0,149.0,0.2805798,202.0,145.0,0.22864892
guy3_dog079_flipped.jpg,113.0,166.0,0.36432618,118.0,170.0,0.53052056,109.0,171.0,0.39339638,123.0,162.0,0.51196015,100.0,163.0,0.50666726,131.0,140.0,0.60317177,84.0,144.0,0.37123016,145.0,172.0,0.7684847,83.0,182.0,0.6050143,155.0,204.0,0.58674145,91.0,211.0,0.8362855,105.0,69.0,0.7010131,82.0,70.0,0.70259196,116.0,119.0,0.52361363,87.0,126.0,0.4803958,111.0,142.0,0.2147671,89.0,147.0,0.16556945
guy3_dog080.jpg,185.0,166.0,0.40382206,190.0,171.0,0.43826404,180.0,170.0,0.52979016,201.0,163.0,0.5319625,175.0,161.0,0.5830199,214.0,144.0,0.4837193,168.0,140.0,0.70123845,217.0,179.0,0.7587194,153.0,171.0,0.8295156,207.0,212.0,0.75145316,145.0,204.0,0.76282203,219.0,71.0,0.71999574,196.0,69.0,0.74638295,221.0,125.0,0.32237068,201.0,121.0,0.29400617,217.0,152.0,0.32380143,206.0,145.0,0.22852819
guy3_dog080_flipped.jpg,111.0,167.0,0.3581267,116.0,170.0,0.49769214,107.0,171.0,0.4069076,120.0,162.0,0.5359007,97.0,163.0,0.57250684,130.0,143.0,0.72055435,83.0,146.0,0.39120886,145.0,172.0,0.7904918,81.0,183.0,0.60359,155.0,204.0,0.6384721,92.0,212.0,0.84909093,103.0,67.0,0.8249152,81.0,69.0,0.70327497,112.0,119.0,0.41066158,85.0,123.0,0.6522757,106.0,142.0,0.15665452,82.0,153.0,0.26768255
guy3_dog081.jpg,185.0,167.0,0.35144934,191.0,171.0,0.5654998,181.0,171.0,0.55341315,202.0,163.0,0.5452903,175.0,162.0,0.5637654,216.0,146.0,0.6160046,168.0,142.0,0.6718214,217.0,182.0,0.8683532,152.0,173.0,0.8462616,207.0,212.0,0.8229321,145.0,204.0,0.74261355,220.0,71.0,0.7481787,197.0,70.0,0.77065027,226.0,120.0,0.4167244,202.0,120.0,0.25316793,222.0,152.0,0.40317386,211.0,147.0,0.32682782
guy3_dog081_flipped.jpg,111.0,168.0,0.3783021,116.0,171.0,0.38918248,107.0,172.0,0.44534752,120.0,162.0,0.5358355,97.0,165.0,0.6033908,128.0,141.0,0.6884884,83.0,145.0,0.3271649,144.0,173.0,0.7881704,81.0,182.0,0.6785643,155.0,204.0,0.71827185,92.0,214.0,0.82376957,101.0,67.0,0.7265234,78.0,69.0,0.7056731,108.0,119.0,0.40684125,81.0,126.0,0.58095545,95.0,145.0,0.20832995,78.0,151.0,0.33967477
guy3_dog082.jpg,186.0,167.0,0.37537763,191.0,173.0,0.4172839,180.0,171.0,0.51881444,202.0,164.0,0.6055131,175.0,163.0,0.53389215,217.0,146.0,0.6045443,169.0,143.0,0.5748998,219.0,184.0,0.6902424,153.0,173.0,0.74672043,207.0,214.0,0.7302339,145.0,206.0,0.71242696,223.0,70.0,0.82799524,198.0,70.0,0.72390395,226.0,119.0,0.28990597,200.0,115.0,0.3120506,223.0,153.0,0.3720225,211.0,148.0,0.31248182
guy3_dog082_flipped.jpg,108.0,169.0,0.3761482,114.0,173.0,0.4294876,106.0,172.0,0.54485536,120.0,163.0,0.54155314,97.0,165.0,0.63007545,129.0,140.0,0.7556909,83.0,142.0,0.45366308,144.0,176.0,0.76530975,80.0,182.0,0.6929866,155.0,206.0,0.71269554,91.0,215.0,0.8013278,99.0,70.0,0.6885265,77.0,70.0,0.75262415,103.0,120.0,0.5440978,78.0,126.0,0.69534343,89.0,147.0,0.2996188,76.0,154.0,0.39145803
guy3_dog083.jpg,188.0,169.0,0.43816376,192.0,173.0,0.5472904,181.0,173.0,0.6048922,203.0,165.0,0.6125034,177.0,164.0,0.45061025,218.0,146.0,0.55798805,170.0,142.0,0.54405606,219.0,184.0,0.7447231,153.0,174.0,0.82245916,207.0,216.0,0.77865577,143.0,207.0,0.80168575,225.0,71.0,0.81303716,199.0,70.0,0.8021431,228.0,120.0,0.44400385,206.0,120.0,0.36153096,228.0,158.0,0.40058476,212.0,150.0,0.2433994
guy3_dog083_flipped.jpg,106.0,169.0,0.32465336,112.0,173.0,0.42275926,103.0,173.0,0.5191747,119.0,164.0,0.48827434,95.0,165.0,0.6337664,127.0,139.0,0.81382376,82.0,142.0,0.4357766,144.0,175.0,0.7805983,80.0,184.0,0.6534482,155.0,206.0,0.7731233,92.0,217.0,0.8223289,98.0,71.0,0.6620406,75.0,71.0,0.6240091,98.0,120.0,0.47664595,75.0,125.0,0.65662694,84.0,149.0,0.35897115,71.0,157.0,0.6121661
guy3_dog084.jpg,187.0,170.0,0.46085277,192.0,174.0,0.6128675,182.0,173.0,0.64575803,203.0,165.0,0.60719854,176.0,164.0,0.45600477,219.0,149.0,0.41829532,169.0,143.0,0.5328357,220.0,185.0,0.78275234,152.0,176.0,0.9068197,207.0,216.0,0.81891406,143.0,208.0,0.8829864,226.0,71.0,0.84782386,201.0,70.0,0.76716095,230.0,123.0,0.5828066,208.0,118.0,0.37675944,233.0,159.0,0.53182286,211.0,151.0,0.18764846
guy3_dog084_flipped.jpg,108.0,171.0,0.40342554,114.0,174.0,0.50250745,106.0,174.0,0.56685376,119.0,165.0,0.574814,96.0,167.0,0.60028064,127.0,141.0,0.7271283,81.0,142.0,0.5564809,144.0,175.0,0.79363674,79.0,185.0,0.76854837,156.0,207.0,0.8038027,92.0,217.0,0.8345124,98.0,72.0,0.8372193,72.0,73.0,0.56532466,96.0,124.0,0.4752242,74.0,130.0,0.7325885,84.0,150.0,0.24272536,68.0,162.0,0.5943898
guy3_dog085.jpg,187.0,171.0,0.43914586,191.0,175.0,0.58179545,182.0,175.0,0.61714756,202.0,166.0,0.6337861,176.0,166.0,0.6659806,218.0,150.0,0.5016792,169.0,143.0,0.4918689,218.0,187.0,0.76189864,151.0,177.0,0.91582125,206.0,219.0,0.65385914,144.0,208.0,0.89007014,227.0,69.0,0.83254194,202.0,68.0,0.82448435,234.0,123.0,0.60570407,210.0,120.0,0.4902719,235.0,163.0,0.5322546,229.0,159.0,0.48517627
guy3_dog085_flipped.jpg,108.0,172.0,0.33076078,113.0,175.0,0.5140584,106.0,175.0,0.42600122,119.0,166.0,0.56778574,96.0,168.0,0.4599249,127.0,141.0,0.6636917,81.0,145.0,0.5341761,144.0,176.0,0.82667464,80.0,186.0,0.6216269,156.0,208.0,0.8225429,93.0,218.0,0.6864399,94.0,71.0,0.8353224,70.0,73.0,0.6978979,91.0,123.0,0.40788147,68.0,127.0,0.75249094,71.0,159.0,0.46856284,65.0,162.0,0.52775025
guy3_dog086.jpg,187.0,171.0,0.40314034,191.0,175.0,0.5486042,181.0,175.0,0.54726934,201.0,166.0,0.5696355,176.0,166.0,0.6099149,217.0,149.0,0.4934962,170.0,143.0,0.41702726,218.0,186.0,0.7830769,152.0,177.0,0.8631556,206.0,218.0,0.6580044,142.0,208.0,0.7918377,226.0,71.0,0.76589113,201.0,71.0,0.76219654,235.0,122.0,0.61009294,210.0,119.0,0.43033844,237.0,163.0,0.4894254,232.0,161.0,0.48505914
guy3_dog086_flipped.jpg,109.0,172.0,0.35404387,114.0,175.0,0.4786565,106.0,175.0,0.4173883,119.0,166.0,0.55934125,96.0,168.0,0.45713994,126.0,141.0,0.59973717,80.0,145.0,0.56968,144.0,176.0,0.7887492,81.0,186.0,0.52264285,157.0,208.0,0.79528695,94.0,218.0,0.6236191,94.0,71.0,0.77437437,69.0,75.0,0.7306856,93.0,122.0,0.38665485,67.0,127.0,0.7508568,69.0,161.0,0.3354181,64.0,164.0,0.6252483
guy3_dog087.jpg,187.0,170.0,0.42566565,191.0,174.0,0.5135352,181.0,175.0,0.5712441,200.0,166.0,0.6503184,176.0,166.0,0.6587285,215.0,149.0,0.5830638,170.0,143.0,0.48769817,217.0,188.0,0.5301564,151.0,179.0,0.822471,203.0,220.0,0.74296325,140.0,210.0,0.6764142,228.0,72.0,0.78151876,203.0,72.0,0.84145474,236.0,123.0,0.6785588,215.0,126.0,0.47048253,238.0,164.0,0.62410897,233.0,161.0,0.50016844
guy3_dog087_flipped.jpg,111.0,172.0,0.3771524,116.0,174.0,0.5900413,108.0,176.0,0.3426991,121.0,165.0,0.4136612,97.0,167.0,0.4715774,126.0,141.0,0.6192187,80.0,144.0,0.5658504,144.0,176.0,0.781726,80.0,188.0,0.8369831,158.0,209.0,0.76809883,95.0,221.0,0.8320534,93.0,72.0,0.81293577,66.0,75.0,0.7614794,93.0,123.0,0.48668677,65.0,129.0,0.76971346,78.0,149.0,0.15710798,61.0,163.0,0.51207304
guy3_dog088.jpg,187.0,171.0,0.43358898,191.0,175.0,0.51382923,181.0,175.0,0.58370817,201.0,166.0,0.58515227,176.0,166.0,0.67468685,216.0,150.0,0.57369566,172.0,142.0,0.67518747,217.0,189.0,0.85739684,151.0,177.0,0.8843721,202.0,221.0,0.8124761,140.0,208.0,0.82889736,230.0,72.0,0.9162041,204.0,71.0,0.84729147,237.0,123.0,0.8034588,215.0,122.0,0.498281,240.0,165.0,0.5345789,233.0,161.0,0.53560376
guy3_dog088_flipped.jpg,111.0,172.0,0.40495965,116.0,175.0,0.6127974,108.0,176.0,0.375551,120.0,165.0,0.43999392,97.0,167.0,0.46066675,126.0,142.0,0.6216855,79.0,145.0,0.6520183,145.0,178.0,0.88423026,80.0,188.0,0.8746551,160.0,210.0,0.6498915,96.0,221.0,0.8994813,91.0,71.0,0.73786175,65.0,73.0,0.7517136,89.0,120.0,0.47842884,64.0,128.0,0.70491624,65.0,160.0,0.34360552,59.0,166.0,0.6606244
guy3_dog089.jpg,186.0,172.0,0.4448566,190.0,176.0,0.528767,181.0,176.0,0.5323914,200.0,167.0,0.6792331,176.0,166.0,0.6847012,216.0,151.0,0.6553488,170.0,143.0,0.4839278,217.0,190.0,0.8936809,151.0,178.0,0.6994915,202.0,221.0,0.7970505,138.0,210.0,0.7667364,232.0,71.0,0.8360176,206.0,70.0,0.8349846,239.0,123.0,0.6635661,215.0,121.0,0.49970666,241.0,166.0,0.625687,235.0,162.0,0.4816026
guy3_dog089_flipped.jpg,111.0,173.0,0.40339285,116.0,175.0,0.5899837,108.0,176.0,0.39945704,120.0,166.0,0.5498643,97.0,169.0,0.4661521,125.0,142.0,0.7748603,80.0,146.0,0.59925246,145.0,178.0,0.8211416,82.0,189.0,0.82820195,161.0,210.0,0.66593206,96.0,221.0,0.8732785,90.0,69.0,0.7495208,64.0,73.0,0.7402405,88.0,123.0,0.4269733,62.0,129.0,0.70188224,63.0,160.0,0.3609349,58.0,165.0,0.69065976
guy3_dog090.jpg,186.0,172.0,0.40774474,189.0,176.0,0.57511455,180.0,175.0,0.43442905,199.0,166.0,0.6972548,175.0,166.0,0.6867181,215.0,152.0,0.7238233,169.0,143.0,0.52024007,216.0,189.0,0.6179552,149.0,180.0,0.89730096,199.0,222.0,0.8176952,137.0,210.0,0.6723485,235.0,70.0,0.9051107,208.0,69.0,0.86109483,240.0,123.0,0.74525785,219.0,122.0,0.51623875,243.0,168.0,0.5727617,236.0,162.0,0.43551594
guy3_dog090_flipped.jpg,111.0,173.0,0.47273794,117.0,175.0,0.5855268,109.0,177.0,0.46909,121.0,165.0,0.59466314,97.0,168.0,0.484248,127.0,142.0,0.8269429,80.0,149.0,0.61175096,146.0,179.0,0.8464884,83.0,192.0,0.84372085,162.0,210.0,0.77026546,99.0,222.0,0.6248769,90.0,68.0,0.79738414,62.0,72.0,0.8006786,86.0,121.0,0.5285551,59.0,127.0,0.76664084,61.0,159.0,0.39093095,56.0,166.0,0.65935934
guy3_dog091.jpg,185.0,171.0,0.36968347,189.0,175.0,0.5810773,180.0,175.0,0.48671305,199.0,165.0,0.63808656,174.0,166.0,0.64563745,215.0,149.0,0.64355135,169.0,142.0,0.551325,215.0,190.0,0.74615234,149.0,179.0,0.8566685,198.0,222.0,0.86881983,136.0,210.0,0.65850985,235.0,71.0,0.9087416,207.0,69.0,0.8606763,240.0,125.0,0.743731,215.0,123.0,0.5200173,245.0,166.0,0.6560033,237.0,163.0,0.4558518
guy3_dog091_flipped.jpg,111.0,171.0,0.40973353,118.0,174.0,0.5279868,109.0,176.0,0.4058707,123.0,164.0,0.5516082,98.0,168.0,0.52763236,128.0,142.0,0.68256307,81.0,149.0,0.540013,148.0,177.0,0.69272745,84.0,191.0,0.8120586,164.0,208.0,0.65482044,100.0,223.0,0.7314793,90.0,69.0,0.78942156,62.0,73.0,0.8134155,86.0,121.0,0.50552464,59.0,127.0,0.7490339,64.0,159.0,0.30975276,55.0,167.0,0.64723253
guy3_dog092.jpg,186.0,171.0,0.41546494,189.0,175.0,0.59271467,180.0,175.0,0.44322196,198.0,165.0,0.61822426,174.0,166.0,0.6000291,213.0,151.0,0.68948376,168.0,142.0,0.58678645,212.0,189.0,0.9096536,147.0,179.0,0.875965,195.0,222.0,0.7333816,134.0,210.0,0.6733928,235.0,70.0,0.8643912,207.0,70.0,0.861907,241.0,123.0,0.763449,219.0,122.0,0.42405447,245.0,169.0,0.65112764,232.0,166.0,0.3466776
guy3_dog092_flipped.jpg,113.0,173.0,0.41006377,118.0,176.0,0.34732085,111.0,177.0,0.48517075,123.0,165.0,0.54078615,98.0,168.0,0.5552429,128.0,142.0,0.643262,81.0,145.0,0.5675366,149.0,177.0,0.7573917,85.0,189.0,0.83299935,166.0,208.0,0.8365872,102.0,223.0,0.70160747,91.0,69.0,0.70216846,61.0,73.0,0.6634353,87.0,124.0,0.4618524,58.0,130.0,0.7171198,60.0,163.0,0.4117683,55.0,169.0,0.7234899
guy3_dog093.jpg,185.0,171.0,0.36183384,188.0,175.0,0.57840955,180.0,175.0,0.45313865,197.0,165.0,0.5874001,174.0,166.0,0.6099881,213.0,153.0,0.50458467,168.0,142.0,0.620783,212.0,190.0,0.70894027,146.0,178.0,0.8651756,193.0,224.0,0.79487646,133.0,209.0,0.8225453,237.0,69.0,0.8788705,207.0,69.0,0.7189075,243.0,127.0,0.5749541,220.0,124.0,0.4902196,246.0,170.0,0.5540482,236.0,164.0,0.5405232
guy3_dog093_flipped.jpg,115.0,172.0,0.37010652,121.0,174.0,0.5857986,113.0,176.0,0.34749037,124.0,163.0,0.54485714,100.0,166.0,0.5733979,128.0,141.0,0.6804699,82.0,144.0,0.55868363,149.0,178.0,0.78669894,87.0,191.0,0.89270246,166.0,209.0,0.72911483,105.0,224.0,0.80194825,91.0,70.0,0.749547,61.0,74.0,0.7489506,86.0,125.0,0.47468108,57.0,131.0,0.7410835,66.0,164.0,0.41191378,54.0,171.0,0.65101135
guy3_dog094.jpg,185.0,171.0,0.35186636,188.0,175.0,0.5768759,178.0,175.0,0.5039953,196.0,166.0,0.5605656,173.0,166.0,0.51082766,211.0,153.0,0.5470048,166.0,142.0,0.60420865,211.0,191.0,0.7476437,145.0,179.0,0.85997176,192.0,224.0,0.7911509,131.0,209.0,0.71268946,237.0,69.0,0.8281313,208.0,69.0,0.7214923,243.0,126.0,0.61074084,221.0,123.0,0.50248647,247.0,169.0,0.5852984,238.0,165.0,0.5519566
guy3_dog094_flipped.jpg,115.0,174.0,0.4247579,121.0,177.0,0.49054915,112.0,178.0,0.48150876,124.0,166.0,0.567932,101.0,168.0,0.45464268,129.0,141.0,0.6592477,83.0,144.0,0.5346142,151.0,179.0,0.7992909,88.0,191.0,0.8291929,168.0,210.0,0.7285842,106.0,223.0,0.79609406,89.0,70.0,0.74566877,61.0,73.0,0.7370167,84.0,125.0,0.52506125,56.0,131.0,0.7343745,62.0,164.0,0.39795354,53.0,171.0,0.61513245
guy3_dog095.jpg,183.0,170.0,0.43368253,186.0,175.0,0.49696362,176.0,174.0,0.5342392,195.0,166.0,0.6714897,170.0,166.0,0.6499702,211.0,154.0,0.5363469,165.0,143.0,0.6901764,209.0,192.0,0.88857687,144.0,178.0,0.89240974,188.0,224.0,0.85567385,129.0,210.0,0.67618525,237.0,69.0,0.74298215,209.0,69.0,0.7411381,244.0,127.0,0.78405136,223.0,125.0,0.43446484,249.0,169.0,0.64450943,238.0,166.0,0.5340184
guy3_dog095_flipped.jpg,116.0,174.0,0.41513655,121.0,176.0,0.4443645,114.0,178.0,0.49520394,125.0,165.0,0.5450517,103.0,168.0,0.538036,131.0,142.0,0.6579973,83.0,146.0,0.5274464,153.0,178.0,0.8054383,89.0,192.0,0.8361568,170.0,210.0,0.7771945,110.0,224.0,0.8742297,89.0,70.0,0.7527682,61.0,74.0,0.7918891,83.0,124.0,0.540972,55.0,131.0,0.73330194,63.0,166.0,0.4885068,53.0,172.0,0.79098105
guy3_dog096.jpg,182.0,170.0,0.38867894,184.0,175.0,0.5168762,175.0,175.0,0.4693825,192.0,166.0,0.67143786,169.0,165.0,0.6242963,209.0,150.0,0.7021133,164.0,142.0,0.75915146,208.0,190.0,0.78657925,143.0,177.0,0.9024722,186.0,222.0,0.8417949,127.0,211.0,0.5903827,237.0,70.0,0.8632323,209.0,69.0,0.79068714,244.0,130.0,0.63345444,225.0,126.0,0.45774925,250.0,170.0,0.5503979,237.0,167.0,0.5023161
guy3_dog096_flipped.jpg,115.0,172.0,0.41484123,120.0,175.0,0.57421124,113.0,176.0,0.44217947,124.0,164.0,0.52914715,103.0,167.0,0.5894909,132.0,141.0,0.75738895,83.0,145.0,0.5850384,154.0,178.0,0.8748524,91.0,191.0,0.774759,173.0,210.0,0.7709157,112.0,223.0,0.8188095,87.0,68.0,0.7635379,61.0,74.0,0.8095159,83.0,128.0,0.4153702,54.0,132.0,0.85682935,62.0,167.0,0.5631923,50.0,172.0,0.74904096
guy3_dog097.jpg,181.0,170.0,0.33381504,183.0,175.0,0.54024416,172.0,174.0,0.57508445,191.0,167.0,0.69110006,168.0,166.0,0.49871653,207.0,150.0,0.7154958,163.0,141.0,0.6045569,205.0,191.0,0.8197815,141.0,177.0,0.8531389,184.0,222.0,0.9129584,125.0,210.0,0.8123693,236.0,71.0,0.7595613,211.0,70.0,0.83106714,244.0,131.0,0.73862505,227.0,130.0,0.53016186,249.0,170.0,0.54813933,238.0,167.0,0.6034187
guy3_dog097_flipped.jpg,115.0,172.0,0.4275138,121.0,174.0,0.60378987,114.0,176.0,0.48930648,125.0,164.0,0.4918663,104.0,168.0,0.5664234,132.0,140.0,0.8099548,83.0,144.0,0.44364247,157.0,177.0,0.8848214,92.0,191.0,0.8831081,175.0,210.0,0.8353651,115.0,224.0,0.8257246,89.0,68.0,0.6982168,61.0,73.0,0.7968617,81.0,127.0,0.50120527,54.0,133.0,0.8739607,62.0,167.0,0.49281317,51.0,172.0,0.73344445
guy3_dog098.jpg,178.0,171.0,0.37290093,181.0,177.0,0.43466008,171.0,176.0,0.42750916,189.0,168.0,0.70137155,165.0,166.0,0.66521984,205.0,152.0,0.7877332,162.0,141.0,0.6729202,204.0,192.0,0.8381729,139.0,178.0,0.68086374,180.0,223.0,0.7456982,122.0,209.0,0.7810992,236.0,71.0,0.7327105,209.0,70.0,0.7543575,244.0,132.0,0.83697134,224.0,129.0,0.5760099,249.0,172.0,0.5557151,238.0,168.0,0.63470334
guy3_dog098_flipped.jpg,117.0,172.0,0.40318248,123.0,174.0,0.5184432,116.0,176.0,0.48664767,128.0,164.0,0.5340366,107.0,167.0,0.64311135,135.0,140.0,0.8217228,88.0,146.0,0.56578314,160.0,178.0,0.84401476,95.0,191.0,0.8895164,177.0,209.0,0.76923096,116.0,223.0,0.78080875,88.0,67.0,0.7272239,61.0,72.0,0.80004936,80.0,130.0,0.6366737,54.0,133.0,0.8333935,61.0,167.0,0.5596894,49.0,174.0,0.74141866
guy3_dog099.jpg,178.0,170.0,0.3639129,179.0,175.0,0.50291455,170.0,175.0,0.43566704,186.0,167.0,0.62374747,163.0,166.0,0.5780531,202.0,149.0,0.6386235,159.0,142.0,0.6754619,202.0,191.0,0.72557914,135.0,177.0,0.8517169,178.0,223.0,0.7646787,119.0,210.0,0.62869155,235.0,70.0,0.7028317,207.0,70.0,0.8152543,243.0,132.0,0.82789713,223.0,132.0,0.6100048,249.0,173.0,0.55731505,238.0,170.0,0.6276275
guy3_dog099_flipped.jpg,118.0,172.0,0.35792756,123.0,175.0,0.50821936,118.0,176.0,0.41707227,129.0,164.0,0.48636407,110.0,167.0,0.59927166,139.0,139.0,0.86031604,92.0,145.0,0.5594278,163.0,178.0,0.91043884,96.0,189.0,0.8576204,180.0,211.0,0.8479806,120.0,224.0,0.8198527,90.0,68.0,0.69976753,62.0,73.0,0.75393087,81.0,130.0,0.63332045,55.0,134.0,0.821811,61.0,167.0,0.5018695,49.0,173.0,0.8081129
guy3_dog100.jpg,172.0,169.0,0.29502368,174.0,173.0,0.525311,165.0,172.0,0.3812395,183.0,165.0,0.6698327,160.0,163.0,0.5813384,201.0,148.0,0.81898844,157.0,139.0,0.67901313,199.0,190.0,0.9090655,133.0,176.0,0.69946325,174.0,224.0,0.70321906,117.0,210.0,0.80541164,235.0,71.0,0.6238387,208.0,70.0,0.7854119,242.0,132.0,0.8015052,223.0,130.0,0.5712259,250.0,173.0,0.6937746,238.0,172.0,0.6252357
guy3_dog100_flipped.jpg,121.0,170.0,0.4389416,127.0,173.0,0.45926195,121.0,174.0,0.6030208,135.0,162.0,0.5964669,114.0,164.0,0.62753904,142.0,137.0,0.60463136,96.0,144.0,0.59382164,164.0,178.0,0.860139,99.0,190.0,0.9073888,182.0,210.0,0.82009137,122.0,223.0,0.6091054,90.0,68.0,0.8069871,63.0,72.0,0.80027354,81.0,133.0,0.5431563,56.0,133.0,0.80902684,61.0,167.0,0.6040742,48.0,172.0,0.7420051
guy3_dog101.jpg,166.0,167.0,0.42160824,168.0,171.0,0.54509825,158.0,171.0,0.49403614,178.0,161.0,0.57693905,154.0,160.0,0.5505105,197.0,143.0,0.59120655,153.0,137.0,0.7384205,196.0,188.0,0.81661916,130.0,177.0,0.75490886,171.0,225.0,0.69802296,114.0,211.0,0.755919,233.0,69.0,0.8977433,207.0,68.0,0.8083327,241.0,132.0,0.7764218,222.0,132.0,0.6779554,251.0,173.0,0.63617676,238.0,171.0,0.64293045
guy3_dog101_flipped.jpg,128.0,168.0,0.4054982,136.0,170.0,0.52157235,129.0,171.0,0.4377297,142.0,158.0,0.61692697,120.0,160.0,0.63114274,146.0,136.0,0.84565413,98.0,141.0,0.59001,167.0,176.0,0.7933644,101.0,187.0,0.8255272,185.0,211.0,0.8675013,126.0,223.0,0.75978297,91.0,69.0,0.7984389,64.0,72.0,0.76945275,78.0,131.0,0.5590271,56.0,133.0,0.7500754,60.0,169.0,0.7160677,48.0,173.0,0.864158
guy3_dog102.jpg,163.0,168.0,0.35728875,165.0,170.0,0.53811705,156.0,170.0,0.42797834,174.0,159.0,0.6653239,150.0,158.0,0.5371614,195.0,142.0,0.72890157,149.0,138.0,0.5930767,194.0,188.0,0.88194036,128.0,176.0,0.7872001,169.0,222.0,0.5456115,113.0,209.0,0.74147356,230.0,71.0,0.8183762,205.0,68.0,0.7528549,239.0,133.0,0.72630996,220.0,131.0,0.6808027,251.0,172.0,0.62425447,239.0,169.0,0.5895544
guy3_dog102_flipped.jpg,131.0,166.0,0.51431,140.0,169.0,0.5760148,133.0,170.0,0.42691156,146.0,156.0,0.66675735,124.0,158.0,0.6153203,150.0,136.0,0.7372191,101.0,140.0,0.7049724,170.0,176.0,0.8597402,105.0,186.0,0.6820679,187.0,210.0,0.72511476,130.0,224.0,0.83680403,93.0,68.0,0.73145384,67.0,71.0,0.8683002,80.0,131.0,0.5895462,58.0,134.0,0.8470928,61.0,169.0,0.6414584,47.0,173.0,0.8669588
guy3_dog103.jpg,161.0,167.0,0.2146062,162.0,169.0,0.28632513,153.0,170.0,0.37028936,169.0,159.0,0.41935498,147.0,157.0,0.5141777,191.0,140.0,0.44051114,147.0,135.0,0.53007895,191.0,185.0,0.72947645,128.0,176.0,0.688945,166.0,222.0,0.5390222,110.0,208.0,0.7610887,228.0,73.0,0.75702405,203.0,71.0,0.72383547,237.0,133.0,0.64719033,216.0,132.0,0.48577297,250.0,171.0,0.64473283,241.0,170.0,0.5603126
guy3_dog103_flipped.jpg,135.0,165.0,0.4412893,142.0,166.0,0.32903862,137.0,168.0,0.5188627,150.0,153.0,0.5372884,129.0,155.0,0.4834951,150.0,132.0,0.63543576,106.0,137.0,0.61839306,169.0,174.0,0.79572207,108.0,186.0,0.87614393,189.0,209.0,0.7798435,134.0,223.0,0.6979021,93.0,68.0,0.73639446,66.0,72.0,0.7734339,76.0,134.0,0.6948481,58.0,135.0,0.7152343,60.0,169.0,0.64884305,47.0,172.0,0.7839703
guy3_dog104.jpg,156.0,165.0,0.33099014,156.0,167.0,0.4322113,148.0,167.0,0.4628254,164.0,156.0,0.5265149,144.0,154.0,0.44988897,190.0,137.0,0.6507776,143.0,130.0,0.6246576,188.0,185.0,0.7676997,126.0,173.0,0.6353587,162.0,221.0,0.6354832,107.0,209.0,0.81099635,225.0,73.0,0.63470024,201.0,71.0,0.78543687,235.0,134.0,0.7918784,215.0,130.0,0.5732277,249.0,171.0,0.71000993,240.0,169.0,0.6488665
guy3_dog104_flipped.jpg,138.0,166.0,0.5395675,145.0,166.0,0.61335725,140.0,168.0,0.59002197,152.0,151.0,0.5803275,134.0,153.0,0.66151285,154.0,129.0,0.79962164,110.0,135.0,0.60412705,172.0,172.0,0.76622605,111.0,184.0,0.86041576,192.0,210.0,0.72202337,136.0,222.0,0.6004799,94.0,68.0,0.8019103,68.0,73.0,0.75934994,81.0,135.0,0.6218717,60.0,135.0,0.774138,60.0,168.0,0.73818773,47.0,172.0,0.55082077
guy3_dog105.jpg,154.0,164.0,0.36665082,154.0,164.0,0.43076107,148.0,165.0,0.5106169,159.0,150.0,0.5596374,142.0,150.0,0.538375,185.0,132.0,0.61262786,139.0,128.0,0.40925595,184.0,183.0,0.7897059,124.0,171.0,0.6322072,157.0,222.0,0.5652355,105.0,208.0,0.72746265,222.0,73.0,0.67353123,200.0,70.0,0.7758713,233.0,134.0,0.6966304,213.0,131.0,0.54412985,248.0,171.0,0.7103261,240.0,169.0,0.445681
guy3_dog105_flipped.jpg,142.0,165.0,0.6015047,148.0,164.0,0.5987212,143.0,165.0,0.69815564,155.0,147.0,0.5883394,139.0,148.0,0.6544936,157.0,126.0,0.85175014,116.0,132.0,0.6733837,173.0,171.0,0.71243024,115.0,182.0,0.7964958,194.0,208.0,0.89857876,140.0,222.0,0.76832485,98.0,66.0,0.65707123,72.0,71.0,0.69688356,82.0,133.0,0.57050717,65.0,135.0,0.7834357,60.0,168.0,0.6658753,49.0,172.0,0.6122546
guy3_dog106.jpg,147.0,161.0,0.2886702,147.0,162.0,0.54692835,140.0,163.0,0.4300991,153.0,146.0,0.6623625,132.0,147.0,0.59715354,179.0,128.0,0.71441275,135.0,127.0,0.6567529,181.0,180.0,0.89514065,119.0,171.0,0.75513893,156.0,220.0,0.7123848,102.0,208.0,0.7502461,217.0,73.0,0.84163654,197.0,70.0,0.7409196,231.0,134.0,0.7744363,211.0,133.0,0.65185356,248.0,171.0,0.7414288,238.0,168.0,0.5117532
guy3_dog106_flipped.jpg,146.0,161.0,0.63503665,153.0,161.0,0.5897756,148.0,161.0,0.6802479,159.0,146.0,0.54219407,146.0,145.0,0.64558387,162.0,126.0,0.76513916,123.0,131.0,0.5277033,178.0,171.0,0.6723156,119.0,182.0,0.9061118,196.0,208.0,0.8881953,143.0,222.0,0.77471536,101.0,71.0,0.6388901,76.0,73.0,0.76668787,84.0,134.0,0.63606846,67.0,136.0,0.85876685,59.0,167.0,0.6881081,49.0,173.0,0.7865294
guy3_dog107.jpg,138.0,162.0,0.4402052,137.0,161.0,0.67414224,132.0,162.0,0.51780295,145.0,144.0,0.5593294,128.0,145.0,0.5405462,173.0,131.0,0.5657046,130.0,125.0,0.5385289,175.0,180.0,0.8736416,116.0,170.0,0.8026131,152.0,221.0,0.7710825,100.0,208.0,0.7883874,216.0,72.0,0.8030744,196.0,70.0,0.7291939,230.0,133.0,0.64247334,209.0,132.0,0.57418835,250.0,171.0,0.72293735,238.0,169.0,0.3967774
guy3_dog107_flipped.jpg,155.0,161.0,0.6443192,163.0,160.0,0.6333537,158.0,160.0,0.6911372,167.0,144.0,0.59484833,153.0,144.0,0.6873783,168.0,124.0,0.72521365,125.0,130.0,0.5218675,182.0,169.0,0.8553795,123.0,180.0,0.67410797,199.0,207.0,0.8482077,145.0,221.0,0.68561167,106.0,74.0,0.76820743,80.0,76.0,0.6833032,84.0,137.0,0.6732699,68.0,136.0,0.89677733,59.0,168.0,0.77569,49.0,173.0,0.7608657
guy3_dog108.jpg,130.0,160.0,0.34389597,129.0,158.0,0.28857455,124.0,159.0,0.3895853,137.0,142.0,0.5997107,121.0,145.0,0.33237922,167.0,127.0,0.39178905,124.0,124.0,0.39468834,172.0,178.0,0.6597009,113.0,168.0,0.5213666,150.0,221.0,0.49881247,99.0,207.0,0.70193315,210.0,74.0,0.63931197,186.0,72.0,0.70445514,226.0,135.0,0.6603903,206.0,134.0,0.48815325,249.0,172.0,0.61406803,238.0,171.0,0.36585942
guy3_dog108_flipped.jpg,163.0,160.0,0.61852026,170.0,158.0,0.5565979,165.0,158.0,0.54591894,173.0,143.0,0.59717774,160.0,142.0,0.7424096,173.0,121.0,0.77680236,131.0,125.0,0.51340497,185.0,168.0,0.82769823,127.0,178.0,0.84120405,201.0,208.0,0.8669791,149.0,221.0,0.77673537,113.0,75.0,0.7381099,85.0,79.0,0.752137,87.0,138.0,0.5923213,69.0,136.0,0.81529343,60.0,168.0,0.724947,49.0,173.0,0.6601161
guy3_dog109.jpg,125.0,161.0,0.6418437,123.0,158.0,0.56442976,120.0,158.0,0.56983733,130.0,140.0,0.71426654,117.0,142.0,0.41319847,163.0,124.0,0.73514664,118.0,121.0,0.46742046,167.0,178.0,0.8648068,110.0,165.0,0.7076769,146.0,221.0,0.8199213,96.0,208.0,0.90682286,208.0,73.0,0.6831166,183.0,69.0,0.82902944,227.0,135.0,0.60152745,207.0,137.0,0.68268716,248.0,171.0,0.7461709,237.0,172.0,0.6202038
guy3_dog109_flipped.jpg,172.0,158.0,0.62842524,177.0,157.0,0.5533769,174.0,156.0,0.63831913,179.0,141.0,0.5358991,168.0,139.0,0.6424575,177.0,118.0,0.8549496,136.0,124.0,0.66169024,188.0,166.0,0.889565,132.0,178.0,0.68045735,201.0,208.0,0.83633596,152.0,222.0,0.8444048,114.0,75.0,0.57239443,88.0,77.0,0.67637014,90.0,136.0,0.5915799,71.0,137.0,0.88771397,61.0,168.0,0.8019419,50.0,172.0,0.82163763
guy3_dog110.jpg,120.0,159.0,0.53712654,118.0,157.0,0.735102,114.0,157.0,0.49543932,124.0,139.0,0.64541966,112.0,140.0,0.5431536,156.0,122.0,0.60883194,114.0,118.0,0.5314108,163.0,176.0,0.81877005,108.0,166.0,0.53395164,143.0,221.0,0.717558,94.0,207.0,0.8437964,204.0,74.0,0.73595905,178.0,73.0,0.7469306,225.0,136.0,0.7336784,204.0,138.0,0.64178836,248.0,171.0,0.76797,236.0,171.0,0.5241568
guy3_dog110_flipped.jpg,176.0,157.0,0.7178352,182.0,156.0,0.6417656,179.0,155.0,0.69030315,184.0,138.0,0.6069054,173.0,138.0,0.5962633,182.0,116.0,0.77046895,141.0,122.0,0.60530925,191.0,165.0,0.8509675,137.0,176.0,0.90359694,205.0,208.0,0.8009334,156.0,221.0,0.8219125,116.0,78.0,0.6509726,90.0,79.0,0.7893954,94.0,138.0,0.76501,73.0,135.0,0.73131233,59.0,171.0,0.7166622,51.0,173.0,0.74180615
guy3_dog111.jpg,112.0,157.0,0.4276925,111.0,155.0,0.5070788,108.0,155.0,0.6794753,118.0,137.0,0.7364863,107.0,139.0,0.44488153,151.0,123.0,0.68651724,109.0,118.0,0.5707023,157.0,176.0,0.7882906,104.0,167.0,0.69598424,139.0,221.0,0.62763685,94.0,207.0,0.63091075,201.0,76.0,0.67421734,175.0,73.0,0.7635219,220.0,139.0,0.74061763,202.0,140.0,0.5641943,246.0,173.0,0.74331367,236.0,173.0,0.6075157
guy3_dog111_flipped.jpg,182.0,156.0,0.71991765,189.0,154.0,0.68606246,185.0,153.0,0.6055343,190.0,138.0,0.669104,180.0,137.0,0.8219503,186.0,117.0,0.7769502,147.0,122.0,0.6651466,193.0,165.0,0.81127816,140.0,176.0,0.77557063,207.0,207.0,0.8370568,157.0,219.0,0.75926393,121.0,76.0,0.735641,94.0,78.0,0.74559766,97.0,140.0,0.71220183,78.0,139.0,0.82948625,61.0,169.0,0.72644913,52.0,174.0,0.73324406
guy3_dog112.jpg,108.0,155.0,0.48323765,105.0,153.0,0.6514095,103.0,154.0,0.59944236,113.0,135.0,0.6780188,103.0,136.0,0.5795693,147.0,123.0,0.7423614,106.0,117.0,0.7056609,154.0,175.0,0.8449416,102.0,169.0,0.75857776,137.0,221.0,0.79217607,90.0,207.0,0.89740884,200.0,76.0,0.7446698,174.0,72.0,0.7797508,219.0,140.0,0.7476069,200.0,141.0,0.7460369,245.0,176.0,0.64557135,236.0,172.0,0.6860477
guy3_dog112_flipped.jpg,188.0,154.0,0.5864333,194.0,151.0,0.7325406,190.0,150.0,0.7536694,195.0,135.0,0.61672443,184.0,135.0,0.7952316,189.0,116.0,0.7429424,151.0,120.0,0.6025436,196.0,169.0,0.7261777,145.0,175.0,0.6585682,208.0,206.0,0.7713921,161.0,220.0,0.7766131,123.0,77.0,0.63146466,96.0,80.0,0.775828,99.0,142.0,0.5406053,80.0,142.0,0.8266368,62.0,170.0,0.5939721,55.0,173.0,0.7334662
guy3_dog113.jpg,102.0,154.0,0.37642685,98.0,151.0,0.5816996,96.0,153.0,0.5695112,107.0,133.0,0.5673983,97.0,136.0,0.35885176,143.0,122.0,0.5207114,103.0,116.0,0.4406129,149.0,174.0,0.6521584,99.0,170.0,0.4707114,136.0,221.0,0.49428895,90.0,207.0,0.74068457,198.0,80.0,0.6869751,172.0,75.0,0.6810017,213.0,144.0,0.5760508,194.0,144.0,0.49318844,243.0,175.0,0.6436721,241.0,172.0,0.40865567
guy3_dog113_flipped.jpg,194.0,154.0,0.6164466,200.0,152.0,0.6131236,197.0,150.0,0.64579284,201.0,133.0,0.49220732,190.0,133.0,0.80406344,193.0,117.0,0.81438637,155.0,122.0,0.54059225,198.0,167.0,0.8309581,149.0,175.0,0.598302,210.0,206.0,0.8067441,164.0,219.0,0.8163223,125.0,80.0,0.5446724,99.0,82.0,0.76913536,101.0,146.0,0.6037624,83.0,146.0,0.79842216,62.0,169.0,0.57293296,55.0,173.0,0.7451855
guy3_dog114.jpg,97.0,153.0,0.50856304,94.0,150.0,0.5495554,92.0,151.0,0.7169845,102.0,131.0,0.66206425,93.0,133.0,0.4304535,139.0,122.0,0.68208134,99.0,115.0,0.75237495,146.0,174.0,0.8630241,97.0,170.0,0.7532232,132.0,220.0,0.791443,89.0,206.0,0.74756855,197.0,84.0,0.8793556,171.0,81.0,0.61947966,213.0,148.0,0.5787027,192.0,149.0,0.7301017,244.0,174.0,0.641213,235.0,171.0,0.3358147
guy3_dog114_flipped.jpg,199.0,152.0,0.7398965,204.0,150.0,0.6987865,201.0,148.0,0.5477475,204.0,132.0,0.73516107,195.0,131.0,0.7792342,196.0,118.0,0.83987564,158.0,120.0,0.5908644,200.0,167.0,0.76434934,153.0,175.0,0.6742439,211.0,206.0,0.86746395,166.0,219.0,0.89515734,125.0,84.0,0.5227403,102.0,85.0,0.607082,105.0,150.0,0.5937469,86.0,150.0,0.7622146,68.0,166.0,0.38765293,57.0,172.0,0.8519945
