50 Knee PushUps Challenge Beginner Arm and Chest Toning720p_frame100.jpg,904.0,223.0,0.80074656,906.0,197.0,0.7828462,901.0,196.0,0.66671014,860.0,163.0,0.8152843,849.0,161.0,0.65394855,831.0,259.0,0.868697,728.0,228.0,0.8131022,908.0,380.0,0.84534496,687.0,391.0,0.74464333,980.0,490.0,0.9463582,743.0,576.0,0.8999271,629.0,438.0,0.80202144,581.0,432.0,0.8248531,471.0,503.0,0.80335176,408.0,528.0,0.7743606,323.0,414.0,0.72146726,253.0,398.0,0.8422265
50 Knee PushUps Challenge Beginner Arm and Chest Toning720p_frame101.jpg,984.0,392.0,0.6009871,989.0,371.0,0.7197988,984.0,368.0,0.5024092,963.0,332.0,0.7219192,946.0,325.0,0.7343264,938.0,386.0,0.5605799,828.0,346.0,0.7902616,988.0,469.0,0.23650554,687.0,382.0,0.37360534,984.0,506.0,0.6573806,747.0,575.0,0.8349887,651.0,455.0,0.65062195,611.0,443.0,0.75282115,447.0,495.0,0.5779195,408.0,522.0,0.8642869,308.0,397.0,0.68664217,244.0,400.0,0.87826484
50 Knee PushUps Challenge Beginner Arm and Chest Toning720p_frame102.jpg,990.0,413.0,0.6525671,994.0,390.0,0.6921909,988.0,387.0,0.61917335,970.0,344.0,0.68577504,951.0,340.0,0.7305504,946.0,394.0,0.6841849,833.0,360.0,0.80297434,989.0,544.0,0.5624799,684.0,382.0,0.42499897,979.0,479.0,0.6349505,747.0,568.0,0.5573456,641.0,456.0,0.7044164,605.0,449.0,0.74465793,439.0,490.0,0.58057237,402.0,517.0,0.8769003,299.0,394.0,0.6500228,252.0,395.0,0.7848641
50 Knee PushUps Challenge Beginner Arm and Chest Toning720p_frame103.jpg,906.0,231.0,0.83661765,911.0,205.0,0.6527741,905.0,203.0,0.75332,868.0,168.0,0.88293636,856.0,163.0,0.89457804,834.0,264.0,0.8682892,737.0,232.0,0.8518349,911.0,379.0,0.91621494,687.0,386.0,0.7461988,983.0,493.0,0.82624245,749.0,576.0,0.9235114,632.0,444.0,0.8265902,586.0,431.0,0.82095087,476.0,502.0,0.80111945,409.0,527.0,0.79369533,328.0,413.0,0.8598164,255.0,399.0,0.82913494
50 Knee PushUps Challenge Beginner Arm and Chest Toning720p_frame104.jpg,923.0,255.0,0.79301953,929.0,230.0,0.8739692,920.0,227.0,0.7263855,883.0,195.0,0.76109016,868.0,190.0,0.87502754,846.0,283.0,0.7552227,745.0,254.0,0.8917615,925.0,377.0,0.96940947,688.0,384.0,0.5728519,981.0,494.0,0.80486697,742.0,578.0,0.8454623,630.0,447.0,0.84095144,589.0,436.0,0.8140221,473.0,501.0,0.69392455,408.0,528.0,0.83410466,317.0,406.0,0.77751887,253.0,400.0,0.91011494
50 Knee PushUps Challenge Beginner Arm and Chest Toning720p_frame105.jpg,990.0,445.0,0.6782686,998.0,423.0,0.52906954,989.0,419.0,0.512187,972.0,374.0,0.7900103,953.0,368.0,0.75473523,938.0,413.0,0.6017964,846.0,386.0,0.76072925,989.0,552.0,0.61102676,686.0,387.0,0.42866403,979.0,471.0,0.5505322,745.0,567.0,0.70363617,646.0,461.0,0.8022301,604.0,451.0,0.7693474,443.0,495.0,0.494332,408.0,520.0,0.67620206,315.0,402.0,0.59759736,257.0,399.0,0.7875235
50 Knee PushUps Challenge Beginner Arm and Chest Toning720p_frame106.jpg,954.0,369.0,0.5629441,965.0,347.0,0.69643736,959.0,341.0,0.62481284,946.0,301.0,0.6182269,928.0,287.0,0.8194408,939.0,372.0,0.63386214,804.0,312.0,0.7918298,986.0,542.0,0.5753407,683.0,384.0,0.50120866,983.0,503.0,0.5930748,748.0,574.0,0.87416124,650.0,456.0,0.69733393,606.0,439.0,0.7481443,445.0,498.0,0.5026324,406.0,519.0,0.6100563,317.0,407.0,0.5548878,252.0,398.0,0.7847744
50 Knee PushUps Challenge Beginner Arm and Chest Toning720p_frame107.jpg,888.0,199.0,0.84379125,889.0,172.0,0.85721314,885.0,173.0,0.68462545,839.0,142.0,0.8152406,830.0,144.0,0.88829106,821.0,245.0,0.82957006,713.0,221.0,0.79846823,895.0,378.0,0.9159322,698.0,392.0,0.72529864,981.0,491.0,0.84122396,742.0,576.0,0.88977754,625.0,433.0,0.84030807,584.0,431.0,0.81811154,466.0,499.0,0.7874496,406.0,525.0,0.9078372,320.0,407.0,0.6710094,251.0,396.0,0.84390473
50 Knee PushUps Challenge Beginner Arm and Chest Toning720p_frame108.jpg,941.0,302.0,0.70899665,946.0,279.0,0.7758618,941.0,278.0,0.65729576,909.0,234.0,0.8617735,896.0,231.0,0.9053161,870.0,299.0,0.79599816,768.0,277.0,0.8211243,946.0,372.0,0.9657196,687.0,395.0,0.5657203,983.0,494.0,0.6773863,747.0,576.0,0.8997988,629.0,447.0,0.80933523,588.0,437.0,0.83728683,451.0,500.0,0.63425994,408.0,527.0,0.8942746,319.0,403.0,0.72123045,248.0,400.0,0.9058802
50 Knee PushUps Challenge Beginner Arm and Chest Toning720p_frame109.jpg,979.0,468.0,0.4351763,991.0,452.0,0.568789,985.0,452.0,0.5575861,978.0,410.0,0.6296655,962.0,404.0,0.60679704,923.0,424.0,0.6675497,855.0,409.0,0.77984595,983.0,548.0,0.47172475,692.0,388.0,0.61915135,982.0,490.0,0.42643744,748.0,570.0,0.6577723,633.0,464.0,0.7764533,600.0,455.0,0.7420681,439.0,491.0,0.6074478,399.0,516.0,0.7710821,290.0,395.0,0.72425675,248.0,396.0,0.8434922
50 Knee PushUps Challenge Beginner Arm and Chest Toning720p_frame110.jpg,947.0,312.0,0.707876,951.0,291.0,0.6394132,947.0,292.0,0.73544407,916.0,247.0,0.6115587,897.0,247.0,0.75508165,888.0,312.0,0.77950096,773.0,284.0,0.75560975,954.0,379.0,0.8509175,690.0,392.0,0.7560177,982.0,494.0,0.86169547,748.0,572.0,0.88589984,635.0,447.0,0.8108945,593.0,437.0,0.820617,447.0,496.0,0.7594961,407.0,524.0,0.88123786,317.0,398.0,0.6739117,242.0,399.0,0.84630775
50 Knee PushUps Challenge Beginner Arm and Chest Toning720p_frame111.jpg,887.0,191.0,0.84597874,887.0,165.0,0.8484031,883.0,167.0,0.7843759,836.0,139.0,0.89699847,825.0,139.0,0.9163358,818.0,240.0,0.7702057,711.0,216.0,0.7783825,893.0,373.0,0.8254868,700.0,392.0,0.7716483,981.0,494.0,0.87012655,742.0,572.0,0.89458114,627.0,435.0,0.84725076,581.0,429.0,0.80330217,469.0,498.0,0.80244416,406.0,526.0,0.8128085,332.0,418.0,0.6072403,254.0,398.0,0.89132625
50 Knee PushUps Challenge Beginner Arm and Chest Toning720p_frame112.jpg,967.0,347.0,0.62267876,976.0,329.0,0.71286285,965.0,321.0,0.5907506,949.0,292.0,0.75141245,920.0,281.0,0.768326,951.0,357.0,0.7166482,793.0,306.0,0.8144027,975.0,392.0,0.676883,686.0,385.0,0.43711004,988.0,513.0,0.69780993,745.0,571.0,0.75124216,651.0,454.0,0.6877189,609.0,441.0,0.7680638,439.0,500.0,0.605603,405.0,518.0,0.7057719,312.0,405.0,0.5869162,252.0,396.0,0.79241455
50 Knee PushUps Challenge Beginner Arm and Chest Toning720p_frame113.jpg,988.0,451.0,0.66722643,1000.0,429.0,0.6799047,993.0,425.0,0.62887096,978.0,385.0,0.6833539,960.0,377.0,0.61514765,946.0,422.0,0.5815854,852.0,389.0,0.7657187,986.0,558.0,0.6494429,689.0,387.0,0.4838745,977.0,478.0,0.65928704,743.0,564.0,0.6664599,637.0,464.0,0.65526414,603.0,450.0,0.7555532,442.0,496.0,0.66229117,408.0,520.0,0.7811126,306.0,399.0,0.6025338,247.0,400.0,0.78975374
50 Knee PushUps Challenge Beginner Arm and Chest Toning720p_frame114.jpg,927.0,267.0,0.7115027,933.0,242.0,0.767969,926.0,238.0,0.5589129,890.0,204.0,0.8755512,876.0,197.0,0.90086687,849.0,290.0,0.7325341,755.0,259.0,0.8263902,931.0,376.0,0.9775027,689.0,388.0,0.73960936,984.0,490.0,0.78245974,741.0,574.0,0.8530498,632.0,442.0,0.80585295,594.0,435.0,0.8070279,465.0,499.0,0.6237942,406.0,525.0,0.8279433,316.0,402.0,0.79993325,254.0,397.0,0.9224775
50 Knee PushUps Challenge Beginner Arm and Chest Toning720p_frame115.jpg,902.0,222.0,0.7783767,908.0,197.0,0.82983816,898.0,195.0,0.62106127,863.0,163.0,0.5691428,847.0,159.0,0.89740485,833.0,260.0,0.874176,729.0,227.0,0.77468616,908.0,380.0,0.7576361,687.0,393.0,0.78652143,983.0,491.0,0.86668557,747.0,577.0,0.87183607,625.0,439.0,0.82927626,581.0,431.0,0.8222305,465.0,501.0,0.8069884,406.0,528.0,0.89924896,324.0,412.0,0.72042465,255.0,400.0,0.940515
50 Knee PushUps Challenge Beginner Arm and Chest Toning720p_frame116.jpg,983.0,395.0,0.6286765,986.0,376.0,0.6149357,982.0,374.0,0.7246188,963.0,336.0,0.7821218,945.0,328.0,0.793381,937.0,382.0,0.6219605,828.0,349.0,0.80886984,984.0,456.0,0.3039247,687.0,387.0,0.49905592,984.0,515.0,0.6985936,746.0,576.0,0.8413822,650.0,453.0,0.75818986,612.0,446.0,0.7528926,444.0,491.0,0.59246874,405.0,519.0,0.8256426,288.0,388.0,0.8064073,243.0,399.0,0.85929126
50 Knee PushUps Challenge Beginner Arm and Chest Toning720p_frame117.jpg,991.0,415.0,0.7242483,997.0,392.0,0.5109415,989.0,390.0,0.4795314,970.0,348.0,0.71696264,953.0,344.0,0.8212882,943.0,393.0,0.7002089,839.0,364.0,0.71469903,993.0,546.0,0.5670699,685.0,383.0,0.44268537,984.0,490.0,0.56666744,745.0,573.0,0.5554302,647.0,451.0,0.7700074,609.0,445.0,0.74632347,437.0,495.0,0.68149394,403.0,521.0,0.8533155,293.0,392.0,0.77391654,247.0,396.0,0.73776656
50 Knee PushUps Challenge Beginner Arm and Chest Toning720p_frame118.jpg,907.0,230.0,0.839159,912.0,204.0,0.650087,906.0,204.0,0.7572317,869.0,170.0,0.84499055,857.0,166.0,0.88698506,832.0,264.0,0.8423403,738.0,232.0,0.8506331,912.0,380.0,0.9011647,688.0,388.0,0.7360476,981.0,491.0,0.9374415,747.0,575.0,0.94163394,630.0,441.0,0.7845335,585.0,431.0,0.8201479,473.0,503.0,0.7643559,407.0,528.0,0.7983908,323.0,411.0,0.7948678,254.0,398.0,0.8288647
50 Knee PushUps Challenge Beginner Arm and Chest Toning720p_frame119.jpg,924.0,256.0,0.8142824,928.0,232.0,0.8178019,923.0,229.0,0.68135655,883.0,195.0,0.8682632,873.0,189.0,0.9054569,844.0,284.0,0.68499327,753.0,254.0,0.8194572,924.0,376.0,0.9694511,690.0,384.0,0.62709534,982.0,494.0,0.875189,742.0,581.0,0.7795757,634.0,446.0,0.71519846,592.0,433.0,0.8290698,479.0,501.0,0.5823475,407.0,527.0,0.90873396,326.0,411.0,0.78674746,257.0,398.0,0.8040781
50 Knee PushUps Challenge Beginner Arm and Chest Toning720p_frame120.jpg,987.0,442.0,0.58377326,995.0,422.0,0.571666,987.0,418.0,0.4934925,975.0,378.0,0.748425,954.0,368.0,0.6574919,946.0,417.0,0.5970377,847.0,383.0,0.8027914,985.0,547.0,0.6943035,692.0,387.0,0.57760835,980.0,474.0,0.5210151,748.0,570.0,0.6286305,647.0,465.0,0.78098303,609.0,454.0,0.76476544,442.0,492.0,0.54062843,406.0,518.0,0.7364198,308.0,401.0,0.61993766,255.0,401.0,0.76083755
50 Knee PushUps Challenge Beginner Arm and Chest Toning720p_frame121.jpg,961.0,367.0,0.5948905,972.0,347.0,0.7174084,964.0,340.0,0.54299235,950.0,305.0,0.6770214,926.0,290.0,0.7487011,942.0,371.0,0.6947268,800.0,312.0,0.74968135,972.0,391.0,0.3401077,682.0,383.0,0.4609812,986.0,518.0,0.67281926,748.0,574.0,0.86208475,647.0,458.0,0.6815765,605.0,441.0,0.74720865,443.0,498.0,0.60750514,405.0,516.0,0.68174964,312.0,405.0,0.62391126,251.0,402.0,0.7902146
50 Knee PushUps Challenge Beginner Arm and Chest Toning720p_frame122.jpg,891.0,196.0,0.8676833,891.0,170.0,0.8918004,886.0,170.0,0.7934281,839.0,140.0,0.8004209,831.0,142.0,0.854886,820.0,244.0,0.7742821,715.0,221.0,0.7882565,895.0,377.0,0.90841687,699.0,398.0,0.7913052,981.0,494.0,0.89105237,744.0,575.0,0.8931541,628.0,438.0,0.8251388,583.0,432.0,0.8060148,464.0,500.0,0.81695014,406.0,528.0,0.9103658,323.0,413.0,0.6686881,256.0,399.0,0.9320632
50 Knee PushUps Challenge Beginner Arm and Chest Toning720p_frame123.jpg,946.0,302.0,0.714726,949.0,279.0,0.6762252,947.0,279.0,0.7038231,910.0,236.0,0.8848403,898.0,234.0,0.88799804,867.0,303.0,0.79524153,766.0,278.0,0.8873074,947.0,371.0,0.8299709,688.0,392.0,0.5955049,983.0,491.0,0.7422127,747.0,577.0,0.8876891,621.0,444.0,0.81369245,584.0,438.0,0.83707,454.0,496.0,0.59063053,407.0,525.0,0.90364474,317.0,405.0,0.7114644,247.0,401.0,0.8631653
50 Knee PushUps Challenge Beginner Arm and Chest Toning720p_frame124.jpg,987.0,467.0,0.45341173,996.0,452.0,0.55706334,991.0,451.0,0.58912146,980.0,409.0,0.7666359,966.0,403.0,0.62512887,933.0,427.0,0.587886,861.0,411.0,0.7707745,983.0,536.0,0.39144912,690.0,391.0,0.56482285,980.0,513.0,0.4904518,749.0,572.0,0.5981418,635.0,461.0,0.77861977,603.0,452.0,0.7374383,446.0,489.0,0.58248353,404.0,517.0,0.8314164,292.0,393.0,0.7382983,250.0,398.0,0.7760698
50 Knee PushUps Challenge Beginner Arm and Chest Toning720p_frame125.jpg,947.0,315.0,0.696293,951.0,293.0,0.6176697,948.0,293.0,0.72768795,916.0,250.0,0.74852586,901.0,247.0,0.6483201,882.0,316.0,0.7083749,770.0,284.0,0.88209295,956.0,379.0,0.8808078,690.0,391.0,0.7539873,982.0,494.0,0.81851614,746.0,573.0,0.7933274,630.0,451.0,0.6434424,590.0,442.0,0.7231056,446.0,499.0,0.74788344,408.0,525.0,0.8131987,304.0,392.0,0.7109215,245.0,400.0,0.8929485
50 Knee PushUps Challenge Beginner Arm and Chest Toning720p_frame126.jpg,886.0,191.0,0.84734297,887.0,166.0,0.84735453,880.0,165.0,0.78138566,837.0,137.0,0.7972829,823.0,137.0,0.914133,818.0,238.0,0.9287375,711.0,217.0,0.754528,892.0,374.0,0.8587937,699.0,392.0,0.753973,980.0,492.0,0.90780896,742.0,577.0,0.90526205,627.0,436.0,0.84054613,583.0,429.0,0.7956106,474.0,498.0,0.74643373,408.0,529.0,0.93341076,333.0,417.0,0.78544927,257.0,401.0,0.79613173
50 Knee PushUps Challenge Beginner Arm and Chest Toning720p_frame127.jpg,963.0,348.0,0.6146526,971.0,330.0,0.6501262,963.0,321.0,0.6352561,946.0,290.0,0.8014045,921.0,280.0,0.78952056,945.0,362.0,0.6001662,794.0,303.0,0.822401,970.0,387.0,0.5994053,686.0,382.0,0.38741583,987.0,505.0,0.82401776,745.0,572.0,0.74291515,651.0,455.0,0.686748,607.0,439.0,0.76010555,441.0,502.0,0.53320396,407.0,519.0,0.8076018,325.0,410.0,0.53162575,250.0,402.0,0.7751976
50 Knee PushUps Challenge Beginner Arm and Chest Toning720p_frame128.jpg,987.0,451.0,0.6650772,998.0,431.0,0.68236154,992.0,428.0,0.42897114,975.0,383.0,0.65517294,960.0,378.0,0.6060786,939.0,413.0,0.59685653,852.0,390.0,0.7265663,984.0,549.0,0.59316725,691.0,389.0,0.4503907,980.0,484.0,0.6334108,749.0,567.0,0.544673,636.0,462.0,0.79047304,601.0,452.0,0.76154244,443.0,494.0,0.6570641,408.0,519.0,0.8076578,301.0,397.0,0.6346067,249.0,398.0,0.7790154
50 Knee PushUps Challenge Beginner Arm and Chest Toning720p_frame129.jpg,926.0,269.0,0.7933915,931.0,244.0,0.74101686,927.0,243.0,0.7403033,887.0,202.0,0.8268848,879.0,200.0,0.90738314,848.0,288.0,0.64445937,760.0,258.0,0.8240834,933.0,377.0,0.97405916,691.0,389.0,0.6588603,981.0,491.0,0.9477296,743.0,576.0,0.87502223,637.0,447.0,0.70195174,598.0,438.0,0.803089,466.0,500.0,0.6150424,404.0,526.0,0.9167015,318.0,403.0,0.80882055,253.0,398.0,0.9147426
50 Knee PushUps Challenge Beginner Arm and Chest Toning720p_frame130.jpg,903.0,224.0,0.74191207,905.0,197.0,0.74328905,902.0,196.0,0.6538322,859.0,161.0,0.8435665,849.0,161.0,0.90149987,832.0,260.0,0.8702967,727.0,230.0,0.921663,909.0,380.0,0.8158932,689.0,393.0,0.8050803,981.0,489.0,0.9380107,747.0,575.0,0.9363744,629.0,437.0,0.8017185,584.0,432.0,0.82805693,471.0,501.0,0.70765054,408.0,527.0,0.8710312,317.0,406.0,0.6988821,252.0,399.0,0.90538085
50 Knee PushUps Challenge Beginner Arm and Chest Toning720p_frame131.jpg,981.0,395.0,0.65511477,986.0,376.0,0.51968074,980.0,373.0,0.71268404,961.0,332.0,0.8017208,942.0,326.0,0.8110188,938.0,374.0,0.65061593,829.0,349.0,0.82024825,976.0,422.0,0.24205752,687.0,386.0,0.5123464,985.0,516.0,0.8163449,746.0,576.0,0.6815467,651.0,456.0,0.7368536,609.0,445.0,0.75481087,445.0,496.0,0.5858834,406.0,521.0,0.877399,287.0,390.0,0.7824782,247.0,396.0,0.83342373
50 Knee PushUps Challenge Beginner Arm and Chest Toning720p_frame132.jpg,992.0,414.0,0.7334837,998.0,392.0,0.35644913,990.0,390.0,0.6833811,970.0,345.0,0.7575464,952.0,341.0,0.8125902,948.0,394.0,0.643675,837.0,363.0,0.7681061,993.0,544.0,0.56730175,687.0,385.0,0.49579597,983.0,491.0,0.5498722,748.0,575.0,0.77576154,645.0,455.0,0.6864601,606.0,445.0,0.7478887,436.0,494.0,0.5932789,403.0,520.0,0.8504786,314.0,404.0,0.53679824,247.0,395.0,0.69910705
50 Knee PushUps Challenge Beginner Arm and Chest Toning720p_frame133.jpg,907.0,231.0,0.84122914,913.0,205.0,0.726082,906.0,203.0,0.70410293,869.0,168.0,0.7637896,857.0,164.0,0.8938373,835.0,266.0,0.87293595,738.0,233.0,0.8519252,911.0,381.0,0.92112595,687.0,391.0,0.81538147,982.0,493.0,0.85155654,750.0,576.0,0.91513634,633.0,442.0,0.8049547,588.0,431.0,0.822487,473.0,501.0,0.74242795,408.0,528.0,0.78176725,327.0,413.0,0.8370719,253.0,397.0,0.91112137
50 Knee PushUps Challenge Beginner Arm and Chest Toning720p_frame134.jpg,923.0,255.0,0.7769528,927.0,230.0,0.8295887,923.0,229.0,0.66506124,881.0,193.0,0.77251387,873.0,191.0,0.70753586,843.0,283.0,0.6928052,748.0,252.0,0.7884828,925.0,376.0,0.971613,688.0,387.0,0.7522893,983.0,490.0,0.8564423,743.0,578.0,0.7906016,630.0,447.0,0.7230618,590.0,435.0,0.8290335,474.0,501.0,0.5329783,409.0,527.0,0.85346913,314.0,404.0,0.761986,253.0,399.0,0.9111332
50 Knee PushUps Challenge Beginner Arm and Chest Toning720p_frame135.jpg,993.0,444.0,0.6848862,1002.0,424.0,0.515588,993.0,419.0,0.47887793,977.0,378.0,0.74544126,952.0,367.0,0.7091123,941.0,416.0,0.7145541,844.0,386.0,0.795954,988.0,547.0,0.6147417,687.0,389.0,0.42372093,983.0,491.0,0.38159856,744.0,565.0,0.69317067,640.0,463.0,0.7995343,600.0,452.0,0.7525389,442.0,495.0,0.5703019,408.0,519.0,0.71246827,309.0,402.0,0.6348576,253.0,401.0,0.78331196
50 Knee PushUps Challenge Beginner Arm and Chest Toning720p_frame136.jpg,960.0,372.0,0.52395767,970.0,351.0,0.6758039,964.0,346.0,0.59435916,947.0,301.0,0.6246774,931.0,291.0,0.80314946,931.0,358.0,0.6334251,803.0,312.0,0.8070026,973.0,387.0,0.53024924,684.0,381.0,0.42762223,984.0,510.0,0.7744313,744.0,572.0,0.6567217,644.0,456.0,0.6625261,605.0,442.0,0.7528601,442.0,496.0,0.6225339,404.0,514.0,0.66879773,311.0,404.0,0.55265695,252.0,395.0,0.8032409
50 Knee PushUps Challenge Beginner Arm and Chest Toning720p_frame137.jpg,889.0,199.0,0.82527745,889.0,172.0,0.8298193,886.0,173.0,0.73018044,838.0,143.0,0.7431487,828.0,144.0,0.9134524,819.0,245.0,0.7528229,714.0,219.0,0.75981784,894.0,375.0,0.840887,698.0,393.0,0.80365074,981.0,493.0,0.8454989,744.0,576.0,0.9244182,628.0,438.0,0.8320975,582.0,429.0,0.80735976,475.0,505.0,0.5921028,407.0,530.0,0.91670597,331.0,415.0,0.6879813,257.0,400.0,0.78173244
50 Knee PushUps Challenge Beginner Arm and Chest Toning720p_frame138.jpg,944.0,304.0,0.7568614,948.0,280.0,0.7012311,946.0,281.0,0.7459872,909.0,237.0,0.8802977,899.0,235.0,0.8874022,865.0,301.0,0.7756807,769.0,277.0,0.884979,946.0,369.0,0.82564884,687.0,394.0,0.59654814,984.0,492.0,0.7707623,748.0,578.0,0.91158956,622.0,444.0,0.8326072,586.0,437.0,0.8477967,457.0,497.0,0.78822917,408.0,526.0,0.86147654,323.0,401.0,0.69752926,249.0,400.0,0.90933716
50 Knee PushUps Challenge Beginner Arm and Chest Toning720p_frame139.jpg,977.0,468.0,0.42946714,990.0,452.0,0.5768024,986.0,452.0,0.58534837,977.0,408.0,0.79836035,964.0,406.0,0.70267284,922.0,425.0,0.6289449,861.0,410.0,0.74019563,981.0,534.0,0.36560374,692.0,392.0,0.5514721,978.0,509.0,0.46865833,748.0,570.0,0.71409166,639.0,464.0,0.782284,606.0,454.0,0.76990885,441.0,493.0,0.6083352,404.0,518.0,0.85581994,289.0,392.0,0.7289243,251.0,394.0,0.80976045
50 Knee PushUps Challenge Beginner Arm and Chest Toning720p_frame140.jpg,954.0,310.0,0.6505263,956.0,289.0,0.8071113,953.0,289.0,0.6897947,915.0,246.0,0.68268347,907.0,248.0,0.71078885,883.0,318.0,0.8017224,777.0,284.0,0.8555148,960.0,381.0,0.9461469,688.0,391.0,0.75659865,981.0,494.0,0.7054303,749.0,574.0,0.8742976,632.0,448.0,0.81240255,593.0,437.0,0.8180133,444.0,496.0,0.7288108,407.0,526.0,0.86310166,310.0,398.0,0.752616,246.0,399.0,0.82428163
50 Knee PushUps Challenge Beginner Arm and Chest Toning720p_frame141.jpg,885.0,192.0,0.8599517,885.0,166.0,0.8280603,880.0,167.0,0.7662777,834.0,137.0,0.7590804,823.0,137.0,0.8900771,818.0,242.0,0.8302789,710.0,218.0,0.743744,892.0,375.0,0.9027066,701.0,392.0,0.7536161,980.0,494.0,0.9238977,741.0,573.0,0.8700275,628.0,437.0,0.84793204,581.0,429.0,0.8119803,473.0,501.0,0.60623664,405.0,524.0,0.7968422,333.0,420.0,0.61109006,254.0,399.0,0.8876752
50 Knee PushUps Challenge Beginner Arm and Chest Toning720p_frame142.jpg,964.0,349.0,0.6160593,973.0,331.0,0.6842264,963.0,323.0,0.61329174,948.0,292.0,0.7444068,918.0,281.0,0.75956875,951.0,356.0,0.7099774,790.0,306.0,0.78433853,971.0,388.0,0.5205462,685.0,385.0,0.38670152,986.0,507.0,0.8587027,744.0,571.0,0.7294977,651.0,455.0,0.67661965,606.0,441.0,0.7558814,443.0,501.0,0.565404,406.0,519.0,0.81062055,308.0,401.0,0.64569664,253.0,400.0,0.76538414
50 Knee PushUps Challenge Beginner Arm and Chest Toning720p_frame143.jpg,989.0,449.0,0.5919824,998.0,434.0,0.48186076,992.0,430.0,0.5841526,976.0,386.0,0.74613327,961.0,381.0,0.71828175,936.0,416.0,0.64904267,855.0,393.0,0.7254207,984.0,549.0,0.5368154,690.0,391.0,0.53824925,980.0,489.0,0.6495228,750.0,568.0,0.6204546,634.0,460.0,0.7760879,600.0,449.0,0.7667004,435.0,494.0,0.61654615,405.0,519.0,0.6568824,291.0,395.0,0.725058,248.0,397.0,0.60022867
50 Knee PushUps Challenge Beginner Arm and Chest Toning720p_frame144.jpg,930.0,267.0,0.77184856,935.0,243.0,0.7319688,930.0,241.0,0.6521601,889.0,204.0,0.90168786,879.0,200.0,0.8920002,846.0,290.0,0.6854685,756.0,258.0,0.8328745,931.0,376.0,0.9781744,689.0,388.0,0.7332548,983.0,490.0,0.8000341,742.0,575.0,0.87922394,628.0,442.0,0.82360846,592.0,434.0,0.82901305,473.0,498.0,0.6153202,408.0,527.0,0.8180288,320.0,405.0,0.8490152,251.0,398.0,0.8679532
50 Knee PushUps Challenge Beginner Arm and Chest Toning720p_frame145.jpg,903.0,223.0,0.74572146,905.0,198.0,0.7221303,902.0,197.0,0.66961884,858.0,162.0,0.84503186,849.0,162.0,0.8993344,831.0,259.0,0.8730397,726.0,230.0,0.9267344,909.0,381.0,0.8253252,688.0,392.0,0.7700577,980.0,490.0,0.9414803,746.0,577.0,0.91237515,626.0,438.0,0.7880428,583.0,432.0,0.8256963,476.0,505.0,0.4771264,407.0,527.0,0.8610641,324.0,412.0,0.6482059,253.0,399.0,0.9191645
50 Knee PushUps Challenge Beginner Arm and Chest Toning720p_frame146.jpg,982.0,398.0,0.65828615,988.0,375.0,0.64892507,982.0,373.0,0.5868925,960.0,330.0,0.63079476,947.0,324.0,0.766193,927.0,381.0,0.58505714,838.0,354.0,0.7387421,988.0,538.0,0.46968767,689.0,386.0,0.5742886,982.0,487.0,0.47706923,749.0,577.0,0.84530246,644.0,454.0,0.769093,603.0,446.0,0.75110734,443.0,495.0,0.56924707,404.0,522.0,0.86262536,314.0,402.0,0.5691475,251.0,396.0,0.8455469
50 Knee PushUps Challenge Beginner Arm and Chest Toning720p_frame147.jpg,991.0,415.0,0.6923813,997.0,393.0,0.5844057,989.0,390.0,0.49911687,969.0,344.0,0.6580343,952.0,341.0,0.7748925,940.0,380.0,0.7054043,834.0,361.0,0.80160606,978.0,428.0,0.37674007,689.0,384.0,0.54404616,987.0,500.0,0.76058584,746.0,568.0,0.7491251,646.0,449.0,0.7486253,610.0,445.0,0.7293119,441.0,491.0,0.5716996,403.0,518.0,0.86226165,292.0,390.0,0.77575105,247.0,396.0,0.7140425
50 Knee PushUps Challenge Beginner Arm and Chest Toning720p_frame148.jpg,906.0,230.0,0.8189157,912.0,204.0,0.60658187,904.0,204.0,0.7164757,869.0,171.0,0.85127866,853.0,166.0,0.9074193,835.0,263.0,0.86551505,733.0,233.0,0.77677333,912.0,380.0,0.89466965,688.0,388.0,0.6962235,980.0,491.0,0.9326513,743.0,577.0,0.7197888,633.0,444.0,0.81924105,586.0,433.0,0.8290384,477.0,503.0,0.79788804,408.0,527.0,0.82722723,326.0,416.0,0.8479346,254.0,398.0,0.8069301
50 Knee PushUps Challenge Beginner Arm and Chest Toning720p_frame149.jpg,925.0,256.0,0.80232763,928.0,232.0,0.8304425,923.0,231.0,0.6720873,881.0,195.0,0.76088995,871.0,192.0,0.9053218,843.0,282.0,0.6864902,749.0,253.0,0.78241044,926.0,378.0,0.97632426,688.0,388.0,0.71021855,982.0,490.0,0.85141253,741.0,576.0,0.8062335,633.0,444.0,0.8230794,591.0,434.0,0.8314794,470.0,498.0,0.6494304,407.0,527.0,0.84055156,317.0,401.0,0.8269074,254.0,398.0,0.91627496
50 Knee PushUps Challenge Beginner Arm and Chest Toning720p_frame150.jpg,987.0,445.0,0.66127956,996.0,424.0,0.4577067,987.0,419.0,0.5080576,973.0,376.0,0.7705232,955.0,369.0,0.7250236,938.0,413.0,0.5548954,850.0,385.0,0.7769157,985.0,546.0,0.63316137,692.0,385.0,0.5821837,980.0,476.0,0.49317712,747.0,567.0,0.62840724,644.0,466.0,0.7793264,605.0,455.0,0.7564414,443.0,490.0,0.5528643,405.0,518.0,0.7642267,307.0,399.0,0.5898597,253.0,400.0,0.80627346
50 Knee PushUps Challenge Beginner Arm and Chest Toning720p_frame151.jpg,963.0,368.0,0.63690174,971.0,345.0,0.69566244,962.0,340.0,0.51007724,949.0,298.0,0.7864573,929.0,289.0,0.84343725,939.0,359.0,0.5648706,800.0,314.0,0.83746594,973.0,387.0,0.67721295,687.0,386.0,0.62147844,983.0,510.0,0.71073544,744.0,572.0,0.6756605,645.0,454.0,0.6399113,604.0,442.0,0.76388645,451.0,495.0,0.44129372,406.0,517.0,0.87785554,305.0,396.0,0.62325764,249.0,398.0,0.786011
50 Knee PushUps Challenge Beginner Arm and Chest Toning720p_frame152.jpg,890.0,197.0,0.8594702,890.0,171.0,0.7982999,884.0,172.0,0.72689867,839.0,141.0,0.7445604,828.0,141.0,0.8301153,819.0,243.0,0.6970824,713.0,221.0,0.84600186,896.0,378.0,0.94093186,700.0,393.0,0.67045605,981.0,493.0,0.8723384,746.0,573.0,0.9251915,632.0,440.0,0.82053876,585.0,433.0,0.807809,468.0,501.0,0.782,405.0,528.0,0.830847,319.0,408.0,0.7236384,254.0,399.0,0.8615968
50 Knee PushUps Challenge Beginner Arm and Chest Toning720p_frame153.jpg,945.0,300.0,0.755443,949.0,278.0,0.7835529,946.0,277.0,0.6844231,909.0,234.0,0.6542248,899.0,235.0,0.66782266,873.0,306.0,0.7390466,767.0,275.0,0.82622683,948.0,373.0,0.9533876,688.0,395.0,0.62032723,982.0,493.0,0.84963584,750.0,574.0,0.8863963,628.0,447.0,0.8080636,586.0,437.0,0.83127016,442.0,495.0,0.71521807,408.0,524.0,0.7312243,312.0,399.0,0.65611005,243.0,402.0,0.8299032
50 Knee PushUps Challenge Beginner Arm and Chest Toning720p_frame154.jpg,985.0,471.0,0.502866,994.0,454.0,0.51024437,990.0,452.0,0.616228,979.0,412.0,0.70844424,966.0,405.0,0.6885656,928.0,430.0,0.5736474,860.0,410.0,0.75103414,983.0,544.0,0.4309228,692.0,389.0,0.61624455,979.0,508.0,0.4258886,748.0,571.0,0.6685307,636.0,464.0,0.7896254,601.0,453.0,0.74752116,442.0,494.0,0.5245701,403.0,518.0,0.87479305,290.0,394.0,0.7471242,251.0,397.0,0.8033514
50 Knee PushUps Challenge Beginner Arm and Chest Toning720p_frame155.jpg,949.0,312.0,0.68752754,954.0,288.0,0.73321843,950.0,287.0,0.62959564,917.0,243.0,0.87915945,906.0,243.0,0.90479064,881.0,315.0,0.7691474,776.0,285.0,0.8904531,959.0,381.0,0.93738556,687.0,391.0,0.7914804,983.0,498.0,0.75729156,748.0,573.0,0.88353956,632.0,447.0,0.8030659,593.0,439.0,0.8186972,449.0,497.0,0.79239523,408.0,526.0,0.8611128,309.0,398.0,0.70508707,244.0,402.0,0.8797786
50 Knee PushUps Challenge Beginner Arm and Chest Toning720p_frame156.jpg,886.0,193.0,0.75689614,888.0,166.0,0.79885995,881.0,165.0,0.76061285,837.0,135.0,0.748605,825.0,136.0,0.84179,817.0,239.0,0.6995769,712.0,217.0,0.72003007,893.0,376.0,0.90836316,699.0,396.0,0.87871516,980.0,492.0,0.9070498,741.0,577.0,0.89449245,625.0,432.0,0.83254766,583.0,428.0,0.8061869,472.0,498.0,0.7368331,407.0,527.0,0.9214704,329.0,414.0,0.7310139,255.0,400.0,0.8418704
50 Knee PushUps Challenge Beginner Arm and Chest Toning720p_frame157.jpg,959.0,354.0,0.5252644,968.0,335.0,0.616488,960.0,328.0,0.676718,944.0,292.0,0.78065115,920.0,283.0,0.76094306,945.0,362.0,0.64659035,789.0,305.0,0.8099541,972.0,392.0,0.6578159,686.0,386.0,0.43723556,986.0,512.0,0.7346475,745.0,567.0,0.6739298,647.0,459.0,0.70075625,606.0,442.0,0.76473004,441.0,499.0,0.64719325,405.0,516.0,0.77065325,306.0,401.0,0.6156888,251.0,398.0,0.6815386
50 Knee PushUps Challenge Beginner Arm and Chest Toning720p_frame158.jpg,992.0,454.0,0.6308116,1002.0,432.0,0.66957825,996.0,428.0,0.5194092,978.0,385.0,0.6690954,960.0,378.0,0.59311485,947.0,421.0,0.5999459,850.0,388.0,0.7566806,985.0,547.0,0.6220884,688.0,389.0,0.43105012,980.0,503.0,0.4424474,744.0,567.0,0.6884416,641.0,462.0,0.78014445,603.0,450.0,0.76115453,443.0,493.0,0.63535875,408.0,520.0,0.8037124,300.0,396.0,0.6448903,247.0,396.0,0.81195664
50 Knee PushUps Challenge Beginner Arm and Chest Toning720p_frame159.jpg,928.0,270.0,0.8237606,933.0,246.0,0.77136356,929.0,245.0,0.73575354,887.0,205.0,0.7281738,879.0,202.0,0.8990247,848.0,288.0,0.6080818,759.0,258.0,0.8192888,932.0,378.0,0.9608175,691.0,383.0,0.56308866,981.0,491.0,0.90714246,747.0,577.0,0.8231472,630.0,444.0,0.80272174,591.0,436.0,0.83727336,463.0,495.0,0.72731066,406.0,525.0,0.8505869,324.0,407.0,0.664798,253.0,397.0,0.9301661
50 Knee PushUps Challenge Beginner Arm and Chest Toning720p_frame160.jpg,903.0,223.0,0.7427203,907.0,197.0,0.8497069,899.0,196.0,0.70606387,863.0,164.0,0.5674888,848.0,160.0,0.6958829,832.0,262.0,0.84823656,728.0,228.0,0.91391325,909.0,379.0,0.7397498,686.0,391.0,0.8015793,984.0,492.0,0.83493084,748.0,574.0,0.9193713,629.0,440.0,0.83865243,584.0,431.0,0.8228561,476.0,506.0,0.5769686,407.0,528.0,0.9166351,330.0,413.0,0.6759666,254.0,400.0,0.9285739
50 Knee PushUps Challenge Beginner Arm and Chest Toning720p_frame161.jpg,979.0,392.0,0.6408987,986.0,372.0,0.6421288,979.0,369.0,0.6448554,959.0,329.0,0.7674811,942.0,324.0,0.764073,933.0,382.0,0.7111503,828.0,351.0,0.7781253,975.0,424.0,0.2059354,687.0,386.0,0.5657213,982.0,512.0,0.57399106,747.0,577.0,0.66971177,644.0,460.0,0.67725056,604.0,448.0,0.7428981,441.0,495.0,0.5111401,403.0,517.0,0.6917968,314.0,403.0,0.61793375,250.0,398.0,0.873731
50 Knee PushUps Challenge Beginner Arm and Chest Toning720p_frame162.jpg,991.0,413.0,0.6707989,996.0,390.0,0.681196,990.0,387.0,0.6095917,970.0,344.0,0.6960386,954.0,340.0,0.76546824,945.0,394.0,0.69419825,833.0,358.0,0.8008517,988.0,535.0,0.49765515,688.0,385.0,0.55906034,984.0,490.0,0.67795265,747.0,569.0,0.57029736,644.0,454.0,0.77306026,606.0,448.0,0.75321233,436.0,496.0,0.66492236,403.0,518.0,0.8518586,315.0,399.0,0.5216354,249.0,395.0,0.8161218
50 Knee PushUps Challenge Beginner Arm and Chest Toning720p_frame163.jpg,906.0,231.0,0.82532275,911.0,204.0,0.6177903,905.0,204.0,0.7367506,867.0,170.0,0.8489145,855.0,166.0,0.6333555,833.0,263.0,0.846597,736.0,232.0,0.8466572,912.0,380.0,0.89686054,687.0,386.0,0.7037601,981.0,490.0,0.9370941,749.0,576.0,0.9312626,631.0,444.0,0.83476454,587.0,432.0,0.8232921,474.0,502.0,0.7530291,407.0,528.0,0.76654893,325.0,414.0,0.83140504,255.0,400.0,0.825122
50 Knee PushUps Challenge Beginner Arm and Chest Toning720p_frame164.jpg,924.0,255.0,0.80552244,927.0,230.0,0.85115755,923.0,229.0,0.71716404,880.0,192.0,0.7755679,872.0,191.0,0.7275405,844.0,282.0,0.713272,748.0,252.0,0.77199185,924.0,375.0,0.967242,689.0,381.0,0.59356153,981.0,493.0,0.83824134,741.0,579.0,0.83167064,630.0,446.0,0.72821575,588.0,433.0,0.8328866,473.0,502.0,0.6204848,408.0,526.0,0.8014308,319.0,410.0,0.71823883,252.0,399.0,0.89026314
50 Knee PushUps Challenge Beginner Arm and Chest Toning720p_frame165.jpg,992.0,446.0,0.64064276,1001.0,423.0,0.5639669,993.0,419.0,0.41606107,977.0,375.0,0.72356224,957.0,365.0,0.69202244,934.0,411.0,0.5835198,846.0,386.0,0.7940767,986.0,540.0,0.66931313,689.0,389.0,0.3925494,980.0,477.0,0.7571323,748.0,568.0,0.7388334,640.0,460.0,0.7745982,605.0,450.0,0.76094174,441.0,496.0,0.5346671,404.0,514.0,0.7061765,308.0,402.0,0.65152025,254.0,402.0,0.72758836
50 Knee PushUps Challenge Beginner Arm and Chest Toning720p_frame166.jpg,962.0,366.0,0.6341507,971.0,344.0,0.6813633,964.0,339.0,0.5743134,950.0,297.0,0.7933292,931.0,290.0,0.84794617,939.0,359.0,0.5642686,805.0,315.0,0.8421737,972.0,386.0,0.6585695,686.0,386.0,0.6746732,983.0,505.0,0.68510216,741.0,568.0,0.7387478,644.0,453.0,0.622314,606.0,443.0,0.7576611,445.0,493.0,0.55465114,406.0,517.0,0.87921685,304.0,396.0,0.65003085,249.0,401.0,0.72600746
50 Knee PushUps Challenge Beginner Arm and Chest Toning720p_frame167.jpg,889.0,196.0,0.8591643,891.0,170.0,0.9014102,885.0,171.0,0.7915457,841.0,141.0,0.8142966,829.0,141.0,0.8885373,821.0,245.0,0.7852212,712.0,222.0,0.8981483,896.0,377.0,0.86060095,699.0,394.0,0.70718,982.0,492.0,0.83889866,745.0,576.0,0.940137,628.0,441.0,0.83862865,583.0,432.0,0.8002062,474.0,503.0,0.72630143,406.0,530.0,0.8612939,322.0,409.0,0.80633676,255.0,400.0,0.9181839
50 Knee PushUps Challenge Beginner Arm and Chest Toning720p_frame168.jpg,944.0,303.0,0.73668396,948.0,280.0,0.7493659,945.0,279.0,0.7256484,910.0,235.0,0.86139166,898.0,232.0,0.91568553,867.0,302.0,0.7471432,768.0,276.0,0.8664069,946.0,370.0,0.8113698,687.0,392.0,0.5339749,983.0,495.0,0.8297376,750.0,574.0,0.9023781,626.0,448.0,0.7603179,586.0,438.0,0.8360989,452.0,500.0,0.7538712,408.0,526.0,0.9116811,318.0,405.0,0.72380936,245.0,400.0,0.7828617
50 Knee PushUps Challenge Beginner Arm and Chest Toning720p_frame169.jpg,980.0,468.0,0.39235777,991.0,451.0,0.5791652,987.0,451.0,0.5863888,978.0,409.0,0.66218245,964.0,406.0,0.6679971,920.0,423.0,0.6877086,861.0,412.0,0.7503991,982.0,539.0,0.37784863,695.0,389.0,0.6188426,981.0,502.0,0.42601112,748.0,570.0,0.66084814,640.0,463.0,0.7933517,609.0,456.0,0.776068,439.0,494.0,0.60622776,400.0,515.0,0.7172961,285.0,392.0,0.78459114,247.0,399.0,0.8006588
50 Knee PushUps Challenge Beginner Arm and Chest Toning720p_frame170.jpg,953.0,311.0,0.6641307,956.0,291.0,0.74003243,952.0,290.0,0.6020626,916.0,246.0,0.6776891,905.0,246.0,0.7279726,882.0,313.0,0.77307135,780.0,287.0,0.8434679,959.0,381.0,0.95676935,690.0,389.0,0.65141463,982.0,493.0,0.71142435,747.0,573.0,0.66988534,632.0,447.0,0.81870997,592.0,439.0,0.7909643,445.0,498.0,0.75129914,408.0,527.0,0.82722664,309.0,398.0,0.76998377,246.0,400.0,0.8212687
50 Knee PushUps Challenge Beginner Arm and Chest Toning720p_frame171.jpg,887.0,191.0,0.84170973,887.0,165.0,0.86938083,881.0,166.0,0.8180372,837.0,137.0,0.7771529,825.0,138.0,0.9122874,818.0,242.0,0.8060202,711.0,217.0,0.7560369,893.0,374.0,0.8550788,703.0,394.0,0.77219933,981.0,494.0,0.8863323,740.0,576.0,0.8868947,627.0,435.0,0.83443123,581.0,427.0,0.80771714,472.0,496.0,0.8085233,404.0,524.0,0.8112311,330.0,417.0,0.6214832,252.0,400.0,0.91948795
50 Knee PushUps Challenge Beginner Arm and Chest Toning720p_frame172.jpg,963.0,343.0,0.67897344,976.0,325.0,0.709902,960.0,316.0,0.562366,953.0,290.0,0.61588526,917.0,275.0,0.58783543,961.0,365.0,0.6255003,791.0,300.0,0.7397616,976.0,400.0,0.4990699,688.0,388.0,0.36854362,988.0,524.0,0.76444185,745.0,575.0,0.76888967,654.0,455.0,0.60691285,606.0,440.0,0.76669747,443.0,500.0,0.50715256,406.0,519.0,0.7911602,310.0,400.0,0.6210146,253.0,398.0,0.7479675
50 Knee PushUps Challenge Beginner Arm and Chest Toning720p_frame173.jpg,992.0,454.0,0.6309526,1002.0,431.0,0.6450522,994.0,428.0,0.49443582,975.0,384.0,0.63285035,957.0,379.0,0.6142014,941.0,414.0,0.56112355,851.0,392.0,0.7446208,985.0,541.0,0.48996282,692.0,387.0,0.5369315,980.0,490.0,0.6785939,746.0,567.0,0.62184405,636.0,462.0,0.78864825,601.0,452.0,0.7443818,440.0,495.0,0.5741532,408.0,520.0,0.67400825,310.0,403.0,0.5897782,255.0,401.0,0.7168449
50 Knee PushUps Challenge Beginner Arm and Chest Toning720p_frame174.jpg,926.0,268.0,0.70912504,931.0,244.0,0.8249258,927.0,241.0,0.61495656,888.0,202.0,0.88259095,878.0,198.0,0.9108971,847.0,290.0,0.7052953,756.0,257.0,0.8439826,931.0,377.0,0.97516125,689.0,388.0,0.77862895,984.0,490.0,0.7147553,744.0,578.0,0.71886146,631.0,441.0,0.7941286,592.0,435.0,0.80472505,466.0,497.0,0.737839,406.0,526.0,0.89800364,320.0,405.0,0.72516036,251.0,397.0,0.80120605
50 Knee PushUps Challenge Beginner Arm and Chest Toning720p_frame175.jpg,902.0,223.0,0.71966803,905.0,197.0,0.73575175,901.0,197.0,0.63097215,859.0,162.0,0.8433836,850.0,161.0,0.9016671,828.0,258.0,0.76665556,725.0,231.0,0.90763634,908.0,381.0,0.8213476,688.0,399.0,0.83609533,983.0,492.0,0.8426813,747.0,577.0,0.931641,622.0,438.0,0.8380181,584.0,433.0,0.82433873,469.0,500.0,0.7886857,404.0,527.0,0.7733191,321.0,412.0,0.72901535,256.0,401.0,0.88136214
50 Knee PushUps Challenge Beginner Arm and Chest Toning720p_frame176.jpg,978.0,393.0,0.60658073,985.0,372.0,0.6726024,979.0,369.0,0.60140395,960.0,330.0,0.73263645,945.0,324.0,0.78181285,930.0,382.0,0.68294466,832.0,351.0,0.79166853,987.0,531.0,0.3957079,688.0,385.0,0.587407,979.0,512.0,0.58985287,748.0,576.0,0.7228856,643.0,457.0,0.63913834,604.0,446.0,0.7363322,443.0,494.0,0.53265893,403.0,522.0,0.88849175,314.0,401.0,0.5987809,252.0,397.0,0.8613844
50 Knee PushUps Challenge Beginner Arm and Chest Toning720p_frame177.jpg,987.0,414.0,0.7278135,994.0,392.0,0.5933479,987.0,389.0,0.67417836,969.0,347.0,0.7710514,951.0,342.0,0.8350458,942.0,393.0,0.67903864,834.0,361.0,0.7998425,989.0,548.0,0.6847402,684.0,384.0,0.4101222,982.0,481.0,0.4998707,747.0,573.0,0.8126514,643.0,452.0,0.68998706,606.0,445.0,0.74761057,443.0,492.0,0.60549945,406.0,521.0,0.8632712,319.0,406.0,0.6102036,245.0,395.0,0.7187638
50 Knee PushUps Challenge Beginner Arm and Chest Toning720p_frame178.jpg,907.0,232.0,0.83353645,911.0,206.0,0.5968789,905.0,205.0,0.74972713,868.0,170.0,0.8506185,856.0,167.0,0.90333724,832.0,265.0,0.83967054,736.0,233.0,0.8351828,912.0,380.0,0.89767855,687.0,386.0,0.73629117,981.0,491.0,0.9421517,742.0,576.0,0.7553302,630.0,442.0,0.7998791,585.0,431.0,0.82347023,473.0,503.0,0.76555675,406.0,527.0,0.9178424,326.0,412.0,0.83622813,254.0,398.0,0.80347604
50 Knee PushUps Challenge Beginner Arm and Chest Toning720p_frame179.jpg,923.0,255.0,0.74529105,926.0,230.0,0.7887982,922.0,229.0,0.7123662,880.0,194.0,0.73095244,872.0,190.0,0.8947844,843.0,278.0,0.6628764,752.0,251.0,0.7903064,926.0,376.0,0.9697099,689.0,384.0,0.56224513,983.0,489.0,0.8419385,742.0,577.0,0.86687523,631.0,445.0,0.8159664,589.0,434.0,0.8305454,470.0,498.0,0.6599438,409.0,526.0,0.82905793,318.0,405.0,0.8138331,251.0,399.0,0.8408747
50 Knee PushUps Challenge Beginner Arm and Chest Toning720p_frame180.jpg,990.0,445.0,0.68565786,998.0,423.0,0.49047932,989.0,419.0,0.5452388,971.0,373.0,0.788651,952.0,369.0,0.7266297,942.0,410.0,0.6184342,844.0,387.0,0.765996,989.0,546.0,0.6014135,688.0,389.0,0.45977882,981.0,477.0,0.6268521,745.0,567.0,0.7178272,643.0,462.0,0.79242444,604.0,454.0,0.7676481,442.0,489.0,0.5722866,407.0,516.0,0.75819707,306.0,399.0,0.6421269,252.0,402.0,0.77099156
50 Knee PushUps Challenge Beginner Arm and Chest Toning720p_frame181.jpg,947.0,365.0,0.5676438,960.0,346.0,0.48649973,951.0,337.0,0.57111883,947.0,302.0,0.63198406,927.0,290.0,0.7014596,946.0,367.0,0.70300126,805.0,309.0,0.7715007,981.0,461.0,0.31670624,684.0,384.0,0.4494755,985.0,524.0,0.6777553,749.0,575.0,0.8468647,655.0,455.0,0.7019443,609.0,437.0,0.7463188,449.0,498.0,0.51387215,407.0,519.0,0.6289288,319.0,406.0,0.5842626,252.0,397.0,0.7896452
50 Knee PushUps Challenge Beginner Arm and Chest Toning720p_frame182.jpg,891.0,196.0,0.8667829,890.0,170.0,0.89658976,886.0,170.0,0.7786398,839.0,140.0,0.7987555,830.0,142.0,0.84614605,821.0,244.0,0.79908,714.0,221.0,0.78023684,895.0,377.0,0.90890443,698.0,395.0,0.81027573,981.0,494.0,0.89069295,744.0,576.0,0.90216947,628.0,438.0,0.82238615,583.0,431.0,0.8124619,472.0,501.0,0.74030477,406.0,529.0,0.8858481,329.0,415.0,0.6705023,255.0,400.0,0.9314439
50 Knee PushUps Challenge Beginner Arm and Chest Toning720p_frame183.jpg,943.0,303.0,0.6633918,946.0,280.0,0.7203772,946.0,281.0,0.6379115,909.0,238.0,0.8932357,902.0,236.0,0.8348227,867.0,305.0,0.8156479,766.0,277.0,0.8982594,945.0,372.0,0.9174276,688.0,389.0,0.58605933,984.0,496.0,0.8286104,747.0,578.0,0.8803287,629.0,447.0,0.8126968,589.0,438.0,0.8461566,458.0,497.0,0.64097947,409.0,526.0,0.8830291,323.0,403.0,0.70205957,248.0,401.0,0.886334
50 Knee PushUps Challenge Beginner Arm and Chest Toning720p_frame184.jpg,979.0,468.0,0.5733024,991.0,451.0,0.5648645,987.0,450.0,0.57982564,976.0,408.0,0.7822886,969.0,406.0,0.7152617,924.0,426.0,0.6345403,865.0,410.0,0.7437798,983.0,540.0,0.4287053,693.0,391.0,0.5655278,977.0,501.0,0.4420696,749.0,568.0,0.6674621,634.0,464.0,0.7913289,604.0,452.0,0.75024426,441.0,493.0,0.6568787,403.0,517.0,0.8409028,298.0,398.0,0.70530695,247.0,400.0,0.80047965
50 Knee PushUps Challenge Beginner Arm and Chest Toning720p_frame185.jpg,949.0,310.0,0.63741446,951.0,286.0,0.65415037,949.0,286.0,0.53804934,914.0,243.0,0.7444923,908.0,243.0,0.9093437,878.0,313.0,0.7287832,777.0,282.0,0.8702023,954.0,375.0,0.83697486,689.0,392.0,0.757934,983.0,494.0,0.7742045,747.0,574.0,0.683723,630.0,451.0,0.8054568,592.0,442.0,0.7964207,448.0,497.0,0.76814723,407.0,526.0,0.817901,322.0,404.0,0.69929135,244.0,398.0,0.7736115
50 Knee PushUps Challenge Beginner Arm and Chest Toning720p_frame186.jpg,887.0,191.0,0.8598883,888.0,165.0,0.849931,881.0,165.0,0.78813416,837.0,137.0,0.78900933,824.0,136.0,0.90647817,818.0,237.0,0.92239153,712.0,218.0,0.7672981,893.0,375.0,0.8652171,701.0,392.0,0.7717005,980.0,493.0,0.90031826,741.0,573.0,0.88439757,626.0,436.0,0.81999683,580.0,430.0,0.7964973,470.0,499.0,0.80125344,406.0,527.0,0.78159523,333.0,420.0,0.58904004,255.0,399.0,0.8816369
50 Knee PushUps Challenge Beginner Arm and Chest Toning720p_frame187.jpg,962.0,351.0,0.55672646,971.0,332.0,0.7159907,962.0,325.0,0.6280241,944.0,292.0,0.76083755,919.0,284.0,0.741797,946.0,359.0,0.6748636,789.0,308.0,0.81482327,973.0,391.0,0.66490304,686.0,388.0,0.42838734,986.0,511.0,0.7217436,743.0,572.0,0.6778926,647.0,460.0,0.7124013,604.0,444.0,0.76419103,441.0,500.0,0.49127686,405.0,517.0,0.75399673,311.0,405.0,0.57536817,253.0,397.0,0.8100097
50 Knee PushUps Challenge Beginner Arm and Chest Toning720p_frame188.jpg,987.0,452.0,0.6589025,999.0,432.0,0.66719866,993.0,428.0,0.519577,978.0,387.0,0.6800506,960.0,379.0,0.6174526,942.0,418.0,0.63486993,851.0,390.0,0.7523601,983.0,545.0,0.55328035,689.0,389.0,0.42631263,980.0,497.0,0.66960144,744.0,566.0,0.6801671,640.0,462.0,0.78323233,605.0,452.0,0.74522865,443.0,494.0,0.65810263,409.0,521.0,0.78967744,302.0,396.0,0.6349603,246.0,399.0,0.76571
50 Knee PushUps Challenge Beginner Arm and Chest Toning720p_frame189.jpg,925.0,267.0,0.7552176,930.0,243.0,0.7305304,926.0,241.0,0.6573488,888.0,202.0,0.8396758,878.0,198.0,0.8989897,849.0,289.0,0.643317,757.0,259.0,0.78843445,932.0,379.0,0.97266126,691.0,388.0,0.55666447,981.0,491.0,0.94281834,744.0,574.0,0.8617249,636.0,443.0,0.8073502,594.0,436.0,0.83113694,468.0,497.0,0.59492576,403.0,525.0,0.9312877,316.0,404.0,0.81894016,253.0,398.0,0.9063205
50 Knee PushUps Challenge Beginner Arm and Chest Toning720p_frame190.jpg,902.0,223.0,0.8111283,905.0,198.0,0.8487245,901.0,197.0,0.6911536,858.0,162.0,0.7674376,849.0,161.0,0.7828937,831.0,259.0,0.8411845,726.0,227.0,0.9128594,908.0,378.0,0.7089,687.0,392.0,0.82430464,984.0,492.0,0.85088557,745.0,578.0,0.9083034,626.0,437.0,0.8230842,582.0,429.0,0.82571185,470.0,500.0,0.74253416,407.0,527.0,0.9202327,323.0,413.0,0.69089067,255.0,401.0,0.93176615
50 Knee PushUps Challenge Beginner Arm and Chest Toning720p_frame191.jpg,978.0,400.0,0.6762106,985.0,377.0,0.5489038,979.0,375.0,0.5505961,959.0,331.0,0.62354267,946.0,326.0,0.7737607,926.0,376.0,0.62960565,829.0,352.0,0.80902946,967.0,405.0,0.12839098,685.0,385.0,0.552245,985.0,502.0,0.592615,747.0,577.0,0.8461,644.0,452.0,0.76635367,605.0,446.0,0.7584404,442.0,490.0,0.58431184,403.0,519.0,0.8408309,303.0,395.0,0.66610134,246.0,397.0,0.7873119
50 Knee PushUps Challenge Beginner Arm and Chest Toning720p_frame192.jpg,984.0,409.0,0.6331388,993.0,385.0,0.6356081,984.0,381.0,0.51027036,969.0,345.0,0.6511109,950.0,335.0,0.5774866,946.0,402.0,0.60952675,836.0,359.0,0.7751194,992.0,548.0,0.681847,686.0,385.0,0.48951304,983.0,474.0,0.5998759,744.0,578.0,0.57550496,645.0,457.0,0.68209356,605.0,449.0,0.75416166,440.0,494.0,0.5328158,403.0,521.0,0.88244486,292.0,392.0,0.6922102,251.0,396.0,0.85768795
50 Knee PushUps Challenge Beginner Arm and Chest Toning720p_frame193.jpg,905.0,231.0,0.8198823,909.0,205.0,0.85908085,904.0,204.0,0.7452242,865.0,168.0,0.7369442,854.0,166.0,0.6896702,832.0,262.0,0.8292835,735.0,233.0,0.8248653,912.0,379.0,0.88887775,688.0,387.0,0.7358118,981.0,490.0,0.9377497,749.0,577.0,0.922268,628.0,441.0,0.8012397,586.0,432.0,0.8215735,469.0,501.0,0.73578376,408.0,528.0,0.7748083,322.0,412.0,0.7867348,256.0,399.0,0.8741741
50 Knee PushUps Challenge Beginner Arm and Chest Toning720p_frame194.jpg,924.0,256.0,0.8138641,928.0,231.0,0.87443,923.0,229.0,0.70462656,881.0,193.0,0.74598396,871.0,190.0,0.910559,844.0,281.0,0.78790045,749.0,253.0,0.80560887,925.0,376.0,0.9779287,687.0,387.0,0.74676216,981.0,489.0,0.8645528,742.0,578.0,0.7944683,628.0,444.0,0.8143965,589.0,434.0,0.8342956,470.0,500.0,0.6767332,408.0,528.0,0.81688887,316.0,404.0,0.7815523,252.0,400.0,0.91438043
50 Knee PushUps Challenge Beginner Arm and Chest Toning720p_frame195.jpg,986.0,440.0,0.57417154,997.0,419.0,0.5158982,989.0,414.0,0.5216264,978.0,379.0,0.6622151,955.0,364.0,0.6002587,950.0,418.0,0.4779445,847.0,378.0,0.8106192,988.0,552.0,0.7610873,691.0,385.0,0.5269264,977.0,479.0,0.52232516,744.0,572.0,0.56983507,645.0,467.0,0.6342833,605.0,454.0,0.7592199,444.0,494.0,0.6031858,408.0,518.0,0.73033375,307.0,401.0,0.65205437,250.0,399.0,0.790825
50 Knee PushUps Challenge Beginner Arm and Chest Toning720p_frame196.jpg,960.0,369.0,0.56969184,968.0,346.0,0.7183411,961.0,339.0,0.58680207,949.0,297.0,0.7260227,929.0,288.0,0.8345971,941.0,367.0,0.6687795,800.0,312.0,0.80363655,972.0,386.0,0.35952243,682.0,383.0,0.46362352,981.0,511.0,0.5506739,748.0,574.0,0.8760399,650.0,453.0,0.65170574,608.0,438.0,0.74161124,448.0,495.0,0.50594693,408.0,522.0,0.8715755,306.0,396.0,0.68276185,248.0,395.0,0.752778
50 Knee PushUps Challenge Beginner Arm and Chest Toning720p_frame197.jpg,891.0,196.0,0.86986387,891.0,171.0,0.90280706,887.0,171.0,0.82042193,840.0,141.0,0.8374026,833.0,143.0,0.9007843,820.0,246.0,0.81155944,715.0,221.0,0.7953727,895.0,377.0,0.9231374,699.0,392.0,0.7546472,981.0,493.0,0.8886925,744.0,574.0,0.8778353,629.0,440.0,0.83961046,585.0,432.0,0.8133848,467.0,502.0,0.7500727,407.0,528.0,0.92812264,321.0,413.0,0.66471577,254.0,400.0,0.9357096
50 Knee PushUps Challenge Beginner Arm and Chest Toning720p_frame198.jpg,944.0,302.0,0.762137,948.0,279.0,0.76623607,946.0,279.0,0.74428785,909.0,234.0,0.80772007,900.0,233.0,0.909323,865.0,302.0,0.7541518,773.0,277.0,0.8937416,949.0,374.0,0.8205712,686.0,390.0,0.60152256,981.0,487.0,0.8576158,749.0,577.0,0.88734925,626.0,445.0,0.78452086,588.0,438.0,0.81018364,445.0,496.0,0.7448221,408.0,527.0,0.77995884,315.0,399.0,0.6924293,246.0,402.0,0.8831133
50 Knee PushUps Challenge Beginner Arm and Chest Toning720p_frame199.jpg,977.0,468.0,0.47198555,991.0,450.0,0.59518313,986.0,450.0,0.5422553,978.0,409.0,0.6139988,964.0,404.0,0.64306974,922.0,426.0,0.6408516,860.0,410.0,0.6171832,984.0,552.0,0.5630242,692.0,388.0,0.6159019,983.0,488.0,0.4305718,749.0,567.0,0.49772042,635.0,464.0,0.78061867,602.0,454.0,0.7533349,440.0,492.0,0.6236665,399.0,517.0,0.7701646,289.0,395.0,0.72528565,248.0,397.0,0.8331591
50 Knee PushUps Challenge Beginner Arm and Chest Toning720p_frame200.jpg,953.0,309.0,0.68393594,957.0,288.0,0.7581843,953.0,287.0,0.7048199,915.0,245.0,0.8017733,905.0,243.0,0.9173074,879.0,313.0,0.78175795,779.0,285.0,0.86890167,960.0,380.0,0.9472469,689.0,389.0,0.6753026,982.0,496.0,0.77337223,751.0,575.0,0.8657948,629.0,449.0,0.66135144,593.0,440.0,0.807418,444.0,496.0,0.7734997,407.0,527.0,0.822209,299.0,395.0,0.77810395,250.0,401.0,0.79030305
50 Knee PushUps Challenge Beginner Arm and Chest Toning720p_frame201.jpg,888.0,190.0,0.8566762,887.0,165.0,0.88365453,883.0,165.0,0.77524924,836.0,136.0,0.75862503,825.0,137.0,0.9075686,817.0,242.0,0.80140257,712.0,218.0,0.781027,893.0,374.0,0.8516704,704.0,396.0,0.78699005,981.0,494.0,0.898563,741.0,573.0,0.8713236,628.0,438.0,0.8666015,583.0,429.0,0.81623244,473.0,503.0,0.65409064,406.0,525.0,0.8461062,332.0,419.0,0.625141,253.0,400.0,0.916026
50 Knee PushUps Challenge Beginner Arm and Chest Toning720p_frame202.jpg,965.0,350.0,0.55756456,974.0,332.0,0.66869867,963.0,325.0,0.6671951,945.0,294.0,0.779734,918.0,284.0,0.783999,947.0,350.0,0.67458016,791.0,305.0,0.8020104,973.0,389.0,0.7067733,687.0,389.0,0.59637,987.0,507.0,0.84607565,744.0,570.0,0.6888905,651.0,455.0,0.68007314,606.0,442.0,0.7599728,443.0,498.0,0.51959276,406.0,516.0,0.73725176,312.0,404.0,0.5991461,252.0,398.0,0.8211572
50 Knee PushUps Challenge Beginner Arm and Chest Toning720p_frame203.jpg,989.0,452.0,0.6361542,1000.0,430.0,0.72010213,993.0,425.0,0.4774704,978.0,386.0,0.7042162,962.0,378.0,0.68165416,940.0,419.0,0.5971875,853.0,389.0,0.7415056,983.0,553.0,0.65732145,690.0,388.0,0.42229635,980.0,480.0,0.6675955,749.0,568.0,0.52955556,638.0,461.0,0.78613484,604.0,450.0,0.7561542,439.0,496.0,0.641659,406.0,520.0,0.7995024,289.0,392.0,0.740003,247.0,398.0,0.8040081
50 Knee PushUps Challenge Beginner Arm and Chest Toning720p_frame204.jpg,928.0,267.0,0.7736375,933.0,244.0,0.767695,930.0,242.0,0.6902685,888.0,204.0,0.9090526,879.0,200.0,0.88098997,848.0,290.0,0.7224654,755.0,257.0,0.8324965,930.0,375.0,0.9743546,690.0,382.0,0.56944,983.0,490.0,0.82707876,742.0,576.0,0.86693853,626.0,443.0,0.83654076,591.0,434.0,0.83132577,469.0,499.0,0.6285902,408.0,527.0,0.82738763,318.0,405.0,0.8224167,252.0,398.0,0.8429993
50 Knee PushUps Challenge Beginner Arm and Chest Toning720p_frame205.jpg,904.0,222.0,0.8011363,907.0,196.0,0.77182555,903.0,195.0,0.72246325,859.0,162.0,0.84994555,850.0,162.0,0.9000731,830.0,259.0,0.8677677,726.0,230.0,0.9094492,909.0,380.0,0.8171921,689.0,395.0,0.77592874,983.0,491.0,0.8290118,747.0,573.0,0.9325063,629.0,438.0,0.81179404,585.0,432.0,0.8321121,476.0,501.0,0.6953398,405.0,526.0,0.8535796,318.0,410.0,0.7430506,252.0,401.0,0.8857987
50 Knee PushUps Challenge Beginner Arm and Chest Toning720p_frame206.jpg,976.0,392.0,0.592661,984.0,369.0,0.5836856,980.0,366.0,0.5005346,960.0,328.0,0.63903165,950.0,323.0,0.66235983,925.0,386.0,0.54726285,833.0,346.0,0.7417046,987.0,539.0,0.59944564,688.0,387.0,0.54770553,976.0,484.0,0.5684465,746.0,571.0,0.74489415,645.0,458.0,0.63365126,604.0,449.0,0.76919997,440.0,495.0,0.54321396,403.0,521.0,0.789916,299.0,394.0,0.69315785,249.0,396.0,0.8476062
50 Knee PushUps Challenge Beginner Arm and Chest Toning720p_frame207.jpg,991.0,415.0,0.6630927,995.0,392.0,0.66531444,989.0,390.0,0.60496634,969.0,344.0,0.6623148,953.0,340.0,0.737895,937.0,387.0,0.6415007,837.0,361.0,0.7681762,986.0,530.0,0.38900074,687.0,385.0,0.5506621,984.0,493.0,0.68933594,746.0,568.0,0.5911455,644.0,453.0,0.7597257,604.0,448.0,0.7521452,439.0,493.0,0.5285882,403.0,522.0,0.8788947,311.0,401.0,0.61683226,251.0,397.0,0.8441986
50 Knee PushUps Challenge Beginner Arm and Chest Toning720p_frame208.jpg,907.0,229.0,0.8283721,911.0,205.0,0.8408512,906.0,203.0,0.741392,868.0,170.0,0.83255863,855.0,166.0,0.65229154,833.0,265.0,0.83470017,736.0,232.0,0.8054943,913.0,380.0,0.8804311,687.0,387.0,0.7198172,981.0,490.0,0.9361706,743.0,577.0,0.7563062,632.0,443.0,0.8213036,587.0,431.0,0.82293016,475.0,502.0,0.76894766,408.0,528.0,0.78633344,327.0,414.0,0.8381896,255.0,399.0,0.82265073
50 Knee PushUps Challenge Beginner Arm and Chest Toning720p_frame209.jpg,924.0,257.0,0.83017933,928.0,233.0,0.85298383,924.0,231.0,0.72572625,882.0,195.0,0.8659729,873.0,191.0,0.9249492,841.0,281.0,0.64549875,750.0,254.0,0.7954905,925.0,376.0,0.97081774,690.0,384.0,0.55328536,982.0,489.0,0.903412,742.0,579.0,0.82456243,630.0,446.0,0.8212778,589.0,436.0,0.81635666,472.0,501.0,0.7093649,409.0,527.0,0.79907346,324.0,413.0,0.7584858,255.0,399.0,0.8669082
50 Knee PushUps Challenge Beginner Arm and Chest Toning720p_frame210.jpg,985.0,443.0,0.6254401,994.0,425.0,0.5714302,987.0,421.0,0.5920879,971.0,374.0,0.79927254,953.0,369.0,0.7409005,935.0,410.0,0.5388864,844.0,386.0,0.74051905,986.0,546.0,0.6319711,687.0,391.0,0.40000543,979.0,476.0,0.58516157,745.0,566.0,0.7217397,645.0,463.0,0.79476297,605.0,451.0,0.77070117,446.0,492.0,0.5347726,406.0,519.0,0.6415938,301.0,396.0,0.6831471,252.0,398.0,0.837167
50 Knee PushUps Challenge Beginner Arm and Chest Toning720p_frame211.jpg,953.0,369.0,0.5943432,966.0,348.0,0.59412044,957.0,339.0,0.65472865,948.0,300.0,0.634107,926.0,287.0,0.75477946,938.0,361.0,0.5161276,805.0,312.0,0.7263113,973.0,384.0,0.4911774,683.0,383.0,0.4744287,987.0,502.0,0.7641721,748.0,575.0,0.8459547,647.0,458.0,0.6955678,606.0,441.0,0.7538845,441.0,498.0,0.5262704,405.0,516.0,0.72141063,310.0,407.0,0.62988603,259.0,405.0,0.7447288
50 Knee PushUps Challenge Beginner Arm and Chest Toning720p_frame212.jpg,891.0,197.0,0.87094086,890.0,171.0,0.9083124,887.0,171.0,0.8233162,840.0,141.0,0.83346933,833.0,143.0,0.90562385,821.0,246.0,0.8232892,715.0,221.0,0.8109356,895.0,378.0,0.9162424,699.0,393.0,0.76304775,981.0,493.0,0.8887188,743.0,575.0,0.8783812,628.0,439.0,0.8315741,585.0,431.0,0.8126248,467.0,502.0,0.7355329,407.0,527.0,0.9199998,321.0,412.0,0.6497489,253.0,400.0,0.9322503
50 Knee PushUps Challenge Beginner Arm and Chest Toning720p_frame213.jpg,941.0,303.0,0.70963514,946.0,280.0,0.75786036,942.0,279.0,0.6558945,910.0,235.0,0.8486616,898.0,232.0,0.92276156,871.0,301.0,0.8019093,769.0,277.0,0.8453445,947.0,372.0,0.96251,688.0,393.0,0.61976135,983.0,495.0,0.66051316,749.0,575.0,0.9007351,627.0,446.0,0.7906752,586.0,436.0,0.83639127,446.0,497.0,0.7473259,407.0,525.0,0.7173283,330.0,411.0,0.5922577,242.0,400.0,0.8200965
50 Knee PushUps Challenge Beginner Arm and Chest Toning720p_frame215.jpg,945.0,313.0,0.6354354,951.0,293.0,0.706542,946.0,291.0,0.7097987,915.0,248.0,0.8400731,901.0,245.0,0.8650483,881.0,315.0,0.6549362,774.0,286.0,0.7554184,953.0,377.0,0.9178356,690.0,391.0,0.7608445,983.0,495.0,0.83094054,744.0,571.0,0.82061404,632.0,450.0,0.7724287,589.0,439.0,0.81232476,449.0,498.0,0.7574469,406.0,523.0,0.830771,322.0,401.0,0.67680395,242.0,400.0,0.75943094
50 Knee PushUps Challenge Beginner Arm and Chest Toning720p_frame216.jpg,885.0,187.0,0.72568405,883.0,160.0,0.7240435,881.0,162.0,0.69914174,831.0,134.0,0.81949425,825.0,135.0,0.7947986,816.0,236.0,0.6964028,717.0,216.0,0.7683102,892.0,373.0,0.8799944,705.0,391.0,0.7079194,981.0,492.0,0.8980241,745.0,576.0,0.82723165,623.0,434.0,0.8565824,586.0,431.0,0.81061393,464.0,497.0,0.64328617,410.0,526.0,0.91526884,317.0,408.0,0.65468264,258.0,401.0,0.7466684
50 Knee PushUps Challenge Beginner Arm and Chest Toning720p_frame99.jpg,929.0,268.0,0.79087764,934.0,243.0,0.8374876,932.0,241.0,0.73373294,889.0,203.0,0.8546992,880.0,200.0,0.8950676,846.0,293.0,0.65786403,754.0,263.0,0.84783804,932.0,376.0,0.97564316,688.0,387.0,0.74416244,981.0,490.0,0.9397196,742.0,575.0,0.8115772,628.0,443.0,0.8108485,590.0,438.0,0.7828369,463.0,501.0,0.7333562,407.0,525.0,0.9011301,323.0,410.0,0.7050572,251.0,396.0,0.8205079
