guy3_tree085.jpg,173.0,38.0,0.6059878,179.0,32.0,0.86716783,169.0,32.0,0.73330903,191.0,35.0,0.5509325,167.0,35.0,0.5597888,202.0,71.0,0.80252427,157.0,69.0,0.865769,223.0,104.0,0.7722872,130.0,101.0,0.5608098,186.0,108.0,0.64723396,154.0,96.0,0.56026125,182.0,146.0,0.71580553,155.0,139.0,0.83003616,178.0,207.0,0.59217334,106.0,157.0,0.6168159,173.0,262.0,0.7720529,158.0,170.0,0.759415
guy3_tree085_flipped.jpg,128.0,37.0,0.7978016,130.0,31.0,0.8355295,120.0,32.0,0.8502544,130.0,34.0,0.74636054,109.0,36.0,0.9180378,144.0,68.0,0.92835337,95.0,70.0,0.8960768,171.0,101.0,0.857864,75.0,104.0,0.88787574,145.0,92.0,0.63079095,111.0,108.0,0.5392895,142.0,138.0,0.8783422,116.0,145.0,0.84943557,196.0,154.0,0.91485023,123.0,208.0,0.70142347,141.0,171.0,0.6967213,127.0,262.0,0.8069903
guy3_tree086.jpg,171.0,36.0,0.67943287,178.0,30.0,0.62012476,168.0,30.0,0.5110047,190.0,34.0,0.74979866,168.0,34.0,0.5196122,203.0,70.0,0.87986475,156.0,68.0,0.7643882,219.0,104.0,0.84000283,131.0,100.0,0.721774,182.0,102.0,0.59312403,156.0,90.0,0.44443715,181.0,145.0,0.7151055,154.0,138.0,0.84795856,178.0,207.0,0.6883218,105.0,155.0,0.6967666,172.0,264.0,0.78059167,157.0,170.0,0.70327014
guy3_tree086_flipped.jpg,128.0,36.0,0.7933198,130.0,31.0,0.74408555,120.0,31.0,0.8203278,129.0,33.0,0.5625478,108.0,35.0,0.88435906,144.0,67.0,0.8500285,95.0,69.0,0.7979741,169.0,100.0,0.74335706,78.0,104.0,0.92687255,144.0,88.0,0.64655685,118.0,100.0,0.48162255,142.0,137.0,0.87852895,115.0,145.0,0.8855002,195.0,155.0,0.82045865,122.0,209.0,0.75323176,143.0,169.0,0.7382986,127.0,263.0,0.821669
guy3_tree087.jpg,172.0,35.0,0.59976697,178.0,30.0,0.853523,168.0,30.0,0.770921,190.0,35.0,0.7214466,167.0,34.0,0.5487546,203.0,70.0,0.85575444,155.0,68.0,0.7850615,215.0,104.0,0.75867194,130.0,101.0,0.6410295,179.0,96.0,0.4896855,158.0,91.0,0.37186185,181.0,144.0,0.7991231,154.0,138.0,0.87246567,177.0,206.0,0.69048053,105.0,155.0,0.6722261,171.0,263.0,0.7839481,156.0,170.0,0.76675355
guy3_tree087_flipped.jpg,129.0,35.0,0.7050091,131.0,29.0,0.8355322,122.0,29.0,0.88967854,130.0,33.0,0.79906476,110.0,33.0,0.9122121,145.0,67.0,0.9280803,94.0,68.0,0.9263807,171.0,102.0,0.791067,81.0,103.0,0.7906824,143.0,84.0,0.48176116,118.0,94.0,0.7107359,143.0,135.0,0.88539255,115.0,142.0,0.9004706,195.0,153.0,0.8295661,124.0,207.0,0.7785841,142.0,170.0,0.7151378,127.0,262.0,0.8369834
guy3_tree088.jpg,171.0,34.0,0.7153559,176.0,30.0,0.7706311,167.0,30.0,0.6737671,189.0,33.0,0.7690096,167.0,33.0,0.39803106,202.0,68.0,0.7747943,156.0,66.0,0.8428154,212.0,103.0,0.39119253,132.0,98.0,0.30652708,178.0,90.0,0.5246477,156.0,85.0,0.44814393,181.0,142.0,0.69680786,152.0,136.0,0.6145382,176.0,205.0,0.76750165,105.0,154.0,0.7136303,171.0,264.0,0.7893146,155.0,168.0,0.7055512
guy3_tree088_flipped.jpg,129.0,33.0,0.5950134,131.0,28.0,0.71548504,121.0,28.0,0.7608111,131.0,31.0,0.59742975,110.0,33.0,0.8491926,144.0,67.0,0.84451276,95.0,67.0,0.8739784,171.0,100.0,0.726178,84.0,102.0,0.8529662,142.0,82.0,0.60085976,122.0,88.0,0.62866676,142.0,134.0,0.87949055,116.0,142.0,0.863556,196.0,154.0,0.8976418,124.0,204.0,0.593302,143.0,169.0,0.6862874,128.0,261.0,0.8563415
guy3_tree089.jpg,170.0,33.0,0.6243372,176.0,29.0,0.7417203,167.0,29.0,0.5834131,189.0,32.0,0.70185465,167.0,33.0,0.36965507,201.0,67.0,0.8268481,156.0,66.0,0.6407985,210.0,99.0,0.4110196,131.0,98.0,0.36315572,175.0,87.0,0.5654912,155.0,84.0,0.3907806,180.0,140.0,0.737871,152.0,135.0,0.53680867,176.0,206.0,0.71081245,105.0,154.0,0.7159922,170.0,265.0,0.7706282,155.0,167.0,0.6439359
guy3_tree089_flipped.jpg,129.0,34.0,0.710057,132.0,28.0,0.8012733,123.0,28.0,0.8358487,131.0,31.0,0.5619892,110.0,32.0,0.8834936,144.0,65.0,0.87362605,95.0,67.0,0.95656013,171.0,101.0,0.8452866,87.0,101.0,0.89415324,143.0,81.0,0.7435693,125.0,87.0,0.70126474,143.0,135.0,0.8635593,117.0,142.0,0.88335276,195.0,153.0,0.8425037,124.0,207.0,0.81595314,143.0,170.0,0.7337451,128.0,262.0,0.8488692
guy3_tree090.jpg,169.0,32.0,0.50474936,175.0,28.0,0.60940576,166.0,28.0,0.49509338,189.0,32.0,0.6018653,166.0,32.0,0.28970793,200.0,67.0,0.82251596,155.0,65.0,0.7003869,207.0,99.0,0.49333444,131.0,98.0,0.4762089,171.0,85.0,0.43369535,155.0,82.0,0.34909874,179.0,141.0,0.7351672,153.0,136.0,0.81991136,175.0,206.0,0.70404637,105.0,154.0,0.6639507,169.0,264.0,0.80124927,154.0,168.0,0.7290424
guy3_tree090_flipped.jpg,130.0,33.0,0.4720023,133.0,28.0,0.5669323,123.0,28.0,0.620618,130.0,31.0,0.7337169,111.0,32.0,0.78413343,143.0,62.0,0.8708807,96.0,66.0,0.74224615,168.0,98.0,0.7615322,91.0,99.0,0.8332046,144.0,79.0,0.618358,127.0,83.0,0.66468275,144.0,136.0,0.89424706,117.0,145.0,0.8502622,194.0,153.0,0.76853836,124.0,206.0,0.8149961,144.0,168.0,0.6181778,129.0,264.0,0.81314045
guy3_tree091.jpg,168.0,32.0,0.48614022,174.0,26.0,0.6999862,165.0,26.0,0.6787563,188.0,31.0,0.66093713,166.0,31.0,0.38509724,199.0,67.0,0.81903493,156.0,63.0,0.7855719,205.0,98.0,0.40473318,131.0,94.0,0.34090373,169.0,84.0,0.4250159,150.0,83.0,0.21874785,179.0,140.0,0.7149509,152.0,135.0,0.8301752,175.0,206.0,0.7199092,104.0,153.0,0.5486471,169.0,265.0,0.80804396,154.0,167.0,0.6781751
guy3_tree091_flipped.jpg,131.0,32.0,0.56135803,133.0,27.0,0.7224735,124.0,27.0,0.7850808,131.0,29.0,0.6451017,111.0,31.0,0.898193,143.0,62.0,0.7226869,96.0,66.0,0.7708004,169.0,98.0,0.7256783,93.0,98.0,0.7298796,147.0,80.0,0.5269916,131.0,81.0,0.57952344,144.0,136.0,0.8748155,118.0,145.0,0.80466187,196.0,152.0,0.8654053,125.0,206.0,0.4918741,144.0,167.0,0.60248625,129.0,263.0,0.81783557
guy3_tree092.jpg,168.0,31.0,0.6628586,174.0,26.0,0.6598551,165.0,26.0,0.72023594,187.0,31.0,0.62053674,167.0,30.0,0.34311926,198.0,66.0,0.7686345,154.0,62.0,0.76356363,204.0,97.0,0.35346165,131.0,97.0,0.43728244,168.0,82.0,0.39594138,153.0,80.0,0.41484904,178.0,139.0,0.68153214,151.0,135.0,0.8422221,174.0,204.0,0.6992779,104.0,152.0,0.6161562,168.0,265.0,0.6485013,154.0,167.0,0.7890495
guy3_tree092_flipped.jpg,132.0,31.0,0.56513065,134.0,26.0,0.8222854,124.0,26.0,0.85889614,131.0,29.0,0.67619526,111.0,31.0,0.9198518,145.0,61.0,0.8225098,97.0,64.0,0.914545,168.0,97.0,0.82533836,93.0,98.0,0.72495925,144.0,78.0,0.67258346,131.0,80.0,0.6496296,145.0,134.0,0.85509706,118.0,143.0,0.7744542,196.0,153.0,0.88731843,125.0,205.0,0.7387099,144.0,167.0,0.68116045,130.0,263.0,0.80183387
guy3_tree093.jpg,167.0,30.0,0.7400613,173.0,25.0,0.62556386,164.0,25.0,0.60915375,187.0,30.0,0.5595366,166.0,29.0,0.27960914,197.0,65.0,0.7049413,154.0,60.0,0.6758226,202.0,96.0,0.42938396,131.0,97.0,0.47925076,166.0,81.0,0.5009444,151.0,79.0,0.46854064,178.0,139.0,0.6594007,151.0,134.0,0.8406014,173.0,206.0,0.6422444,106.0,151.0,0.5796387,168.0,265.0,0.77425367,153.0,167.0,0.7178928
guy3_tree093_flipped.jpg,132.0,31.0,0.60181665,134.0,26.0,0.80570024,125.0,26.0,0.7753765,131.0,29.0,0.7261127,111.0,30.0,0.87340295,144.0,59.0,0.7912242,98.0,63.0,0.9315122,168.0,98.0,0.8389595,95.0,97.0,0.7748872,145.0,78.0,0.70854306,131.0,80.0,0.7120352,145.0,132.0,0.8343462,119.0,142.0,0.83079845,196.0,151.0,0.892507,125.0,206.0,0.67475057,145.0,167.0,0.6344143,130.0,264.0,0.8164983
guy3_tree094.jpg,166.0,30.0,0.7184013,171.0,25.0,0.776509,164.0,25.0,0.47187114,186.0,29.0,0.65922904,166.0,29.0,0.27402505,198.0,65.0,0.6983621,155.0,61.0,0.5817492,200.0,96.0,0.36663848,131.0,97.0,0.49711898,164.0,80.0,0.5517885,150.0,79.0,0.5133182,176.0,138.0,0.61515445,150.0,134.0,0.8472769,172.0,204.0,0.723438,106.0,151.0,0.58834016,167.0,266.0,0.79728776,153.0,167.0,0.7612556
guy3_tree094_flipped.jpg,133.0,30.0,0.82756424,135.0,25.0,0.7237681,126.0,25.0,0.80054706,132.0,28.0,0.601549,112.0,29.0,0.8254941,145.0,59.0,0.8156308,98.0,63.0,0.9109023,169.0,98.0,0.80254996,97.0,97.0,0.8101046,147.0,76.0,0.6750771,132.0,80.0,0.7199396,147.0,132.0,0.83854264,120.0,140.0,0.9149447,196.0,151.0,0.882693,127.0,202.0,0.5910738,145.0,167.0,0.66275215,131.0,264.0,0.7737202
guy3_tree095.jpg,165.0,29.0,0.69339514,171.0,25.0,0.79305124,163.0,25.0,0.5716516,185.0,28.0,0.69822156,166.0,28.0,0.21776406,197.0,64.0,0.5595992,154.0,60.0,0.54737747,199.0,94.0,0.36629015,129.0,97.0,0.5918559,164.0,80.0,0.6077288,150.0,78.0,0.48779732,176.0,137.0,0.5651165,150.0,133.0,0.8068229,172.0,204.0,0.8065136,105.0,151.0,0.5439856,166.0,265.0,0.8774345,151.0,166.0,0.7549959
guy3_tree095_flipped.jpg,134.0,30.0,0.83707416,135.0,24.0,0.6153821,127.0,25.0,0.8023579,132.0,27.0,0.59471637,113.0,29.0,0.7930622,144.0,59.0,0.8142832,99.0,62.0,0.9208219,169.0,98.0,0.8180978,98.0,95.0,0.8151837,147.0,77.0,0.70295316,135.0,79.0,0.6412252,148.0,133.0,0.86738944,121.0,141.0,0.81735843,196.0,151.0,0.8868512,127.0,205.0,0.8117749,146.0,167.0,0.7101822,132.0,264.0,0.79021734
guy3_tree096.jpg,165.0,28.0,0.532395,170.0,24.0,0.68941855,162.0,24.0,0.49366978,184.0,27.0,0.54319584,163.0,27.0,0.16261144,197.0,64.0,0.7177224,153.0,58.0,0.60566235,198.0,93.0,0.39712918,130.0,95.0,0.6279793,163.0,79.0,0.4926915,150.0,77.0,0.46279445,176.0,136.0,0.77585304,149.0,131.0,0.71052897,171.0,202.0,0.7768674,105.0,150.0,0.48922014,167.0,264.0,0.8644489,151.0,166.0,0.7381387
guy3_tree096_flipped.jpg,134.0,29.0,0.60704625,137.0,23.0,0.5396809,128.0,23.0,0.6050557,134.0,26.0,0.5261686,114.0,28.0,0.6919651,144.0,59.0,0.7274707,101.0,63.0,0.85305417,170.0,96.0,0.80643994,100.0,94.0,0.69950676,149.0,76.0,0.5267826,135.0,80.0,0.5876608,147.0,134.0,0.76446337,122.0,141.0,0.7754562,195.0,150.0,0.68045133,127.0,204.0,0.77492565,147.0,167.0,0.6124836,132.0,263.0,0.7879681
guy3_tree097.jpg,164.0,27.0,0.36105087,170.0,22.0,0.7142807,162.0,22.0,0.6701593,184.0,27.0,0.67902,164.0,26.0,0.22713616,197.0,64.0,0.73924166,153.0,58.0,0.6288743,197.0,93.0,0.32687876,129.0,96.0,0.37242955,162.0,79.0,0.43665686,148.0,77.0,0.4160361,174.0,136.0,0.7775704,148.0,131.0,0.6243352,170.0,202.0,0.7300912,105.0,150.0,0.44155556,166.0,264.0,0.769068,151.0,165.0,0.77828693
guy3_tree097_flipped.jpg,136.0,28.0,0.6590456,137.0,22.0,0.5271385,129.0,23.0,0.82462513,132.0,25.0,0.71828187,114.0,27.0,0.76985,146.0,58.0,0.7161866,100.0,62.0,0.69282484,169.0,95.0,0.85219514,100.0,93.0,0.5864618,150.0,77.0,0.692955,137.0,78.0,0.56335175,148.0,133.0,0.8407228,123.0,141.0,0.6791411,196.0,149.0,0.8190651,128.0,205.0,0.7942613,147.0,167.0,0.712712,133.0,263.0,0.84778816
guy3_tree098.jpg,163.0,27.0,0.5488688,168.0,22.0,0.6118276,161.0,22.0,0.6717768,183.0,26.0,0.6506474,163.0,26.0,0.27851123,196.0,62.0,0.7625148,151.0,56.0,0.72473943,195.0,92.0,0.38343036,130.0,96.0,0.42870647,159.0,77.0,0.6030036,148.0,76.0,0.4588839,173.0,135.0,0.7091147,148.0,130.0,0.86463565,169.0,201.0,0.6507851,105.0,149.0,0.52032745,165.0,263.0,0.8155885,151.0,165.0,0.77963394
guy3_tree098_flipped.jpg,137.0,27.0,0.6244951,138.0,21.0,0.8178277,130.0,22.0,0.80686516,132.0,24.0,0.7004209,114.0,26.0,0.8901251,146.0,57.0,0.7972082,101.0,60.0,0.6791053,169.0,97.0,0.67074066,102.0,92.0,0.6013176,151.0,75.0,0.67392015,138.0,78.0,0.5572385,148.0,131.0,0.7447883,123.0,139.0,0.8612225,196.0,148.0,0.69336486,129.0,201.0,0.7116411,148.0,166.0,0.71560156,134.0,263.0,0.8489824
guy3_tree099.jpg,163.0,26.0,0.7102525,168.0,21.0,0.67897034,160.0,21.0,0.703495,182.0,26.0,0.6066977,163.0,25.0,0.35374835,194.0,60.0,0.6902039,150.0,55.0,0.7069013,195.0,90.0,0.5450951,129.0,95.0,0.69175,159.0,77.0,0.653561,147.0,76.0,0.5782538,173.0,135.0,0.77322406,147.0,130.0,0.5755782,169.0,202.0,0.7560128,105.0,148.0,0.723317,165.0,261.0,0.89840305,150.0,165.0,0.80054027
guy3_tree099_flipped.jpg,137.0,26.0,0.7267268,138.0,21.0,0.7900851,131.0,21.0,0.6674638,134.0,24.0,0.6114924,116.0,25.0,0.82486355,147.0,57.0,0.80676186,103.0,59.0,0.842349,169.0,93.0,0.8515514,104.0,91.0,0.76217526,151.0,75.0,0.61751735,138.0,77.0,0.53793645,148.0,131.0,0.85450745,123.0,138.0,0.7656976,196.0,148.0,0.7778196,129.0,201.0,0.6057414,148.0,166.0,0.6483779,134.0,262.0,0.8077496
guy3_tree100.jpg,162.0,24.0,0.71239763,168.0,21.0,0.6986965,159.0,20.0,0.5659792,181.0,26.0,0.6328746,161.0,24.0,0.23132738,193.0,60.0,0.6423335,150.0,55.0,0.60380363,194.0,90.0,0.4777541,129.0,93.0,0.5016022,157.0,76.0,0.52731335,147.0,75.0,0.59112144,171.0,134.0,0.5684062,147.0,130.0,0.8575614,168.0,201.0,0.76692176,105.0,148.0,0.585233,164.0,260.0,0.8551296,149.0,164.0,0.76264584
guy3_tree100_flipped.jpg,137.0,25.0,0.75430477,139.0,20.0,0.796013,131.0,20.0,0.66430336,135.0,23.0,0.45736367,116.0,25.0,0.8183191,146.0,54.0,0.8726786,103.0,60.0,0.7928436,168.0,93.0,0.76907945,106.0,91.0,0.8394439,152.0,73.0,0.5160481,140.0,75.0,0.53254807,148.0,131.0,0.7466891,124.0,138.0,0.7442601,196.0,148.0,0.77053905,130.0,201.0,0.6556773,148.0,163.0,0.7023226,134.0,261.0,0.8318388
guy3_tree101.jpg,160.0,25.0,0.5923166,166.0,21.0,0.83353454,159.0,20.0,0.57422733,181.0,25.0,0.72337586,162.0,23.0,0.17953493,192.0,59.0,0.55060565,150.0,55.0,0.575855,192.0,89.0,0.39699638,129.0,92.0,0.35255802,154.0,75.0,0.51904273,145.0,74.0,0.6313523,172.0,133.0,0.71661735,146.0,128.0,0.7954179,167.0,199.0,0.7827078,105.0,146.0,0.55314815,164.0,260.0,0.82600665,149.0,162.0,0.7657254
guy3_tree101_flipped.jpg,139.0,25.0,0.76674485,140.0,20.0,0.56078297,132.0,20.0,0.7897296,136.0,23.0,0.3401916,117.0,25.0,0.64633167,148.0,55.0,0.84878254,104.0,60.0,0.83155704,170.0,95.0,0.67772484,107.0,91.0,0.6746246,152.0,75.0,0.52624816,140.0,77.0,0.64588135,149.0,130.0,0.74697256,125.0,138.0,0.6768755,196.0,147.0,0.7384738,131.0,200.0,0.6896542,150.0,162.0,0.6399266,135.0,262.0,0.7646144
guy3_tree102.jpg,160.0,24.0,0.5098841,165.0,20.0,0.8147233,158.0,20.0,0.632444,180.0,24.0,0.7508996,161.0,23.0,0.1674057,191.0,60.0,0.7246958,149.0,56.0,0.51333344,192.0,88.0,0.37928376,129.0,92.0,0.32541528,155.0,74.0,0.4801859,144.0,74.0,0.64034915,171.0,133.0,0.7303449,146.0,128.0,0.7974301,167.0,198.0,0.6729444,105.0,147.0,0.5394765,163.0,260.0,0.6959299,148.0,163.0,0.79360646
guy3_tree102_flipped.jpg,139.0,25.0,0.71173453,140.0,20.0,0.6647558,132.0,19.0,0.78814614,136.0,23.0,0.4661652,118.0,25.0,0.81056815,148.0,55.0,0.82869595,104.0,57.0,0.6227212,169.0,95.0,0.76216847,107.0,90.0,0.83420384,153.0,74.0,0.6588898,142.0,76.0,0.7182653,150.0,127.0,0.7792668,126.0,135.0,0.8830604,196.0,146.0,0.82875025,131.0,199.0,0.8603609,149.0,161.0,0.7524756,135.0,260.0,0.7522262
guy3_tree103.jpg,159.0,24.0,0.5920752,165.0,20.0,0.77163,158.0,19.0,0.6553813,180.0,24.0,0.7759645,161.0,23.0,0.16551544,191.0,59.0,0.76492196,150.0,55.0,0.59444505,190.0,86.0,0.5123309,128.0,92.0,0.4653707,154.0,75.0,0.49878305,143.0,75.0,0.6195942,171.0,132.0,0.7641118,146.0,128.0,0.80054635,166.0,198.0,0.7286792,105.0,147.0,0.5835028,163.0,259.0,0.8459537,148.0,163.0,0.7965461
guy3_tree103_flipped.jpg,140.0,24.0,0.559991,140.0,19.0,0.6253679,133.0,19.0,0.7628493,135.0,23.0,0.4022637,119.0,24.0,0.8345436,148.0,55.0,0.8464561,105.0,57.0,0.7509017,171.0,95.0,0.78678924,108.0,89.0,0.83229434,153.0,73.0,0.6760152,142.0,75.0,0.6886028,150.0,127.0,0.78297156,126.0,135.0,0.87622833,196.0,146.0,0.85432506,132.0,198.0,0.9170691,151.0,161.0,0.76118743,135.0,260.0,0.80576086
guy3_tree104.jpg,159.0,25.0,0.5997334,165.0,20.0,0.70724916,158.0,20.0,0.70008415,180.0,24.0,0.7649044,160.0,23.0,0.17474903,189.0,59.0,0.7390891,149.0,55.0,0.52268445,189.0,87.0,0.60287917,129.0,91.0,0.46666792,154.0,73.0,0.44030645,145.0,75.0,0.55801535,169.0,131.0,0.7075348,145.0,127.0,0.7407005,165.0,197.0,0.6838788,105.0,146.0,0.54984665,162.0,259.0,0.79277086,147.0,162.0,0.8116874
guy3_tree104_flipped.jpg,140.0,24.0,0.61998516,141.0,19.0,0.6584613,133.0,19.0,0.75618494,135.0,22.0,0.59170914,119.0,24.0,0.8545369,149.0,53.0,0.72054046,106.0,57.0,0.8539338,169.0,95.0,0.7342328,110.0,89.0,0.73464143,152.0,74.0,0.6895599,143.0,75.0,0.68683434,150.0,128.0,0.9069171,126.0,135.0,0.8926977,196.0,145.0,0.8051735,132.0,198.0,0.92797905,152.0,161.0,0.744786,135.0,257.0,0.826342
guy3_tree105.jpg,158.0,24.0,0.63684356,164.0,19.0,0.4729538,157.0,19.0,0.48296818,179.0,23.0,0.66965216,161.0,22.0,0.28937355,189.0,58.0,0.563854,149.0,52.0,0.61016953,187.0,87.0,0.5271136,129.0,91.0,0.5310264,153.0,73.0,0.42357695,144.0,74.0,0.5221237,170.0,130.0,0.7391214,145.0,127.0,0.7304108,165.0,197.0,0.5221992,106.0,145.0,0.5495472,162.0,258.0,0.79085946,146.0,161.0,0.8120784
guy3_tree105_flipped.jpg,141.0,23.0,0.6682972,141.0,18.0,0.62168264,135.0,18.0,0.65222996,135.0,22.0,0.53844523,120.0,23.0,0.8321238,149.0,52.0,0.8192934,106.0,58.0,0.8660682,168.0,94.0,0.6999686,113.0,90.0,0.77047884,154.0,74.0,0.6468624,145.0,74.0,0.6394644,150.0,127.0,0.87638295,126.0,133.0,0.8201413,196.0,144.0,0.7916381,133.0,197.0,0.7884249,151.0,160.0,0.7912816,136.0,258.0,0.8193029
guy3_tree106.jpg,157.0,24.0,0.60467505,164.0,19.0,0.4210811,157.0,19.0,0.40719864,179.0,23.0,0.6625554,161.0,21.0,0.26596516,188.0,58.0,0.7540473,149.0,52.0,0.6438426,185.0,86.0,0.4863771,129.0,91.0,0.47293314,152.0,72.0,0.46241158,144.0,74.0,0.51865196,168.0,129.0,0.70327175,145.0,126.0,0.6403004,164.0,197.0,0.60731524,106.0,146.0,0.599969,161.0,259.0,0.7719912,146.0,160.0,0.7819112
guy3_tree106_flipped.jpg,141.0,22.0,0.5682206,142.0,17.0,0.5834986,135.0,18.0,0.4162834,137.0,21.0,0.54213774,120.0,23.0,0.6906079,148.0,52.0,0.6414578,108.0,58.0,0.85306215,169.0,93.0,0.5992738,115.0,91.0,0.6876062,156.0,74.0,0.54931283,144.0,74.0,0.5918308,152.0,126.0,0.7940315,127.0,132.0,0.81055665,195.0,145.0,0.70159894,132.0,196.0,0.8895499,152.0,158.0,0.7362188,136.0,257.0,0.81412935
guy3_tree107.jpg,157.0,24.0,0.64142,163.0,19.0,0.46517432,156.0,19.0,0.44271326,179.0,23.0,0.50912106,160.0,21.0,0.25614572,187.0,56.0,0.71541876,149.0,52.0,0.61030614,185.0,85.0,0.46573663,130.0,91.0,0.379697,151.0,72.0,0.52431333,143.0,74.0,0.5245935,167.0,129.0,0.5697967,144.0,126.0,0.740165,164.0,197.0,0.6052104,105.0,145.0,0.5323436,161.0,258.0,0.8158748,146.0,159.0,0.8028826
guy3_tree107_flipped.jpg,141.0,23.0,0.70926076,143.0,18.0,0.6390326,135.0,18.0,0.5049954,139.0,21.0,0.5295185,120.0,23.0,0.74106306,148.0,53.0,0.66942453,107.0,55.0,0.8660809,168.0,93.0,0.63394403,114.0,89.0,0.70681834,157.0,74.0,0.641676,144.0,73.0,0.5900996,152.0,125.0,0.8431934,127.0,132.0,0.80060434,195.0,144.0,0.8230582,133.0,196.0,0.8918187,152.0,158.0,0.77853894,137.0,257.0,0.8386408
guy3_tree108.jpg,157.0,23.0,0.604627,162.0,19.0,0.5133606,155.0,19.0,0.45933554,177.0,23.0,0.37198275,159.0,22.0,0.20907523,187.0,58.0,0.7056471,148.0,52.0,0.6222271,183.0,86.0,0.48145518,131.0,91.0,0.3731535,151.0,72.0,0.53013164,143.0,74.0,0.48760962,168.0,128.0,0.58523214,145.0,125.0,0.77053934,165.0,195.0,0.4952811,105.0,144.0,0.65239125,160.0,259.0,0.7257034,146.0,159.0,0.81854504
guy3_tree108_flipped.jpg,142.0,23.0,0.5965102,144.0,18.0,0.50717473,136.0,18.0,0.45901623,140.0,20.0,0.4366552,121.0,21.0,0.68876886,150.0,52.0,0.75751376,109.0,57.0,0.86117303,167.0,91.0,0.587163,116.0,90.0,0.6000814,157.0,72.0,0.58876574,144.0,72.0,0.6543293,152.0,126.0,0.8192095,128.0,133.0,0.760413,195.0,144.0,0.78185344,133.0,196.0,0.53959966,152.0,157.0,0.69675916,138.0,258.0,0.77961326
guy3_tree109.jpg,156.0,23.0,0.53830755,162.0,19.0,0.52983993,155.0,19.0,0.38697535,176.0,23.0,0.5092578,159.0,22.0,0.2704965,188.0,57.0,0.6180583,147.0,51.0,0.7063998,181.0,85.0,0.47245058,130.0,90.0,0.39667115,151.0,71.0,0.59458065,143.0,74.0,0.47566292,166.0,128.0,0.6213277,144.0,125.0,0.7758855,164.0,195.0,0.5528401,106.0,144.0,0.64471364,160.0,256.0,0.8141271,146.0,159.0,0.7908331
guy3_tree109_flipped.jpg,144.0,22.0,0.73062915,143.0,17.0,0.8160728,137.0,17.0,0.80639803,136.0,21.0,0.5663845,121.0,22.0,0.48808882,149.0,52.0,0.7437026,109.0,55.0,0.92848307,168.0,94.0,0.5410708,118.0,89.0,0.73837626,157.0,75.0,0.72472554,145.0,72.0,0.6501202,152.0,125.0,0.85960907,128.0,132.0,0.88798046,194.0,145.0,0.7259965,133.0,195.0,0.8218799,151.0,158.0,0.7981198,137.0,256.0,0.934666
guy3_tree110.jpg,155.0,23.0,0.5925505,161.0,19.0,0.60687757,154.0,19.0,0.42633024,176.0,23.0,0.6231719,159.0,21.0,0.38157132,189.0,56.0,0.5496478,147.0,52.0,0.6984592,180.0,84.0,0.6112244,130.0,91.0,0.4754382,150.0,71.0,0.6409073,143.0,74.0,0.48217043,167.0,128.0,0.69885874,145.0,126.0,0.8520507,163.0,194.0,0.72085094,107.0,143.0,0.62890214,160.0,256.0,0.86755604,145.0,158.0,0.785624
guy3_tree110_flipped.jpg,142.0,23.0,0.65955377,143.0,17.0,0.7280437,137.0,17.0,0.7329649,137.0,21.0,0.6420645,121.0,22.0,0.47544962,150.0,53.0,0.67103255,108.0,56.0,0.8804396,169.0,94.0,0.677758,118.0,88.0,0.648098,157.0,75.0,0.7100542,146.0,74.0,0.65556943,151.0,125.0,0.82983935,128.0,131.0,0.87465453,193.0,143.0,0.69567585,134.0,195.0,0.751136,152.0,157.0,0.78499526,138.0,258.0,0.82667816
guy3_tree111.jpg,156.0,23.0,0.500194,161.0,19.0,0.5235299,154.0,20.0,0.49161664,176.0,23.0,0.44294718,158.0,22.0,0.23041537,188.0,55.0,0.5025053,150.0,52.0,0.61976886,181.0,84.0,0.5132053,131.0,90.0,0.3932017,150.0,71.0,0.5398259,143.0,73.0,0.46226388,168.0,126.0,0.7093862,146.0,124.0,0.75873566,163.0,196.0,0.65124106,108.0,143.0,0.5729425,160.0,257.0,0.8128799,145.0,157.0,0.7147893
guy3_tree111_flipped.jpg,144.0,23.0,0.55918527,145.0,18.0,0.44922748,138.0,17.0,0.6871296,142.0,21.0,0.30328077,122.0,21.0,0.5410625,148.0,53.0,0.6251306,112.0,56.0,0.611506,168.0,92.0,0.33932585,118.0,87.0,0.46659958,158.0,72.0,0.48196346,146.0,73.0,0.46524245,151.0,125.0,0.76479745,128.0,131.0,0.7197908,192.0,143.0,0.5435832,134.0,195.0,0.5345065,153.0,157.0,0.59391916,138.0,256.0,0.83094966
guy3_tree112.jpg,156.0,23.0,0.5296999,161.0,19.0,0.61067384,155.0,19.0,0.393836,176.0,24.0,0.4636894,159.0,22.0,0.19989488,188.0,54.0,0.45767376,148.0,51.0,0.57514024,180.0,84.0,0.47938648,131.0,89.0,0.4062598,149.0,70.0,0.575459,143.0,72.0,0.42000598,168.0,126.0,0.7367745,146.0,124.0,0.79096365,164.0,194.0,0.6595701,108.0,142.0,0.5505437,160.0,256.0,0.85277706,144.0,158.0,0.7130425
guy3_tree112_flipped.jpg,144.0,23.0,0.5958302,144.0,18.0,0.6185585,138.0,18.0,0.73563516,138.0,21.0,0.5153682,122.0,21.0,0.63614434,147.0,52.0,0.7248368,110.0,55.0,0.7332566,168.0,92.0,0.4545293,120.0,87.0,0.5357,159.0,71.0,0.54566467,148.0,71.0,0.52649146,151.0,126.0,0.8548531,129.0,132.0,0.8247598,192.0,142.0,0.6754773,135.0,194.0,0.80626035,153.0,156.0,0.75520736,137.0,255.0,0.82678026
guy3_tree113.jpg,155.0,24.0,0.63889027,161.0,20.0,0.751898,155.0,19.0,0.55678666,176.0,23.0,0.6988075,160.0,22.0,0.5548664,189.0,53.0,0.69313437,147.0,46.0,0.7360666,179.0,82.0,0.7752684,129.0,88.0,0.7323843,151.0,68.0,0.633399,144.0,69.0,0.4816205,168.0,126.0,0.8343382,147.0,124.0,0.8689904,163.0,194.0,0.79543936,108.0,142.0,0.7907415,161.0,256.0,0.8791703,145.0,159.0,0.80298495
guy3_tree113_flipped.jpg,143.0,23.0,0.5773303,144.0,18.0,0.49135864,138.0,18.0,0.4554096,139.0,21.0,0.32782033,123.0,22.0,0.5913026,148.0,48.0,0.652138,112.0,55.0,0.7271725,169.0,90.0,0.42683896,121.0,82.0,0.5830713,159.0,68.0,0.53474313,148.0,69.0,0.49239826,151.0,124.0,0.7975181,128.0,131.0,0.7739627,190.0,142.0,0.65813535,134.0,194.0,0.75849426,152.0,156.0,0.6960926,138.0,256.0,0.8096969
guy3_tree114.jpg,156.0,23.0,0.50094926,161.0,20.0,0.68756515,154.0,20.0,0.42085528,175.0,24.0,0.6300951,158.0,22.0,0.18530306,188.0,54.0,0.6585933,149.0,49.0,0.54041934,178.0,81.0,0.54985917,129.0,87.0,0.5326053,151.0,66.0,0.41931888,143.0,68.0,0.58554167,166.0,125.0,0.5045749,147.0,123.0,0.7022308,164.0,194.0,0.52117467,109.0,143.0,0.5077437,160.0,255.0,0.842051,145.0,158.0,0.67719865
guy3_tree114_flipped.jpg,143.0,23.0,0.47971758,144.0,18.0,0.4052069,138.0,18.0,0.51648515,141.0,21.0,0.21592489,122.0,22.0,0.3449511,147.0,51.0,0.6767668,113.0,55.0,0.69860065,169.0,87.0,0.48805332,122.0,80.0,0.5181838,158.0,65.0,0.4494336,149.0,68.0,0.44712245,151.0,124.0,0.72399294,128.0,130.0,0.6338654,189.0,143.0,0.63716364,135.0,193.0,0.6834891,152.0,156.0,0.6084506,137.0,255.0,0.82640564
guy3_tree115.jpg,156.0,24.0,0.47869745,161.0,20.0,0.7280332,155.0,20.0,0.48078716,176.0,24.0,0.601856,159.0,23.0,0.18211493,188.0,54.0,0.57756865,151.0,49.0,0.59444624,179.0,81.0,0.42836013,129.0,85.0,0.5870465,151.0,63.0,0.36153102,143.0,65.0,0.6279647,166.0,125.0,0.5185927,147.0,122.0,0.6572069,164.0,194.0,0.5203305,111.0,142.0,0.4999189,160.0,254.0,0.8185985,145.0,157.0,0.6987415
guy3_tree115_flipped.jpg,143.0,23.0,0.47658753,144.0,18.0,0.44653973,137.0,18.0,0.5338674,141.0,21.0,0.19601886,122.0,23.0,0.33903986,148.0,50.0,0.6747911,113.0,55.0,0.6765443,170.0,85.0,0.5596631,123.0,78.0,0.5151999,158.0,64.0,0.37829846,149.0,65.0,0.4216758,150.0,123.0,0.6710347,128.0,129.0,0.54724586,187.0,143.0,0.6366078,134.0,194.0,0.55660486,151.0,155.0,0.545606,137.0,254.0,0.79392546
guy3_tree116.jpg,156.0,24.0,0.572966,161.0,20.0,0.73178864,155.0,20.0,0.50793767,175.0,23.0,0.5912826,160.0,23.0,0.10635278,186.0,49.0,0.45042694,153.0,50.0,0.54502684,179.0,77.0,0.39506984,129.0,85.0,0.47184342,151.0,60.0,0.4978983,143.0,61.0,0.4881987,167.0,124.0,0.6526081,148.0,122.0,0.75750494,164.0,194.0,0.5211144,112.0,142.0,0.43993387,161.0,254.0,0.7863959,145.0,157.0,0.7613823
guy3_tree116_flipped.jpg,143.0,23.0,0.4824408,145.0,19.0,0.43869612,138.0,19.0,0.5736985,141.0,22.0,0.16665925,122.0,23.0,0.39972016,145.0,50.0,0.6019721,113.0,51.0,0.5825867,172.0,83.0,0.47111836,123.0,74.0,0.38340273,157.0,61.0,0.58654284,148.0,59.0,0.47868374,148.0,122.0,0.5602208,127.0,129.0,0.64941484,187.0,142.0,0.5602646,134.0,192.0,0.6408653,151.0,155.0,0.5627341,136.0,254.0,0.8039368
guy3_tree117.jpg,156.0,24.0,0.5820556,161.0,20.0,0.76295364,155.0,20.0,0.5332313,175.0,24.0,0.58879566,159.0,23.0,0.13845694,186.0,51.0,0.5088687,153.0,52.0,0.64006555,176.0,74.0,0.31807208,128.0,82.0,0.562726,150.0,56.0,0.572302,142.0,57.0,0.47043547,166.0,124.0,0.5023551,148.0,122.0,0.7629367,165.0,194.0,0.5633582,113.0,142.0,0.516798,161.0,254.0,0.80103886,146.0,156.0,0.7593399
guy3_tree117_flipped.jpg,143.0,24.0,0.5896773,145.0,19.0,0.5179205,137.0,19.0,0.61107886,142.0,22.0,0.16273223,122.0,23.0,0.36012232,144.0,51.0,0.60646677,112.0,52.0,0.58181775,170.0,79.0,0.5425744,125.0,71.0,0.39532676,158.0,56.0,0.4738574,148.0,54.0,0.47417665,149.0,123.0,0.6351678,127.0,129.0,0.57930815,185.0,143.0,0.624462,134.0,192.0,0.6477291,150.0,155.0,0.4951756,137.0,253.0,0.7253518
guy3_tree118.jpg,157.0,25.0,0.7012309,162.0,21.0,0.75316447,156.0,21.0,0.65425944,176.0,24.0,0.60985994,160.0,25.0,0.16446035,187.0,51.0,0.5729408,153.0,54.0,0.65470624,172.0,71.0,0.2887851,128.0,78.0,0.66205704,150.0,51.0,0.48901466,141.0,52.0,0.5308173,167.0,125.0,0.51489496,148.0,122.0,0.6538285,164.0,194.0,0.6096283,114.0,142.0,0.57316804,162.0,253.0,0.75833935,146.0,157.0,0.7468044
guy3_tree118_flipped.jpg,143.0,24.0,0.6555668,144.0,20.0,0.58719385,137.0,20.0,0.66509056,140.0,23.0,0.16241296,122.0,24.0,0.4483988,144.0,53.0,0.5788396,112.0,52.0,0.5837897,171.0,77.0,0.59612167,125.0,68.0,0.39670116,158.0,52.0,0.47692993,146.0,51.0,0.5086453,149.0,123.0,0.65898097,127.0,129.0,0.589049,185.0,143.0,0.5717264,133.0,192.0,0.6399477,150.0,155.0,0.54009134,137.0,253.0,0.74097323
guy3_tree119.jpg,157.0,25.0,0.7037149,162.0,21.0,0.71257675,156.0,21.0,0.6423102,178.0,24.0,0.5312604,160.0,25.0,0.1668877,187.0,52.0,0.63547075,157.0,54.0,0.6490155,170.0,69.0,0.24047117,128.0,74.0,0.6421033,150.0,47.0,0.65617853,142.0,48.0,0.569372,167.0,125.0,0.57922864,148.0,123.0,0.57072556,165.0,193.0,0.6445956,115.0,142.0,0.58520424,163.0,252.0,0.72684246,146.0,156.0,0.6918632
guy3_tree119_flipped.jpg,142.0,25.0,0.6267344,143.0,20.0,0.67397404,136.0,20.0,0.5889456,139.0,24.0,0.21179622,122.0,24.0,0.4141727,142.0,53.0,0.5250363,112.0,52.0,0.5156189,173.0,74.0,0.51777846,126.0,64.0,0.3838946,157.0,48.0,0.49013573,147.0,47.0,0.4240029,148.0,124.0,0.6985529,126.0,130.0,0.47671068,184.0,142.0,0.46446064,133.0,192.0,0.6467077,149.0,154.0,0.55280846,136.0,252.0,0.7360008
guy3_tree120.jpg,157.0,27.0,0.67984205,162.0,21.0,0.7079568,156.0,22.0,0.6970817,178.0,25.0,0.66779685,163.0,25.0,0.21645032,187.0,52.0,0.7118652,157.0,54.0,0.6870473,167.0,66.0,0.21881144,129.0,71.0,0.7170108,150.0,44.0,0.6767633,142.0,46.0,0.5560369,168.0,125.0,0.6971657,150.0,123.0,0.68641734,165.0,193.0,0.6180688,116.0,142.0,0.61322296,163.0,251.0,0.7602439,147.0,156.0,0.6683343
guy3_tree120_flipped.jpg,141.0,25.0,0.5450118,142.0,21.0,0.6839024,136.0,20.0,0.51294327,140.0,25.0,0.272012,121.0,25.0,0.6143471,144.0,55.0,0.53400236,113.0,53.0,0.54862094,171.0,70.0,0.49424523,127.0,62.0,0.5120938,157.0,46.0,0.50179434,148.0,45.0,0.5396612,147.0,125.0,0.67560875,126.0,130.0,0.52947086,183.0,143.0,0.54686415,133.0,192.0,0.6284717,148.0,154.0,0.5513643,136.0,251.0,0.67244065
guy3_tree121.jpg,158.0,27.0,0.6084646,163.0,22.0,0.49539277,157.0,23.0,0.58756745,178.0,26.0,0.7191849,161.0,26.0,0.22805257,189.0,53.0,0.6421294,156.0,54.0,0.6458359,171.0,61.0,0.39251506,127.0,70.0,0.62567955,152.0,39.0,0.5188935,141.0,43.0,0.58134353,169.0,125.0,0.66518074,150.0,123.0,0.6903379,166.0,192.0,0.69587123,117.0,143.0,0.59968424,163.0,250.0,0.6652512,149.0,155.0,0.5956069
guy3_tree121_flipped.jpg,140.0,27.0,0.4874436,143.0,22.0,0.5294031,135.0,22.0,0.5265712,141.0,27.0,0.24743162,120.0,26.0,0.6068431,143.0,57.0,0.52978957,112.0,54.0,0.53865194,173.0,68.0,0.6566654,130.0,59.0,0.51043344,158.0,44.0,0.5636453,149.0,41.0,0.31791335,147.0,125.0,0.64958936,126.0,130.0,0.47567147,182.0,142.0,0.5630338,132.0,193.0,0.6684083,148.0,154.0,0.55449057,135.0,252.0,0.72505987
guy3_tree122.jpg,159.0,27.0,0.3868842,164.0,24.0,0.5235293,157.0,24.0,0.5401013,179.0,27.0,0.46349695,160.0,28.0,0.18006974,187.0,52.0,0.6958869,157.0,54.0,0.65249026,170.0,58.0,0.39686957,128.0,66.0,0.5101407,151.0,38.0,0.3310657,141.0,40.0,0.68532383,170.0,126.0,0.65226614,150.0,123.0,0.70147014,166.0,192.0,0.6342735,119.0,144.0,0.7054033,164.0,251.0,0.7586022,149.0,156.0,0.5735258
guy3_tree122_flipped.jpg,140.0,27.0,0.47949827,143.0,23.0,0.46923652,135.0,22.0,0.5275135,142.0,27.0,0.28064066,120.0,27.0,0.64952844,144.0,56.0,0.5758163,112.0,53.0,0.5790225,172.0,65.0,0.6129216,131.0,57.0,0.43691337,159.0,40.0,0.5721452,150.0,35.0,0.17823341,146.0,125.0,0.6667986,126.0,130.0,0.55483425,181.0,143.0,0.7225646,132.0,192.0,0.7063885,147.0,153.0,0.6410273,135.0,252.0,0.7503373
guy3_tree123.jpg,159.0,28.0,0.5046848,164.0,24.0,0.5921741,157.0,25.0,0.64793336,179.0,27.0,0.55088,159.0,28.0,0.15689556,188.0,51.0,0.6652683,159.0,54.0,0.5562999,165.0,53.0,0.33014035,129.0,61.0,0.616372,149.0,31.0,0.23407646,141.0,35.0,0.5903934,170.0,127.0,0.63778293,151.0,124.0,0.7425238,167.0,193.0,0.73561287,121.0,144.0,0.71016157,165.0,251.0,0.7716462,149.0,157.0,0.533335
guy3_tree123_flipped.jpg,139.0,26.0,0.71022093,140.0,22.0,0.63540006,134.0,22.0,0.7884827,134.0,26.0,0.50874233,118.0,28.0,0.7613469,142.0,52.0,0.6951555,109.0,48.0,0.82973737,172.0,63.0,0.89500195,131.0,54.0,0.53213394,158.0,36.0,0.7260146,148.0,30.0,0.53751934,146.0,124.0,0.56287503,126.0,128.0,0.68031406,182.0,145.0,0.76561075,132.0,193.0,0.84084153,148.0,156.0,0.66766596,134.0,250.0,0.8331344
guy3_tree124.jpg,159.0,30.0,0.56271565,164.0,25.0,0.6802322,157.0,26.0,0.61727,179.0,28.0,0.6464436,162.0,30.0,0.26379377,189.0,51.0,0.6035911,161.0,54.0,0.63563144,164.0,51.0,0.23988117,128.0,59.0,0.756452,148.0,31.0,0.45613813,140.0,33.0,0.67786574,170.0,127.0,0.7161803,152.0,125.0,0.7918149,168.0,193.0,0.74510187,120.0,144.0,0.7457932,165.0,251.0,0.86613595,151.0,158.0,0.64413077
guy3_tree124_flipped.jpg,138.0,28.0,0.6343256,139.0,24.0,0.60906565,134.0,23.0,0.69941634,133.0,28.0,0.5493349,118.0,28.0,0.80153996,141.0,52.0,0.74082893,108.0,47.0,0.849077,172.0,59.0,0.81424516,132.0,49.0,0.5109593,159.0,33.0,0.72394955,146.0,28.0,0.60543686,145.0,124.0,0.60882807,125.0,127.0,0.7269313,181.0,145.0,0.81686443,131.0,194.0,0.85318196,147.0,156.0,0.72189206,134.0,249.0,0.81860566
guy3_tree125.jpg,159.0,32.0,0.47815245,165.0,26.0,0.7529373,158.0,27.0,0.51117647,180.0,28.0,0.7726376,164.0,30.0,0.4245636,189.0,49.0,0.6831297,161.0,54.0,0.7608621,164.0,48.0,0.3920132,128.0,55.0,0.80454755,150.0,25.0,0.32183576,143.0,28.0,0.6521746,171.0,127.0,0.8277268,152.0,125.0,0.76087004,168.0,194.0,0.7592407,121.0,145.0,0.607982,166.0,251.0,0.8514491,151.0,159.0,0.75434154
guy3_tree125_flipped.jpg,138.0,30.0,0.5615151,138.0,25.0,0.605517,133.0,25.0,0.54140353,133.0,28.0,0.42621714,118.0,28.0,0.6800877,141.0,53.0,0.7471748,108.0,48.0,0.88629144,170.0,54.0,0.8267722,131.0,46.0,0.6044321,155.0,29.0,0.7582064,146.0,24.0,0.62819105,143.0,125.0,0.60729456,125.0,127.0,0.85560167,180.0,146.0,0.7987334,131.0,194.0,0.8691799,146.0,156.0,0.63352513,133.0,252.0,0.8163356
guy3_tree126.jpg,160.0,32.0,0.45659482,166.0,27.0,0.6538632,159.0,28.0,0.49160087,181.0,30.0,0.7651198,165.0,31.0,0.4644781,190.0,49.0,0.7181961,162.0,54.0,0.80046976,165.0,46.0,0.2296011,129.0,53.0,0.86750805,151.0,22.0,0.44842792,142.0,25.0,0.6445868,171.0,129.0,0.74764264,154.0,126.0,0.849748,168.0,195.0,0.6961447,121.0,144.0,0.7139994,166.0,251.0,0.89564013,152.0,159.0,0.7753589
guy3_tree126_flipped.jpg,137.0,31.0,0.6019336,137.0,26.0,0.6169046,132.0,25.0,0.57415605,132.0,30.0,0.49360532,117.0,29.0,0.643113,142.0,53.0,0.8108024,109.0,49.0,0.87929845,169.0,52.0,0.9250931,132.0,45.0,0.6631661,153.0,25.0,0.7606069,145.0,22.0,0.7369981,143.0,126.0,0.6526221,124.0,128.0,0.8786395,179.0,146.0,0.789613,130.0,194.0,0.8813145,145.0,157.0,0.7214792,132.0,251.0,0.83413714
guy3_tree127.jpg,160.0,32.0,0.49749157,166.0,27.0,0.60364866,160.0,27.0,0.36168653,182.0,30.0,0.7094518,164.0,30.0,0.397298,190.0,50.0,0.7636897,162.0,55.0,0.72279817,170.0,45.0,0.29326963,131.0,51.0,0.59728956,153.0,18.0,0.51179636,143.0,23.0,0.5773221,172.0,130.0,0.66749763,153.0,127.0,0.7017782,168.0,195.0,0.80075866,122.0,146.0,0.5751732,167.0,251.0,0.7745362,152.0,160.0,0.7620512
guy3_tree127_flipped.jpg,135.0,32.0,0.60999656,136.0,26.0,0.7002097,130.0,26.0,0.6897713,132.0,31.0,0.5769087,117.0,30.0,0.8223081,140.0,53.0,0.79777914,107.0,51.0,0.8507724,169.0,50.0,0.9343552,131.0,43.0,0.51945007,153.0,22.0,0.7530466,145.0,21.0,0.67703736,143.0,126.0,0.81951034,124.0,128.0,0.8805262,179.0,147.0,0.7848866,130.0,192.0,0.7787067,145.0,157.0,0.7228568,132.0,251.0,0.8203583
guy3_tree128.jpg,161.0,33.0,0.6199243,166.0,29.0,0.50698495,161.0,28.0,0.55372703,181.0,31.0,0.85643095,172.0,30.0,0.59559196,190.0,50.0,0.84129775,160.0,55.0,0.73953706,167.0,39.0,0.40667984,131.0,48.0,0.8775746,153.0,16.0,0.6876515,145.0,18.0,0.5862168,172.0,128.0,0.7671385,157.0,125.0,0.8920507,170.0,194.0,0.719097,124.0,145.0,0.80039775,168.0,252.0,0.81632197,154.0,158.0,0.71558523
guy3_tree128_flipped.jpg,136.0,32.0,0.5922067,134.0,27.0,0.61989653,130.0,27.0,0.6696753,126.0,31.0,0.5961015,118.0,33.0,0.7836654,142.0,53.0,0.8513862,109.0,51.0,0.87157243,169.0,47.0,0.916112,132.0,41.0,0.5667567,153.0,18.0,0.81233275,145.0,16.0,0.82605445,143.0,128.0,0.8139504,124.0,130.0,0.85766786,178.0,148.0,0.7741584,130.0,194.0,0.72013146,145.0,158.0,0.748129,132.0,252.0,0.8151733
guy3_tree129.jpg,162.0,33.0,0.43974754,168.0,30.0,0.4819,163.0,29.0,0.48230684,182.0,33.0,0.53189564,171.0,31.0,0.3039704,189.0,53.0,0.71532375,160.0,54.0,0.61748487,172.0,38.0,0.16448666,133.0,42.0,0.778054,155.0,13.0,0.60334206,145.0,17.0,0.44684803,173.0,130.0,0.75655055,154.0,129.0,0.7980171,169.0,195.0,0.5250149,125.0,146.0,0.5626652,168.0,252.0,0.770947,153.0,160.0,0.67996705
guy3_tree129_flipped.jpg,137.0,33.0,0.63341784,134.0,28.0,0.6364856,132.0,28.0,0.6684818,124.0,31.0,0.5135369,118.0,32.0,0.7363931,141.0,52.0,0.8136252,109.0,51.0,0.90064436,166.0,43.0,0.8306058,132.0,38.0,0.5479268,152.0,14.0,0.7327024,145.0,13.0,0.7417108,143.0,127.0,0.8405937,124.0,129.0,0.85268563,178.0,148.0,0.6104295,130.0,193.0,0.71752775,145.0,157.0,0.7708976,132.0,252.0,0.8275494
guy3_tree130.jpg,164.0,33.0,0.50279677,170.0,30.0,0.59596634,165.0,29.0,0.51278925,183.0,33.0,0.6655624,171.0,32.0,0.40109643,188.0,52.0,0.6341751,160.0,53.0,0.6806311,171.0,33.0,0.16777979,135.0,39.0,0.76524705,156.0,10.0,0.681352,148.0,12.0,0.4857057,173.0,129.0,0.7153591,154.0,129.0,0.8001964,169.0,194.0,0.6338116,126.0,146.0,0.5253048,168.0,252.0,0.62253267,152.0,160.0,0.6736838
guy3_tree130_flipped.jpg,135.0,34.0,0.48715833,133.0,29.0,0.6196511,130.0,29.0,0.6147193,129.0,31.0,0.4194225,118.0,33.0,0.6185829,140.0,51.0,0.7658781,110.0,53.0,0.7845446,166.0,39.0,0.5446594,129.0,36.0,0.13324976,151.0,12.0,0.696046,142.0,10.0,0.6698417,143.0,129.0,0.78191775,123.0,131.0,0.78256416,173.0,147.0,0.71114963,128.0,193.0,0.69533795,144.0,157.0,0.6869762,131.0,252.0,0.7937752
guy3_tree131.jpg,162.0,35.0,0.6196315,167.0,32.0,0.4796788,163.0,31.0,0.5048101,180.0,34.0,0.633718,171.0,33.0,0.514975,187.0,52.0,0.75465524,163.0,52.0,0.65601873,177.0,26.0,0.23415303,135.0,36.0,0.8519399,158.0,8.0,0.8251682,154.0,7.0,0.69794947,174.0,131.0,0.8437171,155.0,130.0,0.9061477,170.0,195.0,0.6814512,126.0,147.0,0.6415578,168.0,252.0,0.6674186,153.0,160.0,0.74811924
guy3_tree131_flipped.jpg,134.0,35.0,0.49816018,132.0,31.0,0.6041975,130.0,30.0,0.5376651,127.0,32.0,0.40373892,118.0,33.0,0.5614363,136.0,54.0,0.71466887,111.0,52.0,0.67904997,163.0,35.0,0.7670473,127.0,23.0,0.36158594,150.0,8.0,0.69065917,141.0,7.0,0.7905205,143.0,128.0,0.77076656,123.0,130.0,0.7904115,173.0,149.0,0.47897705,128.0,193.0,0.68056846,143.0,158.0,0.6256259,131.0,253.0,0.77866304
guy3_tree132.jpg,163.0,35.0,0.602003,167.0,32.0,0.5198703,164.0,32.0,0.62336415,180.0,35.0,0.7025547,172.0,34.0,0.6041286,187.0,51.0,0.7585367,164.0,54.0,0.72526705,175.0,24.0,0.29604056,139.0,33.0,0.9406968,160.0,7.0,0.7180443,155.0,7.0,0.6652816,174.0,132.0,0.8767336,156.0,131.0,0.9265777,170.0,195.0,0.7009231,127.0,146.0,0.6541313,168.0,253.0,0.6241337,153.0,161.0,0.797379
guy3_tree132_flipped.jpg,134.0,34.0,0.49760276,133.0,30.0,0.72128093,129.0,30.0,0.6068615,129.0,32.0,0.31010914,118.0,34.0,0.52416563,135.0,55.0,0.50822806,112.0,53.0,0.53418,159.0,34.0,0.48354435,126.0,22.0,0.3812087,149.0,6.0,0.42561346,140.0,6.0,0.54957736,143.0,127.0,0.6459693,124.0,131.0,0.65444577,171.0,150.0,0.58619344,128.0,194.0,0.5669215,143.0,159.0,0.5461082,131.0,254.0,0.8338949
guy3_tree133.jpg,164.0,35.0,0.5137712,170.0,32.0,0.46432132,165.0,30.0,0.6637474,183.0,36.0,0.5135733,173.0,34.0,0.49332383,187.0,51.0,0.70811355,165.0,53.0,0.7519328,175.0,21.0,0.24583478,143.0,31.0,0.83810353,162.0,6.0,0.59728277,155.0,6.0,0.4629773,174.0,132.0,0.7981568,156.0,131.0,0.898004,169.0,198.0,0.66635835,128.0,147.0,0.5700412,168.0,254.0,0.6758895,153.0,162.0,0.6938962
guy3_tree133_flipped.jpg,134.0,34.0,0.55294406,133.0,31.0,0.6742093,130.0,31.0,0.59634393,128.0,33.0,0.37317422,119.0,33.0,0.5050633,135.0,55.0,0.7318575,112.0,53.0,0.62226987,156.0,32.0,0.64577055,127.0,19.0,0.5234716,145.0,6.0,0.43293557,139.0,6.0,0.6090362,141.0,128.0,0.753446,123.0,131.0,0.7840674,171.0,150.0,0.68001926,127.0,194.0,0.66931355,143.0,159.0,0.54962885,130.0,254.0,0.7828123
guy3_tree134.jpg,163.0,37.0,0.35623044,169.0,33.0,0.51340723,165.0,32.0,0.5606658,181.0,36.0,0.5017077,174.0,36.0,0.44137254,188.0,53.0,0.7819829,166.0,53.0,0.7238227,176.0,21.0,0.42522028,146.0,30.0,0.82019,165.0,9.0,0.45988795,158.0,5.0,0.29051295,174.0,134.0,0.8361285,157.0,132.0,0.91561925,170.0,198.0,0.6002925,129.0,148.0,0.6121559,169.0,254.0,0.7374439,154.0,161.0,0.6982845
guy3_tree134_flipped.jpg,133.0,35.0,0.5501014,133.0,32.0,0.5981216,130.0,32.0,0.5580423,129.0,34.0,0.29006273,118.0,35.0,0.5504977,132.0,56.0,0.6429871,111.0,56.0,0.5570196,153.0,30.0,0.6548293,123.0,20.0,0.38434035,144.0,5.0,0.38023198,136.0,7.0,0.33154547,139.0,130.0,0.6365358,123.0,133.0,0.67611647,169.0,151.0,0.6372916,127.0,196.0,0.6799422,143.0,161.0,0.5242305,130.0,255.0,0.79411685
guy3_tree135.jpg,167.0,37.0,0.38549963,172.0,34.0,0.4920912,166.0,33.0,0.54334044,183.0,39.0,0.59247947,172.0,36.0,0.30382562,186.0,55.0,0.48594403,166.0,54.0,0.69124556,179.0,21.0,0.21141522,148.0,28.0,0.741979,168.0,6.0,0.44604194,159.0,5.0,0.18511908,175.0,134.0,0.72834104,157.0,132.0,0.85356265,171.0,198.0,0.68975127,131.0,149.0,0.42700866,169.0,255.0,0.6761683,154.0,163.0,0.6896713
guy3_tree135_flipped.jpg,132.0,38.0,0.4481624,132.0,34.0,0.5592706,129.0,33.0,0.4793574,128.0,35.0,0.28597334,117.0,35.0,0.46486688,131.0,56.0,0.6662108,111.0,57.0,0.54347146,149.0,30.0,0.6008147,122.0,19.0,0.3410389,142.0,8.0,0.30267066,130.0,5.0,0.38774627,140.0,131.0,0.6260878,123.0,135.0,0.5956492,168.0,151.0,0.4985801,126.0,196.0,0.58414847,143.0,161.0,0.5147804,130.0,255.0,0.79581505
guy3_tree136.jpg,165.0,40.0,0.48511657,169.0,36.0,0.35076874,165.0,36.0,0.42104727,182.0,40.0,0.34009406,173.0,38.0,0.32259312,187.0,56.0,0.5819213,167.0,54.0,0.43649328,180.0,21.0,0.22696972,153.0,25.0,0.7748081,171.0,8.0,0.30438447,158.0,12.0,0.12458715,175.0,134.0,0.6895818,157.0,132.0,0.7554215,171.0,199.0,0.6888112,131.0,151.0,0.4581454,169.0,256.0,0.5858339,154.0,163.0,0.63468826
guy3_tree136_flipped.jpg,134.0,40.0,0.5602932,134.0,35.0,0.57317185,130.0,35.0,0.64628446,128.0,37.0,0.23451392,117.0,36.0,0.3983425,129.0,56.0,0.43314856,111.0,57.0,0.61894226,147.0,27.0,0.7827339,122.0,17.0,0.38215926,142.0,8.0,0.23375379,127.0,7.0,0.17010462,140.0,132.0,0.66431904,122.0,136.0,0.71424377,168.0,152.0,0.64396834,127.0,196.0,0.7026483,142.0,163.0,0.45958656,129.0,255.0,0.81241226
guy3_tree137.jpg,165.0,42.0,0.42156348,170.0,37.0,0.4191279,165.0,37.0,0.4568867,182.0,41.0,0.34221482,172.0,40.0,0.30639017,186.0,58.0,0.5668623,168.0,56.0,0.5051458,180.0,20.0,0.49974093,156.0,26.0,0.66962695,171.0,8.0,0.21233927,159.0,11.0,0.116869,175.0,136.0,0.6295019,158.0,134.0,0.7386888,171.0,200.0,0.6814536,133.0,149.0,0.3623446,169.0,256.0,0.71848774,154.0,164.0,0.5849735
guy3_tree137_flipped.jpg,135.0,42.0,0.53750277,133.0,37.0,0.51354337,130.0,37.0,0.46380213,124.0,38.0,0.4023693,118.0,38.0,0.46856123,130.0,56.0,0.63324463,110.0,58.0,0.48787135,144.0,26.0,0.6791772,120.0,18.0,0.61070144,142.0,12.0,0.1991307,127.0,7.0,0.18401565,139.0,133.0,0.79258454,122.0,136.0,0.7936389,169.0,153.0,0.62659895,127.0,197.0,0.7365029,141.0,164.0,0.513077,129.0,255.0,0.806828
guy3_tree138_flipped.jpg,134.0,45.0,0.5575843,133.0,41.0,0.5117405,130.0,41.0,0.50772417,123.0,41.0,0.34519705,118.0,42.0,0.43281096,129.0,56.0,0.6109711,110.0,59.0,0.6729976,140.0,26.0,0.76029944,120.0,21.0,0.54896545,137.0,5.0,0.30622205,124.0,8.0,0.19711599,138.0,134.0,0.8213538,122.0,137.0,0.7452245,169.0,153.0,0.6671244,127.0,199.0,0.6234788,140.0,165.0,0.4712526,129.0,256.0,0.78814125
guy3_tree139_flipped.jpg,134.0,46.0,0.44299087,133.0,42.0,0.47655588,130.0,42.0,0.42613897,126.0,43.0,0.2567148,118.0,43.0,0.4071674,127.0,60.0,0.4389727,110.0,61.0,0.57669365,137.0,27.0,0.5375366,119.0,22.0,0.5255705,134.0,7.0,0.3445738,124.0,7.0,0.14694114,138.0,134.0,0.7763804,123.0,139.0,0.5527512,166.0,154.0,0.48742473,127.0,199.0,0.44071093,141.0,167.0,0.43565482,129.0,256.0,0.79210263
guy3_tree140_flipped.jpg,134.0,47.0,0.49581242,133.0,43.0,0.60945225,130.0,42.0,0.5311955,126.0,43.0,0.39297345,118.0,43.0,0.44427833,127.0,59.0,0.4911068,110.0,61.0,0.68448025,135.0,27.0,0.56272614,120.0,22.0,0.6488019,135.0,8.0,0.35380095,126.0,4.0,0.19149587,138.0,135.0,0.7975812,123.0,139.0,0.6540537,166.0,155.0,0.67826736,127.0,199.0,0.63661706,140.0,168.0,0.4376773,129.0,257.0,0.73149216
guy3_tree141_flipped.jpg,132.0,48.0,0.5104811,133.0,44.0,0.6514571,129.0,43.0,0.54927534,127.0,44.0,0.27502576,117.0,43.0,0.42673412,126.0,61.0,0.46377176,109.0,62.0,0.70923877,137.0,27.0,0.5639572,120.0,22.0,0.5574322,134.0,7.0,0.35468718,126.0,3.0,0.17666124,137.0,135.0,0.7544418,123.0,140.0,0.63050365,164.0,156.0,0.5792068,127.0,201.0,0.5243125,140.0,168.0,0.4142691,128.0,258.0,0.67316735
guy3_tree142.jpg,167.0,45.0,0.4904048,172.0,41.0,0.45795724,166.0,41.0,0.5149715,184.0,44.0,0.5944514,173.0,44.0,0.35315117,187.0,63.0,0.53364444,170.0,64.0,0.6366063,178.0,22.0,0.56608844,162.0,25.0,0.3931091,171.0,8.0,0.22136563,161.0,23.0,0.17427628,176.0,141.0,0.71602446,160.0,140.0,0.8332732,173.0,204.0,0.7492479,134.0,156.0,0.4603306,170.0,260.0,0.6260651,156.0,170.0,0.55249846
guy3_tree142_flipped.jpg,133.0,49.0,0.5365087,132.0,45.0,0.61680967,129.0,44.0,0.62101877,127.0,45.0,0.37597394,117.0,45.0,0.32723543,126.0,61.0,0.46793622,110.0,62.0,0.5435506,136.0,29.0,0.53919524,120.0,23.0,0.64185846,135.0,5.0,0.2862389,126.0,5.0,0.18696254,137.0,136.0,0.68018794,123.0,140.0,0.6923418,164.0,156.0,0.6263684,127.0,202.0,0.47325173,139.0,171.0,0.4455613,128.0,258.0,0.710523
guy3_tree143.jpg,168.0,45.0,0.4219399,173.0,42.0,0.4759825,167.0,42.0,0.5264785,184.0,46.0,0.45212743,172.0,46.0,0.31709266,186.0,65.0,0.5446727,171.0,64.0,0.4650274,180.0,23.0,0.36120543,162.0,26.0,0.41818845,170.0,8.0,0.3756711,162.0,11.0,0.18688378,176.0,142.0,0.6654628,160.0,140.0,0.7926261,173.0,205.0,0.686108,134.0,157.0,0.44684866,170.0,259.0,0.7291601,157.0,170.0,0.51877046
guy3_tree143_flipped.jpg,133.0,50.0,0.501847,132.0,46.0,0.5142931,129.0,45.0,0.52531064,127.0,46.0,0.2000747,118.0,46.0,0.32885063,126.0,63.0,0.4371085,110.0,64.0,0.61990964,136.0,30.0,0.5001257,120.0,26.0,0.40746477,133.0,7.0,0.41463512,126.0,3.0,0.20873557,137.0,136.0,0.6489639,123.0,141.0,0.65625167,163.0,158.0,0.5333295,127.0,202.0,0.41114554,139.0,171.0,0.31087938,128.0,258.0,0.74419564
guy3_tree144.jpg,167.0,47.0,0.42616156,172.0,43.0,0.52585477,167.0,43.0,0.573805,184.0,47.0,0.49212974,173.0,47.0,0.27397752,186.0,65.0,0.5140693,171.0,66.0,0.5796413,179.0,26.0,0.40173048,163.0,30.0,0.4020685,170.0,8.0,0.46728706,163.0,6.0,0.2704386,176.0,142.0,0.672299,159.0,141.0,0.7580577,173.0,207.0,0.6985828,134.0,157.0,0.5475141,171.0,260.0,0.7526698,157.0,170.0,0.5329564
guy3_tree144_flipped.jpg,133.0,51.0,0.45135525,132.0,47.0,0.47514123,129.0,46.0,0.44894347,126.0,47.0,0.20219749,118.0,47.0,0.3677415,125.0,66.0,0.40014035,110.0,65.0,0.69220287,136.0,31.0,0.3548639,120.0,27.0,0.48931485,132.0,6.0,0.438001,126.0,3.0,0.2538136,137.0,138.0,0.7387345,123.0,142.0,0.64019835,165.0,158.0,0.45038,127.0,205.0,0.5647025,139.0,172.0,0.38669124,128.0,259.0,0.77251023
guy3_tree145.jpg,167.0,49.0,0.5274297,172.0,45.0,0.5679318,167.0,45.0,0.5142373,183.0,48.0,0.5548364,172.0,47.0,0.27238122,187.0,66.0,0.5960057,172.0,67.0,0.6184132,178.0,28.0,0.47126406,163.0,32.0,0.4615864,169.0,8.0,0.51592463,163.0,7.0,0.27050924,176.0,143.0,0.65499496,160.0,142.0,0.72925234,173.0,208.0,0.65817446,135.0,158.0,0.6010958,171.0,260.0,0.7353935,156.0,170.0,0.56116223
guy3_tree145_flipped.jpg,131.0,52.0,0.45773953,131.0,48.0,0.49964595,128.0,47.0,0.4619605,126.0,48.0,0.25756106,117.0,48.0,0.41536576,126.0,68.0,0.38124073,111.0,67.0,0.4942335,135.0,32.0,0.38401285,121.0,29.0,0.4810417,132.0,7.0,0.4059961,125.0,3.0,0.2754633,136.0,138.0,0.72251105,123.0,143.0,0.6001026,164.0,157.0,0.45029563,127.0,206.0,0.50514466,139.0,173.0,0.43091333,128.0,260.0,0.7433245
guy3_tree146.jpg,167.0,50.0,0.4948401,171.0,46.0,0.5353466,166.0,47.0,0.55167305,182.0,48.0,0.5658846,173.0,50.0,0.3651896,188.0,67.0,0.7045299,173.0,69.0,0.6067766,178.0,29.0,0.5252253,165.0,32.0,0.41390705,171.0,7.0,0.6405492,164.0,5.0,0.22417906,176.0,145.0,0.5779594,161.0,143.0,0.6662194,174.0,208.0,0.7177545,135.0,159.0,0.6536715,171.0,262.0,0.7624529,156.0,172.0,0.60421115
guy3_tree146_flipped.jpg,131.0,53.0,0.47553334,131.0,49.0,0.5047914,127.0,48.0,0.4483917,126.0,50.0,0.23840468,117.0,50.0,0.34580564,126.0,70.0,0.3901548,110.0,68.0,0.6256911,135.0,35.0,0.24597034,120.0,31.0,0.39341682,134.0,5.0,0.3484765,125.0,6.0,0.21412404,136.0,140.0,0.6880739,123.0,144.0,0.5595349,162.0,158.0,0.5384313,127.0,208.0,0.41851208,139.0,175.0,0.4984213,128.0,261.0,0.7329232
guy3_tree147.jpg,166.0,53.0,0.6264919,170.0,49.0,0.7352022,166.0,49.0,0.6657486,182.0,50.0,0.3842867,173.0,52.0,0.40017602,188.0,70.0,0.64153326,174.0,70.0,0.6075698,179.0,29.0,0.44599727,167.0,32.0,0.3516918,170.0,6.0,0.6051965,165.0,5.0,0.21734427,176.0,145.0,0.7415259,161.0,143.0,0.6085535,173.0,209.0,0.6667384,136.0,160.0,0.53047633,170.0,264.0,0.5679716,156.0,173.0,0.6152749
guy3_tree147_flipped.jpg,131.0,54.0,0.48117054,131.0,50.0,0.50230557,128.0,50.0,0.5751313,125.0,51.0,0.20723507,118.0,51.0,0.37235174,126.0,70.0,0.41173854,109.0,70.0,0.7202276,135.0,35.0,0.2279701,121.0,31.0,0.4785976,134.0,6.0,0.40912923,127.0,5.0,0.32689536,136.0,141.0,0.6477299,122.0,145.0,0.6216479,163.0,159.0,0.59242296,127.0,208.0,0.42184317,139.0,176.0,0.5357125,128.0,261.0,0.69412243
guy3_tree148.jpg,167.0,54.0,0.6489067,171.0,50.0,0.6901484,166.0,50.0,0.59689367,183.0,51.0,0.4642624,173.0,52.0,0.30484256,188.0,70.0,0.6938987,174.0,71.0,0.6875819,179.0,30.0,0.5167448,167.0,36.0,0.31884524,170.0,7.0,0.62078106,164.0,6.0,0.24639246,175.0,145.0,0.6342975,160.0,143.0,0.600711,173.0,208.0,0.657565,135.0,160.0,0.50935173,170.0,263.0,0.7510714,157.0,173.0,0.61581576
guy3_tree148_flipped.jpg,132.0,55.0,0.50578386,131.0,51.0,0.5051948,129.0,50.0,0.530239,125.0,51.0,0.2505673,118.0,51.0,0.36873418,126.0,70.0,0.48739848,109.0,71.0,0.7073791,133.0,37.0,0.26239708,121.0,31.0,0.55140287,135.0,8.0,0.3448556,128.0,6.0,0.3647418,135.0,142.0,0.7076192,122.0,146.0,0.6350351,164.0,160.0,0.6420059,127.0,207.0,0.6361618,139.0,175.0,0.48239338,127.0,262.0,0.7271061
guy3_tree149.jpg,167.0,54.0,0.5652921,172.0,50.0,0.57503974,167.0,50.0,0.5216824,184.0,52.0,0.5780405,173.0,53.0,0.43235716,188.0,71.0,0.67793727,173.0,71.0,0.6358034,179.0,31.0,0.6054317,165.0,39.0,0.31798708,171.0,9.0,0.6102643,163.0,15.0,0.19184671,176.0,146.0,0.7273318,159.0,144.0,0.8019297,172.0,210.0,0.6704315,136.0,162.0,0.46620327,171.0,263.0,0.7451663,158.0,175.0,0.59707505
guy3_tree149_flipped.jpg,131.0,55.0,0.47255167,131.0,51.0,0.43397012,128.0,50.0,0.42299512,126.0,52.0,0.31009,117.0,52.0,0.42970723,125.0,72.0,0.4328732,109.0,72.0,0.5033247,134.0,36.0,0.23309295,120.0,31.0,0.6126748,136.0,7.0,0.30113873,127.0,7.0,0.3511607,136.0,144.0,0.730279,123.0,147.0,0.6055163,162.0,161.0,0.608011,127.0,208.0,0.65616345,138.0,175.0,0.49083072,127.0,263.0,0.75832796
guy3_tree150.jpg,168.0,54.0,0.46326843,172.0,50.0,0.53768057,166.0,50.0,0.49651632,183.0,53.0,0.5690312,171.0,53.0,0.37909797,188.0,72.0,0.566952,173.0,72.0,0.6558578,180.0,34.0,0.5003532,163.0,40.0,0.40454614,172.0,9.0,0.6732594,163.0,10.0,0.21680893,176.0,147.0,0.66886556,160.0,145.0,0.7901728,173.0,210.0,0.6690235,137.0,162.0,0.41241962,171.0,263.0,0.71213126,157.0,176.0,0.59159046
guy3_tree150_flipped.jpg,131.0,57.0,0.5052967,131.0,53.0,0.50233346,128.0,51.0,0.5975592,125.0,53.0,0.5100523,118.0,53.0,0.51267946,127.0,72.0,0.5201241,110.0,73.0,0.60977066,137.0,40.0,0.41661137,119.0,35.0,0.55539846,136.0,10.0,0.33477676,126.0,8.0,0.4444797,136.0,144.0,0.7298472,123.0,148.0,0.5582324,163.0,163.0,0.6574477,128.0,208.0,0.665053,139.0,177.0,0.4890021,127.0,263.0,0.7504946
guy3_tree151.jpg,167.0,57.0,0.51071095,171.0,52.0,0.60688376,166.0,52.0,0.6276984,183.0,55.0,0.41781533,173.0,55.0,0.37003762,188.0,73.0,0.516367,171.0,73.0,0.63091916,179.0,36.0,0.5210166,164.0,40.0,0.5372159,172.0,8.0,0.6515422,163.0,10.0,0.24653937,176.0,147.0,0.66119105,160.0,145.0,0.7084977,172.0,212.0,0.63855195,137.0,163.0,0.4742311,171.0,265.0,0.7273643,157.0,177.0,0.5761478
guy3_tree151_flipped.jpg,131.0,59.0,0.51367986,130.0,54.0,0.50612414,128.0,53.0,0.62863815,125.0,54.0,0.33028513,118.0,55.0,0.3590613,126.0,74.0,0.45646635,109.0,75.0,0.67002803,136.0,40.0,0.3354542,120.0,36.0,0.50602865,135.0,9.0,0.38280925,127.0,8.0,0.5037931,137.0,145.0,0.6817802,124.0,150.0,0.59899247,162.0,163.0,0.5476972,128.0,210.0,0.6296811,139.0,178.0,0.36670703,127.0,264.0,0.7766658
guy3_tree152.jpg,167.0,58.0,0.5881989,171.0,53.0,0.6632258,167.0,53.0,0.6664939,183.0,56.0,0.51810265,172.0,55.0,0.25742298,188.0,75.0,0.6087217,172.0,74.0,0.53491473,177.0,37.0,0.52044773,164.0,39.0,0.5169727,171.0,9.0,0.6454321,165.0,8.0,0.32019326,176.0,148.0,0.6843165,160.0,146.0,0.5302894,172.0,213.0,0.54222137,138.0,164.0,0.4303953,171.0,265.0,0.71288496,158.0,178.0,0.51577055
guy3_tree152_flipped.jpg,131.0,59.0,0.45009565,130.0,56.0,0.4727897,127.0,55.0,0.48649263,125.0,56.0,0.25276703,117.0,56.0,0.4351368,127.0,75.0,0.37229148,109.0,76.0,0.6555587,134.0,41.0,0.27359095,120.0,37.0,0.5632259,134.0,9.0,0.37763232,127.0,8.0,0.43984985,137.0,146.0,0.63555634,124.0,150.0,0.5635435,162.0,165.0,0.5001757,128.0,211.0,0.5744722,139.0,178.0,0.37436154,128.0,265.0,0.7567848
guy3_tree153.jpg,167.0,59.0,0.56875885,171.0,55.0,0.5904393,167.0,55.0,0.54941577,183.0,58.0,0.56476516,172.0,57.0,0.3512866,187.0,77.0,0.34417003,172.0,75.0,0.61300653,180.0,41.0,0.36554745,165.0,41.0,0.3557637,172.0,9.0,0.6527478,165.0,10.0,0.2761357,175.0,150.0,0.6841008,159.0,148.0,0.7820679,172.0,214.0,0.4870735,138.0,165.0,0.37328583,172.0,266.0,0.62043786,159.0,179.0,0.45424095
guy3_tree153_flipped.jpg,131.0,59.0,0.45987815,130.0,55.0,0.48211747,127.0,55.0,0.48084792,124.0,56.0,0.2341389,117.0,56.0,0.47681355,126.0,73.0,0.36912432,109.0,77.0,0.46555954,134.0,44.0,0.28926292,120.0,39.0,0.55198944,135.0,10.0,0.32818088,128.0,9.0,0.6151978,138.0,147.0,0.69880944,124.0,151.0,0.61568564,163.0,165.0,0.57839733,128.0,212.0,0.5157169,139.0,179.0,0.42463255,128.0,266.0,0.7496238
guy3_tree154.jpg,167.0,62.0,0.49656543,171.0,57.0,0.6278496,167.0,56.0,0.5318217,183.0,61.0,0.50841385,174.0,59.0,0.29105365,187.0,78.0,0.5229006,172.0,77.0,0.60087883,181.0,39.0,0.4076483,166.0,42.0,0.3555774,172.0,11.0,0.58345985,165.0,11.0,0.34725875,175.0,152.0,0.6495687,159.0,150.0,0.79386556,172.0,215.0,0.48174596,137.0,164.0,0.36022067,171.0,267.0,0.63971233,159.0,181.0,0.46192494
guy3_tree154_flipped.jpg,131.0,61.0,0.40606555,130.0,57.0,0.4465083,127.0,56.0,0.4553031,125.0,58.0,0.30728573,117.0,58.0,0.46878934,126.0,75.0,0.46889907,110.0,77.0,0.5564947,135.0,44.0,0.30309352,121.0,40.0,0.3743525,134.0,11.0,0.29598904,128.0,11.0,0.5483439,138.0,149.0,0.66355455,124.0,153.0,0.56499124,162.0,165.0,0.5418271,128.0,212.0,0.49249348,139.0,179.0,0.39079124,128.0,266.0,0.6960105
guy3_tree155.jpg,166.0,63.0,0.6799366,170.0,59.0,0.7099827,167.0,58.0,0.71465886,182.0,62.0,0.5499503,173.0,60.0,0.31040278,187.0,79.0,0.63656896,171.0,78.0,0.6514902,180.0,41.0,0.49937505,165.0,44.0,0.42333192,172.0,11.0,0.6235551,165.0,12.0,0.4147137,175.0,153.0,0.68330514,160.0,151.0,0.75119406,171.0,215.0,0.66823745,137.0,164.0,0.4519569,171.0,268.0,0.7189039,158.0,181.0,0.5374221
guy3_tree155_flipped.jpg,131.0,63.0,0.52059627,131.0,59.0,0.50995225,128.0,59.0,0.6023377,125.0,59.0,0.30367222,118.0,60.0,0.33892995,127.0,76.0,0.46348545,110.0,78.0,0.64499885,136.0,46.0,0.32280472,122.0,40.0,0.27888033,134.0,12.0,0.36266983,128.0,12.0,0.56352127,139.0,150.0,0.59904516,125.0,154.0,0.54331803,162.0,166.0,0.5856806,128.0,213.0,0.52418935,140.0,178.0,0.3813792,128.0,267.0,0.7181032
guy3_tree156.jpg,167.0,64.0,0.625406,171.0,60.0,0.5966046,166.0,59.0,0.6249213,183.0,63.0,0.5749023,173.0,62.0,0.42618227,187.0,81.0,0.5584184,171.0,80.0,0.6109246,178.0,42.0,0.4922283,165.0,44.0,0.43261915,172.0,14.0,0.62237537,165.0,14.0,0.39486593,175.0,154.0,0.6583488,161.0,152.0,0.5372036,172.0,216.0,0.6485129,137.0,166.0,0.46539697,171.0,269.0,0.72272456,158.0,182.0,0.4554777
guy3_tree156_flipped.jpg,131.0,63.0,0.47730467,131.0,59.0,0.52554977,127.0,59.0,0.5106224,126.0,59.0,0.2802842,117.0,60.0,0.450836,126.0,78.0,0.35055003,110.0,80.0,0.595574,135.0,46.0,0.262292,123.0,42.0,0.33156288,135.0,15.0,0.47721937,128.0,14.0,0.49904332,139.0,150.0,0.61390793,125.0,155.0,0.5396839,161.0,166.0,0.5424533,128.0,213.0,0.4910959,140.0,183.0,0.31825557,128.0,268.0,0.68871063
guy3_tree157.jpg,167.0,64.0,0.56017727,171.0,61.0,0.48102584,166.0,60.0,0.5142414,183.0,64.0,0.54336584,172.0,63.0,0.36776665,187.0,81.0,0.3909122,170.0,80.0,0.58305633,180.0,44.0,0.28139386,162.0,44.0,0.37800747,170.0,13.0,0.56320906,164.0,13.0,0.3049509,175.0,155.0,0.6322027,160.0,152.0,0.741905,172.0,216.0,0.63383704,138.0,168.0,0.35451698,171.0,271.0,0.65109503,158.0,183.0,0.42927572
guy3_tree157_flipped.jpg,132.0,64.0,0.49353164,132.0,59.0,0.63136756,127.0,59.0,0.5712205,127.0,59.0,0.22258088,117.0,61.0,0.49505696,126.0,79.0,0.37800962,111.0,81.0,0.45893183,135.0,46.0,0.26078036,123.0,42.0,0.2422174,136.0,16.0,0.4597854,128.0,15.0,0.48962888,138.0,151.0,0.67994416,126.0,156.0,0.5533986,161.0,167.0,0.45293963,128.0,213.0,0.59500515,138.0,190.0,0.31080407,128.0,269.0,0.67822325
guy3_tree158.jpg,166.0,64.0,0.57485116,171.0,60.0,0.42846128,166.0,60.0,0.45398158,182.0,64.0,0.41204572,171.0,63.0,0.35143748,187.0,82.0,0.42377216,170.0,80.0,0.5595932,180.0,43.0,0.31434393,160.0,44.0,0.3441397,171.0,13.0,0.47444934,163.0,13.0,0.2996926,175.0,155.0,0.63193643,160.0,154.0,0.7627296,172.0,216.0,0.5591781,139.0,170.0,0.22933933,171.0,272.0,0.6269468,157.0,183.0,0.2887184
guy3_tree158_flipped.jpg,132.0,66.0,0.4355303,132.0,61.0,0.52428794,128.0,60.0,0.50269115,127.0,61.0,0.21546079,118.0,62.0,0.46254522,125.0,79.0,0.3306958,111.0,82.0,0.5534346,136.0,45.0,0.30255565,121.0,41.0,0.4336992,137.0,16.0,0.28683138,127.0,16.0,0.44231385,139.0,153.0,0.7094209,125.0,157.0,0.47023234,161.0,167.0,0.37606245,128.0,215.0,0.6099752,138.0,194.0,0.2631696,129.0,269.0,0.69047886
guy3_tree159.jpg,166.0,64.0,0.5456736,171.0,61.0,0.5168351,166.0,60.0,0.5183751,182.0,65.0,0.3952952,171.0,63.0,0.35520974,187.0,82.0,0.39662158,169.0,80.0,0.5757888,181.0,43.0,0.4459714,159.0,43.0,0.29907513,173.0,15.0,0.5726201,161.0,15.0,0.37505132,175.0,157.0,0.63406634,160.0,155.0,0.7643311,171.0,218.0,0.5367905,139.0,170.0,0.3195496,170.0,273.0,0.5795368,157.0,183.0,0.2845284
guy3_tree159_flipped.jpg,132.0,68.0,0.5424328,133.0,63.0,0.66687834,129.0,63.0,0.6223609,128.0,63.0,0.3062938,117.0,64.0,0.32266638,126.0,81.0,0.43051937,111.0,83.0,0.6135342,139.0,47.0,0.34258792,119.0,43.0,0.4111803,138.0,18.0,0.3942068,126.0,17.0,0.36305395,139.0,153.0,0.6902317,126.0,157.0,0.45196742,161.0,167.0,0.41608915,128.0,216.0,0.61036277,138.0,193.0,0.24497025,129.0,270.0,0.71576864
guy3_tree160.jpg,166.0,66.0,0.493161,171.0,62.0,0.6187508,165.0,61.0,0.5909821,182.0,65.0,0.49639505,170.0,65.0,0.27846992,186.0,83.0,0.4974051,168.0,81.0,0.5663393,181.0,44.0,0.53725064,159.0,46.0,0.35970908,173.0,16.0,0.4890177,160.0,16.0,0.24064219,175.0,157.0,0.60627437,160.0,155.0,0.71314156,171.0,218.0,0.47154197,139.0,171.0,0.25159067,170.0,274.0,0.7427738,156.0,183.0,0.28251085
guy3_tree160_flipped.jpg,133.0,68.0,0.518645,132.0,63.0,0.6769743,129.0,63.0,0.6023402,127.0,63.0,0.30245307,117.0,64.0,0.37465012,127.0,81.0,0.530633,112.0,83.0,0.5775938,140.0,47.0,0.2938595,119.0,44.0,0.39917392,139.0,16.0,0.40676308,126.0,15.0,0.3255944,139.0,153.0,0.69335264,126.0,157.0,0.43516457,161.0,168.0,0.46169165,129.0,216.0,0.5875293,139.0,193.0,0.18799236,129.0,271.0,0.71207345
guy3_tree161.jpg,165.0,67.0,0.54080665,170.0,63.0,0.6882331,164.0,62.0,0.5285648,182.0,67.0,0.49985966,169.0,66.0,0.25797597,186.0,85.0,0.5801659,168.0,83.0,0.57191503,181.0,45.0,0.55371076,158.0,48.0,0.43559438,174.0,16.0,0.39128944,159.0,20.0,0.21155219,174.0,159.0,0.65132296,160.0,157.0,0.7725207,171.0,218.0,0.6815777,140.0,172.0,0.21323033,170.0,274.0,0.71916133,156.0,184.0,0.28358734
guy3_tree161_flipped.jpg,132.0,68.0,0.5151515,132.0,64.0,0.6559122,129.0,64.0,0.5621675,127.0,65.0,0.20447762,117.0,66.0,0.40048033,127.0,81.0,0.49824405,112.0,84.0,0.54510117,141.0,48.0,0.39773512,118.0,45.0,0.33254746,140.0,19.0,0.26379383,125.0,17.0,0.39548463,139.0,154.0,0.64162993,126.0,157.0,0.45500308,161.0,169.0,0.47588688,129.0,217.0,0.5607355,139.0,196.0,0.25014547,129.0,271.0,0.6617143
guy3_tree162.jpg,165.0,67.0,0.5112804,170.0,64.0,0.61738515,164.0,63.0,0.5399018,182.0,68.0,0.5075511,169.0,67.0,0.3203997,187.0,85.0,0.58601594,168.0,84.0,0.5007427,180.0,45.0,0.51840365,158.0,52.0,0.3535891,174.0,16.0,0.37515092,158.0,21.0,0.42870495,173.0,160.0,0.6403215,160.0,158.0,0.7761787,170.0,218.0,0.65376794,139.0,173.0,0.2703695,169.0,274.0,0.7017205,157.0,186.0,0.2561454
guy3_tree162_flipped.jpg,133.0,69.0,0.49042577,133.0,65.0,0.5593387,130.0,65.0,0.41894478,127.0,66.0,0.28446454,118.0,67.0,0.55426407,128.0,82.0,0.5487059,113.0,85.0,0.61959624,142.0,51.0,0.24618477,119.0,45.0,0.37358496,141.0,21.0,0.46547014,124.0,18.0,0.3630793,139.0,154.0,0.64480984,125.0,158.0,0.5320807,161.0,170.0,0.42762792,129.0,217.0,0.576537,137.0,197.0,0.242513,129.0,271.0,0.67298055
guy3_tree163.jpg,164.0,68.0,0.48001313,168.0,65.0,0.4208296,163.0,64.0,0.42545733,180.0,68.0,0.5648072,168.0,68.0,0.2581843,186.0,86.0,0.6259477,168.0,86.0,0.56508565,180.0,47.0,0.3873183,157.0,57.0,0.30474633,175.0,16.0,0.40242472,155.0,22.0,0.43909276,173.0,160.0,0.5991613,159.0,159.0,0.7425755,170.0,218.0,0.64003396,139.0,173.0,0.33419153,169.0,275.0,0.76190686,157.0,186.0,0.27671406
guy3_tree163_flipped.jpg,134.0,72.0,0.49102193,133.0,67.0,0.5543009,131.0,68.0,0.51583135,128.0,68.0,0.28771153,119.0,68.0,0.5740702,127.0,84.0,0.5255516,113.0,86.0,0.48906934,141.0,53.0,0.2764031,119.0,46.0,0.32329425,141.0,22.0,0.40225908,123.0,17.0,0.43126684,139.0,155.0,0.5478648,125.0,159.0,0.53713596,161.0,170.0,0.40904602,130.0,218.0,0.5306672,138.0,198.0,0.24132928,129.0,272.0,0.7861262
guy3_tree164.jpg,163.0,69.0,0.45448267,167.0,65.0,0.36626756,162.0,65.0,0.39526463,180.0,68.0,0.5728437,168.0,68.0,0.30860713,186.0,86.0,0.49077058,168.0,86.0,0.58532476,179.0,48.0,0.52926815,155.0,56.0,0.30337387,175.0,17.0,0.37037888,154.0,23.0,0.41670245,172.0,160.0,0.5376948,158.0,159.0,0.68773264,170.0,219.0,0.58775145,139.0,173.0,0.3441747,169.0,275.0,0.71666247,156.0,187.0,0.29050514
guy3_tree164_flipped.jpg,134.0,71.0,0.50807905,134.0,68.0,0.5572218,131.0,68.0,0.5300577,129.0,69.0,0.2461927,119.0,70.0,0.4028837,128.0,86.0,0.6318922,113.0,87.0,0.6049344,141.0,54.0,0.2749252,118.0,49.0,0.3580654,142.0,21.0,0.37066257,122.0,17.0,0.38868135,139.0,156.0,0.62460136,125.0,160.0,0.58614403,162.0,171.0,0.4328656,129.0,218.0,0.5508404,137.0,199.0,0.22058421,130.0,273.0,0.7910348
guy3_tree165.jpg,162.0,71.0,0.4915473,166.0,67.0,0.6208149,161.0,67.0,0.58004737,179.0,69.0,0.50427616,168.0,69.0,0.26202413,186.0,86.0,0.47194952,169.0,86.0,0.66714424,181.0,48.0,0.49650905,156.0,62.0,0.30614892,177.0,17.0,0.26316455,153.0,25.0,0.31011793,172.0,161.0,0.5309261,158.0,160.0,0.6265092,169.0,219.0,0.60170007,139.0,174.0,0.31047162,169.0,275.0,0.71607184,156.0,188.0,0.2859874
guy3_tree165_flipped.jpg,133.0,73.0,0.5127008,134.0,70.0,0.51805794,131.0,69.0,0.45493886,130.0,71.0,0.30317292,119.0,71.0,0.5228919,129.0,87.0,0.54749537,113.0,88.0,0.6614487,142.0,58.0,0.21707736,118.0,49.0,0.4042969,143.0,26.0,0.38279605,121.0,17.0,0.38153997,140.0,156.0,0.6223111,125.0,161.0,0.5347549,162.0,172.0,0.3981804,130.0,218.0,0.6966933,141.0,183.0,0.35633734,129.0,273.0,0.7813235
guy3_tree166.jpg,162.0,72.0,0.6163217,166.0,68.0,0.70772475,161.0,67.0,0.63025594,179.0,69.0,0.39869198,169.0,69.0,0.21763788,187.0,88.0,0.5414114,169.0,87.0,0.7006014,181.0,50.0,0.54249275,156.0,64.0,0.34385657,179.0,18.0,0.26164845,154.0,29.0,0.32735866,172.0,161.0,0.4876525,158.0,160.0,0.5665898,169.0,219.0,0.59792495,139.0,173.0,0.3253523,169.0,275.0,0.7527132,160.0,199.0,0.19359577
guy3_tree166_flipped.jpg,135.0,73.0,0.397955,135.0,69.0,0.41992593,131.0,68.0,0.44072694,131.0,71.0,0.28842753,120.0,71.0,0.5197487,129.0,87.0,0.5037161,115.0,88.0,0.68138754,143.0,59.0,0.1375808,117.0,51.0,0.43074468,146.0,26.0,0.23163678,119.0,18.0,0.45944408,139.0,158.0,0.6242846,126.0,162.0,0.42264664,162.0,172.0,0.34870705,130.0,219.0,0.6686754,141.0,184.0,0.3430561,130.0,274.0,0.77227724
guy3_tree167.jpg,162.0,71.0,0.55914676,166.0,68.0,0.6961919,161.0,67.0,0.6024159,179.0,70.0,0.49093232,169.0,70.0,0.25895175,186.0,88.0,0.58238935,169.0,88.0,0.6704539,182.0,51.0,0.54365575,155.0,64.0,0.3121013,180.0,18.0,0.2695945,151.0,30.0,0.41411802,172.0,161.0,0.49981675,158.0,159.0,0.5295585,169.0,220.0,0.5837166,138.0,173.0,0.37400466,169.0,276.0,0.688961,161.0,199.0,0.17667104
guy3_tree167_flipped.jpg,135.0,73.0,0.45821953,136.0,69.0,0.5132557,131.0,68.0,0.54125106,132.0,72.0,0.27077916,121.0,71.0,0.53928494,130.0,88.0,0.48297322,115.0,89.0,0.69378805,143.0,59.0,0.13659701,117.0,52.0,0.33612344,146.0,28.0,0.2542782,119.0,18.0,0.5159268,140.0,158.0,0.62036633,126.0,162.0,0.43016872,161.0,172.0,0.35201377,131.0,219.0,0.6747278,142.0,181.0,0.34702188,130.0,274.0,0.7525074
guy3_tree168.jpg,161.0,72.0,0.6172894,165.0,68.0,0.7109188,161.0,68.0,0.61274993,179.0,71.0,0.5607244,169.0,70.0,0.24517073,186.0,89.0,0.6415374,169.0,88.0,0.65896195,181.0,52.0,0.50987077,155.0,64.0,0.3365914,180.0,19.0,0.24698134,150.0,29.0,0.38130635,172.0,162.0,0.53201276,158.0,161.0,0.60767174,168.0,219.0,0.5397012,138.0,174.0,0.36204967,169.0,277.0,0.595132,162.0,203.0,0.14862826
guy3_tree168_flipped.jpg,135.0,73.0,0.4754115,135.0,70.0,0.46610254,132.0,69.0,0.5612434,131.0,72.0,0.33705136,122.0,72.0,0.4837433,129.0,89.0,0.50898916,115.0,90.0,0.69232506,143.0,60.0,0.11539087,118.0,54.0,0.2651488,145.0,30.0,0.38057417,118.0,17.0,0.5293094,139.0,159.0,0.50361663,126.0,163.0,0.44147116,161.0,173.0,0.2806598,131.0,220.0,0.631716,143.0,181.0,0.3165116,130.0,275.0,0.72637653
guy3_tree169.jpg,160.0,72.0,0.58233064,164.0,69.0,0.6277711,159.0,69.0,0.4247003,178.0,71.0,0.49371955,168.0,71.0,0.20705086,186.0,90.0,0.6881266,169.0,89.0,0.58001184,182.0,53.0,0.4343188,154.0,67.0,0.38654307,179.0,21.0,0.30243242,149.0,33.0,0.4779601,172.0,163.0,0.5606236,158.0,162.0,0.6671412,168.0,220.0,0.5988972,138.0,174.0,0.39447948,168.0,278.0,0.5612639,154.0,186.0,0.26010966
guy3_tree169_flipped.jpg,136.0,74.0,0.48578203,137.0,70.0,0.45557818,133.0,70.0,0.5371132,133.0,73.0,0.31717545,122.0,72.0,0.47063872,130.0,90.0,0.51642585,115.0,91.0,0.7173562,144.0,58.0,0.10338128,117.0,54.0,0.32821804,146.0,30.0,0.47896886,118.0,18.0,0.52695185,142.0,159.0,0.43194154,126.0,164.0,0.43175524,161.0,173.0,0.33036634,132.0,220.0,0.59074014,143.0,181.0,0.35730624,130.0,275.0,0.7159898
guy3_tree170.jpg,160.0,73.0,0.5752314,164.0,70.0,0.59069633,159.0,70.0,0.3902235,177.0,71.0,0.4983685,168.0,72.0,0.2120254,186.0,90.0,0.7053064,169.0,89.0,0.5920355,182.0,53.0,0.41213068,153.0,67.0,0.3867544,179.0,23.0,0.40990725,148.0,34.0,0.49904847,172.0,164.0,0.5619122,158.0,163.0,0.6874981,168.0,221.0,0.6164707,138.0,174.0,0.41781768,168.0,278.0,0.52337945,154.0,186.0,0.24984549
guy3_tree170_flipped.jpg,136.0,74.0,0.472025,137.0,71.0,0.54949087,133.0,70.0,0.54318607,134.0,74.0,0.27060452,122.0,73.0,0.37611923,131.0,90.0,0.4967438,115.0,91.0,0.68559897,144.0,61.0,0.12788409,117.0,55.0,0.34228304,146.0,30.0,0.5281681,118.0,19.0,0.4339296,141.0,159.0,0.44685313,126.0,164.0,0.4622771,161.0,174.0,0.3336397,132.0,221.0,0.55663544,143.0,182.0,0.3672687,131.0,275.0,0.6554372
guy3_tree171.jpg,160.0,74.0,0.5019876,164.0,70.0,0.38269758,159.0,70.0,0.31812298,177.0,72.0,0.557405,167.0,72.0,0.3194412,185.0,91.0,0.7222067,168.0,90.0,0.59604824,180.0,55.0,0.5060508,153.0,67.0,0.40173715,179.0,23.0,0.46467298,148.0,35.0,0.44449374,172.0,164.0,0.5742837,157.0,163.0,0.67732483,168.0,220.0,0.684808,138.0,174.0,0.40612167,168.0,278.0,0.53792846,156.0,188.0,0.2565184
guy3_tree171_flipped.jpg,137.0,76.0,0.5443214,138.0,72.0,0.6337317,134.0,71.0,0.6275863,134.0,75.0,0.23417155,122.0,74.0,0.28947756,129.0,91.0,0.38045874,115.0,90.0,0.5118077,144.0,63.0,0.21738352,118.0,57.0,0.3574031,147.0,33.0,0.6500119,117.0,21.0,0.39752972,141.0,159.0,0.43017897,126.0,164.0,0.4498113,161.0,174.0,0.33702868,132.0,221.0,0.55513364,141.0,185.0,0.33965802,131.0,276.0,0.6486745
guy3_tree172.jpg,160.0,74.0,0.5020164,164.0,70.0,0.4129685,159.0,70.0,0.3326215,177.0,72.0,0.593024,167.0,73.0,0.3330229,185.0,91.0,0.728692,168.0,90.0,0.5860865,180.0,56.0,0.5416304,154.0,67.0,0.39837614,179.0,23.0,0.5144825,147.0,35.0,0.49259958,172.0,164.0,0.5786815,157.0,163.0,0.67968607,169.0,222.0,0.692259,138.0,174.0,0.45305264,168.0,278.0,0.6927073,155.0,188.0,0.30437845
guy3_tree172_flipped.jpg,137.0,76.0,0.49668324,138.0,72.0,0.5926139,133.0,71.0,0.62827194,136.0,75.0,0.26221284,122.0,74.0,0.3285947,130.0,91.0,0.42993814,116.0,90.0,0.49311298,144.0,64.0,0.23212229,118.0,58.0,0.3928981,148.0,33.0,0.63233876,118.0,21.0,0.4256865,141.0,159.0,0.42560184,126.0,164.0,0.42848176,161.0,174.0,0.3348259,132.0,221.0,0.5044045,143.0,182.0,0.37212628,131.0,277.0,0.5949168
guy3_tree173.jpg,160.0,75.0,0.41581905,164.0,71.0,0.49389517,159.0,71.0,0.3619681,177.0,73.0,0.54127014,166.0,74.0,0.30416447,185.0,91.0,0.52186453,167.0,92.0,0.53311884,180.0,57.0,0.5100551,152.0,66.0,0.4276818,178.0,23.0,0.5069521,147.0,35.0,0.58455884,171.0,165.0,0.56804705,157.0,164.0,0.6626253,168.0,222.0,0.7302272,138.0,174.0,0.47275192,168.0,278.0,0.65119267,155.0,188.0,0.26768354
guy3_tree173_flipped.jpg,137.0,77.0,0.6053719,139.0,73.0,0.5348904,134.0,72.0,0.69598734,136.0,75.0,0.27064002,122.0,74.0,0.3207865,130.0,91.0,0.42632282,116.0,91.0,0.55712616,143.0,63.0,0.19458883,120.0,59.0,0.23340894,148.0,32.0,0.5833271,118.0,22.0,0.43982536,141.0,159.0,0.4260027,126.0,165.0,0.44507432,161.0,175.0,0.33629203,132.0,222.0,0.5649973,142.0,184.0,0.31140637,131.0,277.0,0.55114645
guy3_tree174.jpg,159.0,76.0,0.45829442,163.0,72.0,0.4993567,159.0,71.0,0.37243274,177.0,75.0,0.3958912,167.0,75.0,0.27746952,184.0,92.0,0.6434471,166.0,92.0,0.5395034,181.0,57.0,0.43427,152.0,66.0,0.39513427,178.0,23.0,0.4692623,147.0,36.0,0.58387214,172.0,165.0,0.68588626,157.0,164.0,0.7706746,168.0,223.0,0.74891293,138.0,175.0,0.45515096,167.0,278.0,0.6839285,155.0,188.0,0.24368435
guy3_tree174_flipped.jpg,137.0,77.0,0.5738301,139.0,74.0,0.54150474,134.0,73.0,0.6543984,135.0,76.0,0.3091344,122.0,75.0,0.37896898,130.0,92.0,0.4430579,115.0,92.0,0.64366025,143.0,64.0,0.3070933,120.0,60.0,0.30417666,148.0,34.0,0.5533814,118.0,23.0,0.44912666,142.0,160.0,0.56289315,126.0,166.0,0.42793822,161.0,175.0,0.31384185,132.0,222.0,0.56969404,142.0,186.0,0.35033908,131.0,276.0,0.67539954
guy3_tree175.jpg,159.0,76.0,0.4945904,163.0,73.0,0.54253036,158.0,72.0,0.39836735,176.0,75.0,0.43710876,166.0,74.0,0.26355165,184.0,93.0,0.66435957,165.0,92.0,0.60107756,181.0,57.0,0.5060369,151.0,66.0,0.39175558,178.0,23.0,0.49207172,146.0,35.0,0.4892255,171.0,166.0,0.6969125,156.0,164.0,0.7775505,168.0,223.0,0.78417754,137.0,175.0,0.5574458,167.0,279.0,0.7429062,155.0,187.0,0.28797612
guy3_tree175_flipped.jpg,137.0,77.0,0.5558852,139.0,74.0,0.5103855,134.0,73.0,0.6491512,136.0,76.0,0.3122805,122.0,75.0,0.37523445,131.0,92.0,0.47135103,116.0,92.0,0.649427,145.0,63.0,0.3745742,119.0,59.0,0.33126193,149.0,34.0,0.5791532,118.0,23.0,0.4556852,142.0,161.0,0.6031513,126.0,166.0,0.4164613,162.0,176.0,0.2859895,133.0,223.0,0.5864397,141.0,184.0,0.3343849,131.0,277.0,0.7052808
guy3_tree176.jpg,159.0,77.0,0.5113323,163.0,73.0,0.57135063,158.0,72.0,0.41310534,177.0,75.0,0.44396222,165.0,74.0,0.25820348,183.0,93.0,0.65655756,166.0,92.0,0.58113945,180.0,57.0,0.4978994,152.0,67.0,0.39896834,179.0,23.0,0.46906975,146.0,35.0,0.57899886,171.0,166.0,0.6871442,156.0,164.0,0.76857275,168.0,223.0,0.78709036,137.0,175.0,0.5401248,167.0,279.0,0.73857105,154.0,188.0,0.26395825
guy3_tree176_flipped.jpg,137.0,78.0,0.5492657,139.0,74.0,0.44390208,134.0,73.0,0.6160373,136.0,76.0,0.31401867,122.0,75.0,0.42099157,131.0,93.0,0.4750323,116.0,93.0,0.6651861,145.0,64.0,0.31028008,119.0,60.0,0.38360918,149.0,35.0,0.57792646,118.0,23.0,0.46981958,142.0,161.0,0.61302567,127.0,166.0,0.3061361,162.0,176.0,0.2671037,132.0,223.0,0.577768,141.0,185.0,0.33457643,131.0,277.0,0.60490143
guy3_tree177.jpg,159.0,77.0,0.5193378,163.0,73.0,0.544069,158.0,72.0,0.45484787,176.0,75.0,0.49380824,166.0,74.0,0.2885909,183.0,93.0,0.6791859,165.0,92.0,0.6271048,180.0,56.0,0.50623465,152.0,67.0,0.3995663,179.0,23.0,0.48308948,145.0,35.0,0.57503617,171.0,165.0,0.64848125,156.0,164.0,0.48944524,168.0,223.0,0.79738986,138.0,176.0,0.5213047,167.0,278.0,0.7436023,154.0,188.0,0.25945958
guy3_tree177_flipped.jpg,137.0,78.0,0.53109807,139.0,75.0,0.39855966,134.0,74.0,0.5509881,136.0,76.0,0.34597394,123.0,75.0,0.47198308,131.0,94.0,0.43024868,116.0,94.0,0.6660209,144.0,63.0,0.26112637,119.0,60.0,0.3941296,150.0,35.0,0.5101074,118.0,23.0,0.46588492,142.0,161.0,0.6269126,126.0,167.0,0.41973302,162.0,176.0,0.2669311,132.0,223.0,0.55950093,142.0,185.0,0.34427333,131.0,277.0,0.59789133
guy3_tree178.jpg,159.0,77.0,0.4877116,163.0,73.0,0.5151363,158.0,72.0,0.41449213,176.0,75.0,0.48791477,165.0,74.0,0.28158045,182.0,93.0,0.62195194,165.0,92.0,0.6163746,180.0,57.0,0.53183746,152.0,67.0,0.3998193,178.0,23.0,0.43577072,145.0,35.0,0.5777393,171.0,165.0,0.6307451,156.0,164.0,0.6633158,168.0,223.0,0.7954881,138.0,176.0,0.5348323,167.0,278.0,0.7451875,154.0,188.0,0.26461813
guy3_tree178_flipped.jpg,137.0,79.0,0.5214132,140.0,75.0,0.38018444,135.0,74.0,0.5074543,136.0,77.0,0.3593405,123.0,75.0,0.51125026,130.0,93.0,0.40853894,116.0,93.0,0.65317047,144.0,64.0,0.2349339,119.0,60.0,0.3812044,150.0,35.0,0.48614168,118.0,22.0,0.42478186,142.0,161.0,0.6281086,126.0,167.0,0.41768685,162.0,176.0,0.26166406,133.0,224.0,0.58851683,142.0,185.0,0.33828795,131.0,277.0,0.6204826
guy3_tree179.jpg,159.0,77.0,0.51313734,163.0,73.0,0.50905156,158.0,73.0,0.52949953,176.0,75.0,0.50656986,165.0,74.0,0.28061888,183.0,93.0,0.6290493,165.0,92.0,0.61178344,180.0,57.0,0.5029428,152.0,67.0,0.4132957,178.0,24.0,0.4374991,145.0,35.0,0.5919156,171.0,165.0,0.63037837,155.0,164.0,0.66378224,168.0,223.0,0.7955646,138.0,176.0,0.51587105,167.0,278.0,0.7601391,154.0,188.0,0.28305396
guy3_tree179_flipped.jpg,137.0,78.0,0.54117036,140.0,75.0,0.38256124,135.0,74.0,0.5148537,137.0,77.0,0.3384087,123.0,75.0,0.508088,131.0,93.0,0.4438099,116.0,93.0,0.64004993,145.0,63.0,0.2736524,119.0,60.0,0.43411124,150.0,35.0,0.49171883,119.0,23.0,0.41767848,143.0,161.0,0.63790596,126.0,167.0,0.4243068,162.0,176.0,0.2612362,132.0,224.0,0.5982009,141.0,186.0,0.36434513,131.0,278.0,0.6163552
guy3_tree180.jpg,159.0,77.0,0.5136149,163.0,73.0,0.5125165,158.0,73.0,0.518659,176.0,75.0,0.50387365,165.0,75.0,0.2733522,182.0,93.0,0.6077375,165.0,92.0,0.5931441,180.0,57.0,0.4906438,152.0,67.0,0.4161485,178.0,24.0,0.43388093,146.0,35.0,0.594267,171.0,165.0,0.61205363,156.0,164.0,0.6511729,168.0,223.0,0.78614086,138.0,176.0,0.48984545,167.0,279.0,0.74905705,154.0,188.0,0.27057022
guy3_tree180_flipped.jpg,138.0,79.0,0.53197336,140.0,75.0,0.3705458,135.0,74.0,0.5041998,137.0,76.0,0.3336827,123.0,75.0,0.51338816,130.0,93.0,0.41797587,116.0,93.0,0.6613556,144.0,64.0,0.24484028,119.0,60.0,0.39836112,150.0,36.0,0.49005234,118.0,23.0,0.4907409,142.0,161.0,0.6148299,126.0,166.0,0.44244006,162.0,176.0,0.27133104,133.0,224.0,0.57052135,141.0,186.0,0.36997607,131.0,277.0,0.61988
