guy3_warrior043_flipped.jpg,123.0,155.0,0.6448127,126.0,151.0,0.70375,118.0,151.0,0.64467955,134.0,144.0,0.5761337,112.0,140.0,0.41852796,158.0,137.0,0.58287656,107.0,128.0,0.7356235,190.0,108.0,0.7702431,98.0,100.0,0.8271731,170.0,79.0,0.6367657,130.0,109.0,0.7254382,169.0,132.0,0.37438804,135.0,130.0,0.3046838,191.0,108.0,0.46253845,144.0,192.0,0.36126882,193.0,109.0,0.20951968,149.0,212.0,0.14457248
guy3_warrior044.jpg,174.0,162.0,0.28101346,179.0,158.0,0.48354936,173.0,158.0,0.32087386,186.0,145.0,0.49110016,166.0,149.0,0.45907563,190.0,132.0,0.617599,146.0,143.0,0.24849354,201.0,101.0,0.763507,110.0,110.0,0.18454947,168.0,110.0,0.32531983,167.0,112.0,0.11328717,167.0,131.0,0.22942969,139.0,137.0,0.17705946,153.0,195.0,0.24813755,154.0,195.0,0.20028275,148.0,241.0,0.25368848,148.0,241.0,0.14567529
guy3_warrior045_flipped.jpg,127.0,158.0,0.18773304,130.0,155.0,0.32430044,123.0,153.0,0.2969176,140.0,146.0,0.28918117,118.0,146.0,0.38573784,158.0,137.0,0.31985137,116.0,138.0,0.30570373,190.0,108.0,0.82870436,97.0,101.0,0.7268249,170.0,81.0,0.42111653,122.0,104.0,0.32106823,162.0,129.0,0.13141407,131.0,125.0,0.1539215,191.0,111.0,0.16830489,141.0,177.0,0.22779514,169.0,83.0,0.16232862,153.0,237.0,0.351735
guy3_warrior047.jpg,167.0,163.0,0.36098063,174.0,157.0,0.4117587,164.0,158.0,0.2935799,181.0,149.0,0.43576685,155.0,152.0,0.42039996,183.0,141.0,0.52826333,139.0,139.0,0.36518916,200.0,104.0,0.541927,109.0,108.0,0.15421477,179.0,109.0,0.13462588,132.0,81.0,0.12611389,172.0,140.0,0.14314777,139.0,141.0,0.25029725,156.0,194.0,0.27167684,152.0,193.0,0.27545434,146.0,238.0,0.46238548,132.0,84.0,0.32425764
guy3_warrior048_flipped.jpg,130.0,160.0,0.26046696,134.0,156.0,0.309977,127.0,156.0,0.3251239,144.0,149.0,0.36940125,122.0,150.0,0.30398688,158.0,138.0,0.47607175,119.0,142.0,0.2831748,189.0,108.0,0.795429,100.0,104.0,0.6691638,168.0,81.0,0.33764514,106.0,104.0,0.18303218,161.0,134.0,0.11438111,131.0,129.0,0.19333215,190.0,112.0,0.31664163,143.0,178.0,0.261489,168.0,84.0,0.32607317,152.0,236.0,0.25626844
guy3_warrior049.jpg,171.0,168.0,0.45880666,174.0,162.0,0.46353745,168.0,163.0,0.51427543,178.0,149.0,0.52954566,158.0,155.0,0.47714302,184.0,138.0,0.60527134,143.0,147.0,0.39418402,201.0,105.0,0.6414323,110.0,110.0,0.37358573,177.0,109.0,0.18469925,134.0,85.0,0.25099015,177.0,134.0,0.1969774,141.0,144.0,0.23730588,155.0,197.0,0.24407431,154.0,191.0,0.41270846,148.0,236.0,0.41165075,134.0,87.0,0.23682976
guy3_warrior050_flipped.jpg,130.0,163.0,0.39192006,134.0,160.0,0.6800349,127.0,159.0,0.61212337,144.0,153.0,0.54371834,124.0,149.0,0.37777707,161.0,144.0,0.55255353,116.0,135.0,0.74584305,190.0,110.0,0.90598476,100.0,106.0,0.73534876,169.0,86.0,0.6545518,130.0,111.0,0.3880116,160.0,134.0,0.40895954,135.0,130.0,0.48245767,147.0,168.0,0.15936081,136.0,166.0,0.2631147,169.0,85.0,0.42865062,131.0,111.0,0.14303638
guy3_warrior052_flipped.jpg,134.0,163.0,0.55541337,137.0,162.0,0.6085808,129.0,160.0,0.4154483,146.0,155.0,0.5048057,125.0,148.0,0.38238728,161.0,143.0,0.70540625,118.0,136.0,0.621968,190.0,111.0,0.88524187,99.0,107.0,0.64084584,166.0,89.0,0.52114546,129.0,114.0,0.3862491,152.0,135.0,0.49236044,131.0,133.0,0.52169776,147.0,191.0,0.17735928,136.0,169.0,0.20218755,166.0,88.0,0.25441974,130.0,114.0,0.47636446
guy3_warrior054_flipped.jpg,133.0,165.0,0.54741603,138.0,164.0,0.5448617,129.0,161.0,0.5655642,147.0,156.0,0.47857374,125.0,148.0,0.60843706,161.0,144.0,0.4103746,118.0,138.0,0.7211911,189.0,112.0,0.9176698,98.0,109.0,0.80251575,164.0,92.0,0.539222,127.0,115.0,0.5716918,153.0,136.0,0.5250241,131.0,132.0,0.58247185,144.0,173.0,0.16383933,137.0,171.0,0.20120145,164.0,92.0,0.37345338,127.0,114.0,0.5585177
guy3_warrior058_flipped.jpg,141.0,164.0,0.17156209,146.0,161.0,0.30305886,137.0,164.0,0.3331786,154.0,153.0,0.5134884,131.0,160.0,0.4059285,165.0,144.0,0.512939,118.0,145.0,0.4399067,184.0,111.0,0.7522524,94.0,110.0,0.6842762,159.0,96.0,0.47095004,109.0,123.0,0.28441295,154.0,120.0,0.42131037,123.0,124.0,0.6776869,184.0,114.0,0.5812267,125.0,122.0,0.13991661,157.0,97.0,0.7016338,120.0,119.0,0.29016393
guy3_warrior059.jpg,153.0,171.0,0.21368219,158.0,169.0,0.34870517,150.0,167.0,0.19711672,169.0,161.0,0.366714,146.0,160.0,0.250525,176.0,153.0,0.36505926,135.0,139.0,0.45058465,205.0,113.0,0.38781714,117.0,112.0,0.53614014,191.0,117.0,0.12714276,143.0,97.0,0.10849327,176.0,139.0,0.15690908,148.0,134.0,0.20426641,164.0,194.0,0.19296303,144.0,119.0,0.12973134,147.0,98.0,0.32301724,144.0,98.0,0.669603
guy3_warrior060_flipped.jpg,137.0,171.0,0.4767546,142.0,170.0,0.57790965,133.0,167.0,0.5449598,149.0,165.0,0.42238727,124.0,153.0,0.66072494,161.0,145.0,0.69891614,116.0,144.0,0.67842686,182.0,114.0,0.8172827,93.0,114.0,0.73699445,155.0,96.0,0.6756171,125.0,120.0,0.21014184,152.0,148.0,0.35016257,124.0,148.0,0.46548852,152.0,175.0,0.13582924,134.0,195.0,0.6558217,139.0,206.0,0.15858445,135.0,201.0,0.15521324
guy3_warrior061.jpg,158.0,175.0,0.32886836,162.0,171.0,0.41096446,155.0,171.0,0.3885598,171.0,160.0,0.38358983,150.0,162.0,0.286257,181.0,145.0,0.36709848,139.0,143.0,0.31280282,208.0,111.0,0.5283059,118.0,114.0,0.22343299,189.0,124.0,0.11724925,145.0,97.0,0.18414196,176.0,130.0,0.21816216,143.0,133.0,0.26832935,209.0,114.0,0.35101926,131.0,130.0,0.21363331,152.0,97.0,0.26849902,146.0,98.0,0.57118124
guy3_warrior062.jpg,157.0,176.0,0.28648978,160.0,171.0,0.37014794,154.0,171.0,0.30536634,169.0,162.0,0.37745273,149.0,162.0,0.35790533,180.0,146.0,0.3591425,139.0,144.0,0.41354293,210.0,112.0,0.6183777,118.0,114.0,0.3332116,190.0,126.0,0.1686626,145.0,97.0,0.33067578,178.0,132.0,0.19523421,145.0,133.0,0.2614124,210.0,114.0,0.2693518,131.0,131.0,0.22606544,186.0,129.0,0.10137437,148.0,98.0,0.37002876
guy3_warrior062_flipped.jpg,146.0,176.0,0.30717492,149.0,170.0,0.27171594,143.0,174.0,0.45840725,153.0,155.0,0.34642178,134.0,162.0,0.42661318,162.0,141.0,0.2930917,125.0,163.0,0.3692804,179.0,110.0,0.21624437,132.0,205.0,0.44454354,152.0,95.0,0.15484057,137.0,239.0,0.40528974,154.0,128.0,0.10295558,125.0,132.0,0.1670429,179.0,113.0,0.28824735,129.0,185.0,0.10744196,149.0,97.0,0.5149205,145.0,98.0,0.31010476
guy3_warrior063_flipped.jpg,142.0,176.0,0.54447985,146.0,172.0,0.5219935,136.0,171.0,0.47871172,153.0,158.0,0.50718045,127.0,161.0,0.4668344,163.0,143.0,0.6180395,114.0,145.0,0.6444944,179.0,114.0,0.7921113,89.0,114.0,0.6624416,151.0,96.0,0.514909,119.0,121.0,0.17877424,155.0,142.0,0.1516213,122.0,145.0,0.20827056,145.0,174.0,0.1245173,128.0,177.0,0.39265224,150.0,96.0,0.23363169,130.0,182.0,0.26854002
guy3_warrior067_flipped.jpg,143.0,174.0,0.34772083,148.0,169.0,0.5250993,140.0,172.0,0.47711644,153.0,158.0,0.56414545,130.0,166.0,0.45689043,160.0,140.0,0.76459587,116.0,149.0,0.5426538,175.0,113.0,0.74622667,84.0,115.0,0.58928317,148.0,95.0,0.32579613,113.0,121.0,0.1672968,140.0,137.0,0.31264907,116.0,143.0,0.3835838,140.0,169.0,0.12912889,125.0,202.0,0.47835562,137.0,103.0,0.13732608,115.0,122.0,0.2283027
guy3_warrior068_flipped.jpg,145.0,178.0,0.26843303,150.0,173.0,0.22204778,142.0,177.0,0.26033282,156.0,160.0,0.5385325,132.0,168.0,0.30556673,162.0,143.0,0.4790841,118.0,164.0,0.36270776,176.0,109.0,0.33385414,122.0,208.0,0.5081252,143.0,94.0,0.3524081,130.0,246.0,0.3997258,138.0,112.0,0.35186264,112.0,123.0,0.27324966,176.0,112.0,0.35362032,109.0,138.0,0.107946746,142.0,97.0,0.5169364,101.0,127.0,0.16112345
guy3_warrior069.jpg,154.0,170.0,0.14619485,157.0,171.0,0.26257813,151.0,168.0,0.22816272,168.0,167.0,0.26683477,147.0,159.0,0.32637334,184.0,145.0,0.24313231,142.0,138.0,0.515352,215.0,113.0,0.55687815,123.0,111.0,0.47217447,207.0,120.0,0.1299295,156.0,99.0,0.40979055,187.0,147.0,0.33585814,163.0,143.0,0.26776466,177.0,203.0,0.34510827,175.0,201.0,0.29750606,171.0,247.0,0.28255042,171.0,247.0,0.3728211
guy3_warrior071_flipped.jpg,146.0,176.0,0.5466273,150.0,171.0,0.6592273,141.0,173.0,0.53199697,155.0,158.0,0.52314484,131.0,162.0,0.5876317,160.0,138.0,0.8214538,115.0,152.0,0.380309,177.0,107.0,0.7365477,93.0,122.0,0.39702308,143.0,106.0,0.37378737,80.0,110.0,0.54087234,135.0,133.0,0.4621931,114.0,136.0,0.32321087,166.0,132.0,0.14028117,120.0,189.0,0.49100003,140.0,106.0,0.38376716,122.0,115.0,0.13367112
guy3_warrior072_flipped.jpg,144.0,175.0,0.46630827,148.0,170.0,0.41512638,140.0,171.0,0.4034539,154.0,157.0,0.51335204,131.0,161.0,0.5177267,159.0,140.0,0.5770776,116.0,148.0,0.49925125,174.0,105.0,0.608369,81.0,110.0,0.52331996,138.0,110.0,0.30015278,98.0,128.0,0.15673335,131.0,122.0,0.27280116,114.0,127.0,0.21844399,175.0,106.0,0.18245515,118.0,201.0,0.3512983,137.0,112.0,0.3252004,122.0,120.0,0.17858802
guy3_warrior075_flipped.jpg,147.0,174.0,0.51227057,150.0,170.0,0.42878246,143.0,173.0,0.42341235,157.0,153.0,0.6166396,131.0,161.0,0.55878156,164.0,138.0,0.48677412,111.0,156.0,0.45065144,168.0,100.0,0.7636898,116.0,207.0,0.8595772,139.0,120.0,0.21922995,121.0,250.0,0.58085895,129.0,119.0,0.58480537,103.0,128.0,0.34627783,168.0,102.0,0.29686055,83.0,110.0,0.28653857,133.0,121.0,0.1996853,105.0,134.0,0.26588938
guy3_warrior077.jpg,152.0,167.0,0.2883654,155.0,166.0,0.38247606,149.0,165.0,0.3510679,167.0,157.0,0.4012686,150.0,153.0,0.29181665,189.0,150.0,0.3773572,143.0,138.0,0.54782724,221.0,108.0,0.5255773,133.0,103.0,0.5160737,195.0,112.0,0.35533673,140.0,122.0,0.17627388,197.0,141.0,0.32813495,174.0,139.0,0.1314953,187.0,205.0,0.42906943,176.0,187.0,0.12663876,181.0,252.0,0.55094314,140.0,124.0,0.1198067
guy3_warrior078.jpg,151.0,167.0,0.49727774,153.0,166.0,0.5666512,148.0,165.0,0.48223862,162.0,156.0,0.4143633,149.0,152.0,0.38905284,190.0,146.0,0.5817187,142.0,138.0,0.50433457,222.0,110.0,0.7773332,133.0,104.0,0.43698248,197.0,110.0,0.3030299,141.0,127.0,0.13788861,199.0,137.0,0.53439987,176.0,130.0,0.366539,189.0,203.0,0.3606342,183.0,189.0,0.18802243,183.0,251.0,0.47250912,183.0,251.0,0.15894163
guy3_warrior079.jpg,150.0,166.0,0.42735493,151.0,165.0,0.4211306,146.0,163.0,0.34697065,162.0,157.0,0.4189918,149.0,150.0,0.390025,187.0,147.0,0.44825184,144.0,138.0,0.4689828,225.0,111.0,0.7258472,134.0,106.0,0.42528677,209.0,119.0,0.15479161,133.0,119.0,0.22055596,203.0,134.0,0.5339818,183.0,129.0,0.27857488,190.0,202.0,0.4935926,185.0,190.0,0.23998232,184.0,253.0,0.518103,185.0,252.0,0.15358725
guy3_warrior081.jpg,149.0,165.0,0.47154438,151.0,163.0,0.43282986,146.0,162.0,0.4189334,162.0,154.0,0.45958358,148.0,148.0,0.36268067,189.0,145.0,0.44362313,143.0,137.0,0.51285446,228.0,116.0,0.5443466,134.0,110.0,0.3872868,224.0,118.0,0.36151007,130.0,115.0,0.45820782,203.0,137.0,0.5613829,182.0,132.0,0.27978304,192.0,203.0,0.6451888,187.0,195.0,0.35779414,186.0,254.0,0.7391304,133.0,120.0,0.12178492
guy3_warrior082.jpg,149.0,162.0,0.53689444,152.0,161.0,0.5734444,145.0,159.0,0.5370258,162.0,150.0,0.42380846,146.0,146.0,0.40614128,191.0,142.0,0.46518373,142.0,133.0,0.49150532,224.0,121.0,0.36371967,135.0,114.0,0.25595948,226.0,118.0,0.47305682,128.0,114.0,0.3967585,203.0,136.0,0.3929188,177.0,128.0,0.13929054,193.0,203.0,0.49529308,188.0,197.0,0.35471755,187.0,254.0,0.6018998,187.0,254.0,0.11884827
guy3_warrior082_flipped.jpg,152.0,165.0,0.49756548,157.0,160.0,0.4936128,148.0,160.0,0.5477622,162.0,150.0,0.47616893,137.0,150.0,0.56155,163.0,138.0,0.48188102,109.0,143.0,0.3112744,168.0,108.0,0.7292168,70.0,117.0,0.72722745,168.0,119.0,0.22497545,90.0,126.0,0.24808371,128.0,130.0,0.29129553,99.0,134.0,0.2980313,111.0,201.0,0.11939313,107.0,203.0,0.5396739,114.0,254.0,0.10286752,113.0,255.0,0.62941825
guy3_warrior083.jpg,148.0,161.0,0.5312388,151.0,159.0,0.60172236,144.0,158.0,0.39998275,162.0,148.0,0.5417384,144.0,146.0,0.27383602,189.0,142.0,0.48460576,141.0,137.0,0.35926053,230.0,121.0,0.43364593,131.0,115.0,0.4357171,223.0,121.0,0.24906231,127.0,117.0,0.5490149,210.0,131.0,0.5597955,185.0,132.0,0.17815231,193.0,200.0,0.5827489,188.0,197.0,0.47971207,186.0,253.0,0.5618609,193.0,232.0,0.2043212
guy3_warrior084.jpg,147.0,160.0,0.44457775,149.0,157.0,0.5291447,144.0,157.0,0.46034628,159.0,146.0,0.46119165,147.0,143.0,0.29196665,187.0,140.0,0.5032337,147.0,131.0,0.4878354,208.0,122.0,0.22200446,145.0,114.0,0.10894755,215.0,125.0,0.37141004,128.0,117.0,0.3764085,210.0,134.0,0.42038047,190.0,132.0,0.22593719,194.0,204.0,0.6657171,189.0,193.0,0.30416384,187.0,255.0,0.61939657,188.0,254.0,0.19541779
guy3_warrior085.jpg,145.0,157.0,0.50296676,147.0,154.0,0.52774155,140.0,154.0,0.3903848,159.0,144.0,0.61814713,143.0,143.0,0.32074094,186.0,143.0,0.5347533,151.0,128.0,0.41209036,215.0,130.0,0.11878676,193.0,116.0,0.2943355,220.0,125.0,0.22290045,210.0,110.0,0.29470992,206.0,141.0,0.46798506,192.0,142.0,0.17414872,194.0,202.0,0.53721094,189.0,191.0,0.1822922,189.0,252.0,0.652414,189.0,251.0,0.13637392
guy3_warrior085_flipped.jpg,152.0,157.0,0.52030003,158.0,152.0,0.42192566,149.0,153.0,0.40358454,161.0,144.0,0.3215847,141.0,142.0,0.46320271,159.0,131.0,0.3275242,112.0,142.0,0.22997577,172.0,120.0,0.24823433,68.0,127.0,0.6279744,89.0,111.0,0.18191773,84.0,139.0,0.16898386,109.0,129.0,0.1942356,87.0,134.0,0.24478859,109.0,199.0,0.22720432,104.0,201.0,0.6164487,111.0,252.0,0.2040078,110.0,255.0,0.5999568
guy3_warrior086.jpg,144.0,156.0,0.53439903,146.0,152.0,0.41222432,139.0,152.0,0.4481734,158.0,140.0,0.55169547,143.0,140.0,0.3237133,182.0,140.0,0.45750806,155.0,128.0,0.45874527,212.0,131.0,0.15187357,175.0,124.0,0.119631514,212.0,136.0,0.21563284,204.0,121.0,0.20447354,208.0,139.0,0.45568433,193.0,139.0,0.17118612,196.0,202.0,0.4435469,192.0,194.0,0.29509655,188.0,256.0,0.5232997,189.0,255.0,0.220245
guy3_warrior089.jpg,140.0,151.0,0.46221516,142.0,146.0,0.5509026,134.0,147.0,0.4953132,155.0,133.0,0.6890583,133.0,138.0,0.1569665,182.0,138.0,0.3312245,140.0,132.0,0.3309041,233.0,139.0,0.5571362,118.0,129.0,0.18831217,199.0,159.0,0.52056813,116.0,132.0,0.25285313,217.0,132.0,0.26417303,188.0,132.0,0.23011932,196.0,201.0,0.4851971,194.0,201.0,0.37089226,191.0,255.0,0.5088422,191.0,255.0,0.31961378
guy3_warrior090.jpg,141.0,149.0,0.55164325,143.0,144.0,0.5732911,134.0,145.0,0.38809103,155.0,130.0,0.6926074,134.0,137.0,0.29703775,179.0,136.0,0.3608779,142.0,131.0,0.35886353,229.0,141.0,0.55370176,112.0,131.0,0.5103179,197.0,162.0,0.5124577,130.0,153.0,0.30442405,214.0,144.0,0.31188145,189.0,147.0,0.29607728,198.0,202.0,0.4935999,193.0,203.0,0.43324026,192.0,255.0,0.49494967,192.0,255.0,0.49759328
guy3_warrior090_flipped.jpg,160.0,151.0,0.55940485,166.0,146.0,0.39622313,159.0,145.0,0.40979385,167.0,138.0,0.3504338,147.0,132.0,0.44247183,159.0,135.0,0.3886466,121.0,136.0,0.3871183,188.0,130.0,0.37784263,68.0,141.0,0.69031435,172.0,148.0,0.27540496,101.0,160.0,0.32579374,110.0,145.0,0.21568304,86.0,143.0,0.2898342,105.0,198.0,0.24719223,102.0,201.0,0.72322303,101.0,167.0,0.22784013,108.0,256.0,0.8563073
guy3_warrior091.jpg,138.0,147.0,0.59372866,141.0,142.0,0.47758546,133.0,141.0,0.5328896,153.0,129.0,0.6374916,132.0,131.0,0.28326488,179.0,131.0,0.43169025,135.0,125.0,0.30254775,229.0,142.0,0.59909654,108.0,129.0,0.5693457,194.0,164.0,0.68423057,128.0,154.0,0.25037464,213.0,140.0,0.50236726,187.0,141.0,0.42475936,198.0,201.0,0.4626299,195.0,199.0,0.20948087,192.0,255.0,0.6550288,194.0,253.0,0.36247316
guy3_warrior091_flipped.jpg,161.0,149.0,0.480985,167.0,142.0,0.47403318,159.0,141.0,0.5741139,166.0,131.0,0.49611503,147.0,129.0,0.674942,162.0,122.0,0.42785355,118.0,128.0,0.5890956,194.0,128.0,0.6397383,69.0,140.0,0.84856755,169.0,157.0,0.6150962,104.0,165.0,0.46409118,105.0,129.0,0.6127151,84.0,133.0,0.67925453,103.0,197.0,0.33289984,102.0,198.0,0.66390264,102.0,171.0,0.24914272,108.0,254.0,0.91176975
guy3_warrior092.jpg,135.0,145.0,0.5644274,139.0,139.0,0.7303753,130.0,140.0,0.5059751,153.0,127.0,0.71598303,131.0,130.0,0.33765373,175.0,129.0,0.34489667,135.0,123.0,0.25592032,226.0,141.0,0.37913686,105.0,128.0,0.37158847,191.0,164.0,0.5695851,123.0,156.0,0.38969678,212.0,135.0,0.48238274,187.0,136.0,0.38062257,199.0,199.0,0.3540722,195.0,195.0,0.27108333,193.0,254.0,0.6515672,231.0,109.0,0.329133
guy3_warrior092_flipped.jpg,161.0,145.0,0.6227937,167.0,140.0,0.46607378,159.0,139.0,0.5114447,166.0,129.0,0.6002394,148.0,127.0,0.59761965,163.0,122.0,0.55054575,119.0,127.0,0.63217044,199.0,126.0,0.63498235,72.0,140.0,0.8581967,177.0,156.0,0.6460867,111.0,168.0,0.46721354,111.0,132.0,0.48686638,87.0,134.0,0.58449996,103.0,196.0,0.21364708,101.0,197.0,0.6062321,70.0,107.0,0.5823393,106.0,254.0,0.86009157
guy3_warrior093.jpg,133.0,143.0,0.5061923,137.0,137.0,0.55257964,128.0,137.0,0.48133913,151.0,125.0,0.64283085,128.0,127.0,0.3959356,176.0,125.0,0.49556306,128.0,122.0,0.37517932,220.0,142.0,0.47928682,101.0,125.0,0.48196012,186.0,167.0,0.64611894,118.0,155.0,0.4283211,211.0,133.0,0.543509,186.0,130.0,0.35625783,199.0,199.0,0.63768685,187.0,167.0,0.11071639,193.0,255.0,0.79934853,229.0,110.0,0.565976
guy3_warrior093_flipped.jpg,162.0,144.0,0.6753162,168.0,139.0,0.58783543,162.0,137.0,0.5206554,165.0,128.0,0.47243807,149.0,126.0,0.56484866,161.0,120.0,0.6096123,122.0,126.0,0.55653,201.0,125.0,0.6990064,78.0,140.0,0.8025158,180.0,158.0,0.704604,114.0,170.0,0.41271752,114.0,130.0,0.35476792,90.0,130.0,0.5039575,102.0,196.0,0.2312006,101.0,197.0,0.55963683,106.0,252.0,0.31989482,106.0,254.0,0.62238777
guy3_warrior094.jpg,132.0,141.0,0.6285761,136.0,135.0,0.49833888,128.0,136.0,0.61568046,149.0,121.0,0.55076575,129.0,125.0,0.40392467,177.0,126.0,0.43174994,129.0,118.0,0.36315772,216.0,139.0,0.4773284,95.0,124.0,0.67666614,183.0,168.0,0.48402748,113.0,156.0,0.33297592,209.0,139.0,0.47058192,179.0,134.0,0.40667382,198.0,197.0,0.5411718,193.0,195.0,0.3084099,193.0,257.0,0.7356488,194.0,253.0,0.24461666
guy3_warrior094_flipped.jpg,164.0,142.0,0.48655137,169.0,136.0,0.5771899,163.0,135.0,0.73840594,167.0,124.0,0.5984354,150.0,124.0,0.6793405,166.0,116.0,0.56055176,121.0,123.0,0.68546605,204.0,121.0,0.7739962,80.0,139.0,0.7708126,187.0,155.0,0.74595416,116.0,171.0,0.5868813,117.0,132.0,0.49591798,93.0,132.0,0.66339,101.0,194.0,0.2574882,101.0,197.0,0.51191205,66.0,106.0,0.59958863,105.0,255.0,0.73367095
guy3_warrior095.jpg,131.0,140.0,0.56687003,135.0,133.0,0.7111101,126.0,134.0,0.57697296,148.0,118.0,0.65634096,127.0,122.0,0.51181567,177.0,124.0,0.52801883,126.0,117.0,0.6389146,212.0,136.0,0.70982105,94.0,122.0,0.72368824,182.0,168.0,0.5781815,106.0,156.0,0.56532,207.0,132.0,0.4630607,176.0,125.0,0.32730564,199.0,197.0,0.71030676,195.0,191.0,0.27288005,193.0,256.0,0.7348752,236.0,107.0,0.57963324
guy3_warrior095_flipped.jpg,167.0,140.0,0.4858067,172.0,135.0,0.5727549,166.0,133.0,0.805812,167.0,124.0,0.6115153,152.0,121.0,0.6555398,161.0,116.0,0.65694606,124.0,122.0,0.6864483,204.0,119.0,0.8345373,86.0,136.0,0.848146,192.0,156.0,0.68884176,118.0,169.0,0.54780483,116.0,130.0,0.5007477,91.0,130.0,0.72597206,83.0,116.0,0.4520126,101.0,195.0,0.5620551,62.0,104.0,0.7163434,105.0,255.0,0.86610794
guy3_warrior096.jpg,129.0,139.0,0.74534184,133.0,131.0,0.685771,124.0,132.0,0.7370082,148.0,118.0,0.741246,126.0,120.0,0.39416027,174.0,122.0,0.6616664,126.0,113.0,0.5193237,206.0,133.0,0.7029394,92.0,119.0,0.76878685,175.0,170.0,0.5413406,99.0,151.0,0.57666725,204.0,132.0,0.4899074,176.0,124.0,0.3482907,199.0,195.0,0.7725664,220.0,117.0,0.2981977,193.0,255.0,0.81416416,238.0,108.0,0.74715024
guy3_warrior096_flipped.jpg,169.0,137.0,0.63450235,173.0,132.0,0.5740508,167.0,131.0,0.76931214,169.0,121.0,0.5567305,152.0,119.0,0.780849,166.0,115.0,0.5610757,126.0,119.0,0.7366211,208.0,117.0,0.8499211,92.0,133.0,0.73782194,200.0,153.0,0.61837506,126.0,171.0,0.49812388,118.0,135.0,0.5429647,93.0,134.0,0.6530629,89.0,127.0,0.51398784,100.0,197.0,0.7667709,62.0,106.0,0.7512552,105.0,254.0,0.8374542
guy3_warrior097.jpg,128.0,136.0,0.7481748,131.0,129.0,0.7487899,123.0,131.0,0.5860906,145.0,114.0,0.8494524,126.0,118.0,0.55646795,171.0,121.0,0.5419143,129.0,111.0,0.42029712,200.0,133.0,0.6794362,92.0,118.0,0.82547224,168.0,170.0,0.44779047,92.0,152.0,0.7676886,207.0,131.0,0.54499185,186.0,123.0,0.3929497,199.0,194.0,0.82457024,220.0,118.0,0.37773874,194.0,254.0,0.76794666,240.0,108.0,0.74386585
guy3_warrior097_flipped.jpg,170.0,135.0,0.7361877,175.0,130.0,0.633274,168.0,129.0,0.53183055,169.0,119.0,0.4803377,154.0,117.0,0.75729686,170.0,114.0,0.65667045,128.0,117.0,0.7281111,209.0,116.0,0.78219104,94.0,132.0,0.5074483,206.0,152.0,0.70271564,130.0,169.0,0.5347297,119.0,136.0,0.47584432,95.0,134.0,0.7317298,93.0,129.0,0.48674446,100.0,198.0,0.80484235,58.0,106.0,0.7362938,104.0,255.0,0.8121403
guy3_warrior098.jpg,126.0,136.0,0.7992492,130.0,129.0,0.67848337,121.0,130.0,0.6562105,144.0,115.0,0.7900341,123.0,116.0,0.63050956,174.0,118.0,0.79132384,126.0,115.0,0.5486355,197.0,134.0,0.7871279,89.0,119.0,0.6885213,162.0,169.0,0.6205895,85.0,154.0,0.79221416,207.0,134.0,0.51886725,188.0,126.0,0.5557945,200.0,194.0,0.64151835,221.0,117.0,0.59085023,196.0,251.0,0.7668194,241.0,108.0,0.7987944
guy3_warrior098_flipped.jpg,170.0,134.0,0.61938477,176.0,129.0,0.5071542,169.0,127.0,0.7289082,172.0,118.0,0.5600046,155.0,116.0,0.76711416,169.0,115.0,0.41487148,129.0,117.0,0.5470227,210.0,118.0,0.7460194,101.0,131.0,0.31636757,214.0,150.0,0.5898773,138.0,168.0,0.417909,114.0,133.0,0.5018207,95.0,135.0,0.5906228,98.0,129.0,0.37543342,99.0,196.0,0.69567496,59.0,108.0,0.7613642,104.0,254.0,0.7947264
guy3_warrior099.jpg,126.0,133.0,0.7778355,129.0,126.0,0.8316332,121.0,127.0,0.6537839,143.0,113.0,0.8981575,122.0,114.0,0.57842135,173.0,117.0,0.6138152,126.0,110.0,0.5756953,187.0,134.0,0.64140296,87.0,117.0,0.44424066,154.0,165.0,0.71017206,77.0,150.0,0.5665735,205.0,132.0,0.700279,191.0,123.0,0.5141247,199.0,193.0,0.68129194,219.0,115.0,0.5940778,196.0,251.0,0.822123,243.0,107.0,0.7628091
guy3_warrior099_flipped.jpg,173.0,132.0,0.62972397,177.0,127.0,0.5483446,170.0,126.0,0.6306078,174.0,118.0,0.4235085,156.0,114.0,0.5125629,173.0,113.0,0.43016556,127.0,117.0,0.52211934,213.0,118.0,0.7008258,113.0,133.0,0.40372145,223.0,149.0,0.6281302,147.0,165.0,0.37859192,112.0,130.0,0.5030668,93.0,132.0,0.62320125,100.0,127.0,0.42764157,99.0,196.0,0.6940871,55.0,107.0,0.7041655,103.0,253.0,0.72679514
guy3_warrior100.jpg,126.0,130.0,0.49579734,128.0,124.0,0.7244471,119.0,125.0,0.54614806,142.0,110.0,0.82781184,122.0,112.0,0.2352398,170.0,119.0,0.5687865,127.0,107.0,0.43734643,172.0,131.0,0.29741508,86.0,117.0,0.6558509,143.0,162.0,0.4866147,68.0,146.0,0.5543067,204.0,133.0,0.49823588,183.0,128.0,0.41191727,199.0,193.0,0.58872455,220.0,119.0,0.20092693,196.0,252.0,0.6975535,248.0,110.0,0.5480652
guy3_warrior100_flipped.jpg,173.0,131.0,0.64745545,178.0,126.0,0.4971522,170.0,125.0,0.731188,174.0,115.0,0.6045588,156.0,113.0,0.61245316,172.0,110.0,0.484329,128.0,116.0,0.5260743,214.0,118.0,0.7660806,126.0,132.0,0.34831077,231.0,144.0,0.7975998,155.0,161.0,0.6116115,107.0,131.0,0.5268302,92.0,131.0,0.766562,103.0,188.0,0.36864296,99.0,194.0,0.6097358,57.0,107.0,0.557457,103.0,253.0,0.688558
guy3_warrior101_flipped.jpg,175.0,129.0,0.7166762,180.0,124.0,0.6829087,173.0,123.0,0.6531874,176.0,113.0,0.48674893,158.0,112.0,0.5518676,170.0,109.0,0.42732146,133.0,115.0,0.46840942,217.0,117.0,0.5182915,135.0,130.0,0.38284865,238.0,139.0,0.81483203,165.0,155.0,0.49900475,103.0,132.0,0.5110315,91.0,132.0,0.700881,101.0,190.0,0.48910955,99.0,192.0,0.43946224,102.0,250.0,0.3810825,102.0,251.0,0.44092986
guy3_warrior102_flipped.jpg,175.0,128.0,0.787022,180.0,123.0,0.7580278,174.0,122.0,0.741552,174.0,111.0,0.57444394,160.0,110.0,0.7822106,168.0,108.0,0.5912504,132.0,111.0,0.61695427,217.0,115.0,0.6876328,138.0,125.0,0.34858564,244.0,132.0,0.6221246,172.0,147.0,0.6195395,103.0,132.0,0.6649607,89.0,130.0,0.72418606,101.0,188.0,0.40947655,99.0,190.0,0.34146127,101.0,249.0,0.47174838,102.0,250.0,0.49118474
guy3_warrior103.jpg,120.0,127.0,0.7096126,123.0,121.0,0.7691825,116.0,121.0,0.61642396,138.0,106.0,0.6911804,121.0,109.0,0.44017744,164.0,110.0,0.8049437,126.0,107.0,0.47591168,149.0,122.0,0.2865115,83.0,112.0,0.7057203,120.0,138.0,0.8208646,50.0,123.0,0.6719564,208.0,131.0,0.6299205,194.0,128.0,0.45340103,199.0,189.0,0.7386268,221.0,118.0,0.13097797,197.0,250.0,0.84770083,249.0,108.0,0.59975326
guy3_warrior103_flipped.jpg,177.0,126.0,0.63488364,182.0,122.0,0.52546704,177.0,121.0,0.713451,175.0,111.0,0.4249884,162.0,109.0,0.7087438,168.0,106.0,0.523543,133.0,110.0,0.6515748,214.0,112.0,0.642805,137.0,118.0,0.31928232,249.0,123.0,0.8191749,179.0,140.0,0.68436515,104.0,130.0,0.5903437,89.0,129.0,0.6552135,101.0,186.0,0.34917453,99.0,190.0,0.44407666,101.0,249.0,0.4603868,101.0,250.0,0.51202285
guy3_warrior104.jpg,123.0,124.0,0.5527444,126.0,117.0,0.44685483,118.0,119.0,0.55316484,137.0,105.0,0.8894592,123.0,107.0,0.4663435,164.0,108.0,0.7499231,127.0,107.0,0.691431,157.0,114.0,0.25845754,80.0,108.0,0.68104404,116.0,130.0,0.798268,45.0,119.0,0.638757,208.0,131.0,0.53568614,197.0,129.0,0.4670134,199.0,188.0,0.73607695,227.0,118.0,0.12515278,197.0,249.0,0.8904141,252.0,106.0,0.57595026
guy3_warrior104_flipped.jpg,172.0,125.0,0.43141705,179.0,120.0,0.5958645,173.0,119.0,0.48461992,178.0,112.0,0.4320625,161.0,109.0,0.64520717,172.0,107.0,0.45441142,136.0,108.0,0.579862,217.0,109.0,0.5471059,140.0,113.0,0.17059459,251.0,119.0,0.6072971,183.0,131.0,0.3076517,110.0,131.0,0.59162927,92.0,129.0,0.6571928,101.0,186.0,0.3507426,98.0,189.0,0.356811,101.0,248.0,0.33903182,101.0,249.0,0.41103894
guy3_warrior105.jpg,119.0,120.0,0.47666186,121.0,114.0,0.36394995,115.0,115.0,0.5389384,133.0,104.0,0.7251879,120.0,105.0,0.442968,162.0,108.0,0.6040832,123.0,103.0,0.6752548,145.0,112.0,0.20363437,82.0,106.0,0.8182865,110.0,120.0,0.87544966,41.0,116.0,0.722522,208.0,130.0,0.54119945,200.0,126.0,0.4614502,199.0,186.0,0.6199734,234.0,110.0,0.26130047,197.0,247.0,0.85883117,254.0,106.0,0.62852585
guy3_warrior106.jpg,118.0,118.0,0.39796248,121.0,113.0,0.3714008,114.0,114.0,0.30342802,134.0,105.0,0.5130761,117.0,107.0,0.22501983,163.0,110.0,0.5205202,119.0,106.0,0.42602327,138.0,110.0,0.3341188,79.0,105.0,0.4297938,104.0,113.0,0.4219813,38.0,111.0,0.60956925,206.0,129.0,0.52590024,196.0,124.0,0.47898036,198.0,187.0,0.5342989,236.0,112.0,0.30659813,198.0,249.0,0.7823905,258.0,107.0,0.56367993
guy3_warrior107.jpg,117.0,116.0,0.42589214,121.0,112.0,0.41870022,114.0,113.0,0.3489652,133.0,104.0,0.45711663,118.0,105.0,0.22928604,161.0,110.0,0.47664765,121.0,105.0,0.38690105,136.0,108.0,0.37211838,79.0,104.0,0.30245644,102.0,107.0,0.34889197,37.0,105.0,0.6063659,208.0,127.0,0.56729496,197.0,123.0,0.3793408,199.0,187.0,0.5173839,238.0,110.0,0.3430069,198.0,248.0,0.7195798,258.0,106.0,0.5380819
guy3_warrior108.jpg,117.0,115.0,0.44423482,121.0,111.0,0.38441145,114.0,112.0,0.30354935,132.0,103.0,0.5682591,117.0,103.0,0.22359245,160.0,110.0,0.4327111,119.0,102.0,0.4070879,136.0,107.0,0.354108,77.0,100.0,0.4192779,100.0,105.0,0.4390599,39.0,102.0,0.54702616,207.0,128.0,0.57616633,197.0,124.0,0.43351424,199.0,186.0,0.5784106,236.0,110.0,0.39834854,199.0,249.0,0.77613354,260.0,108.0,0.5318659
guy3_warrior109.jpg,116.0,115.0,0.4558915,120.0,111.0,0.4837796,113.0,111.0,0.38648698,131.0,102.0,0.5707475,116.0,102.0,0.18675926,159.0,109.0,0.47109735,119.0,101.0,0.43674293,134.0,107.0,0.25986847,80.0,101.0,0.2834349,98.0,104.0,0.43689287,41.0,100.0,0.6382059,207.0,127.0,0.60033023,199.0,123.0,0.4520242,200.0,186.0,0.5937332,236.0,109.0,0.27136686,200.0,249.0,0.7509272,262.0,105.0,0.63575685
guy3_warrior110.jpg,116.0,116.0,0.48767942,120.0,112.0,0.59797734,112.0,112.0,0.33267105,131.0,102.0,0.64789784,116.0,102.0,0.25387618,160.0,108.0,0.53463554,119.0,102.0,0.49773872,134.0,106.0,0.15946567,80.0,101.0,0.31879395,98.0,102.0,0.4176212,41.0,100.0,0.6276181,207.0,127.0,0.48603493,198.0,123.0,0.38763404,200.0,186.0,0.68911827,236.0,111.0,0.4029829,200.0,247.0,0.8665911,262.0,108.0,0.6318962
guy3_warrior111.jpg,117.0,116.0,0.5083931,119.0,111.0,0.612787,112.0,112.0,0.39610615,130.0,100.0,0.6049648,117.0,102.0,0.24196455,158.0,106.0,0.6037102,120.0,101.0,0.51368606,131.0,105.0,0.19964094,83.0,101.0,0.28771937,96.0,101.0,0.53686583,40.0,98.0,0.5265814,208.0,127.0,0.48756713,201.0,122.0,0.46072632,200.0,186.0,0.6900568,239.0,110.0,0.36865065,200.0,247.0,0.88510644,266.0,107.0,0.664024
guy3_warrior111_flipped.jpg,180.0,115.0,0.5511116,186.0,110.0,0.47777236,179.0,110.0,0.58537996,183.0,104.0,0.36337772,168.0,101.0,0.5105804,176.0,104.0,0.40455374,142.0,105.0,0.4407642,208.0,102.0,0.31178245,168.0,103.0,0.1605906,259.0,99.0,0.5851338,201.0,100.0,0.27044484,106.0,124.0,0.49619794,94.0,122.0,0.7004627,99.0,185.0,0.47654817,67.0,114.0,0.22908384,99.0,246.0,0.5052408,35.0,104.0,0.33517492
guy3_warrior112.jpg,116.0,115.0,0.4629892,120.0,110.0,0.5556177,111.0,111.0,0.31281447,131.0,100.0,0.5405867,114.0,102.0,0.26467544,159.0,107.0,0.49950272,116.0,102.0,0.4361509,132.0,103.0,0.2275704,84.0,102.0,0.2648982,96.0,99.0,0.44961846,40.0,100.0,0.5781586,208.0,127.0,0.4530406,200.0,122.0,0.40667328,200.0,184.0,0.7208543,240.0,110.0,0.3168274,199.0,245.0,0.8653457,267.0,108.0,0.5825045
guy3_warrior112_flipped.jpg,182.0,113.0,0.4770822,187.0,109.0,0.48277873,181.0,108.0,0.48144445,183.0,103.0,0.26285592,171.0,100.0,0.59053934,177.0,104.0,0.55469656,143.0,106.0,0.5253043,204.0,100.0,0.34234053,168.0,103.0,0.14489153,259.0,99.0,0.48795375,202.0,99.0,0.29270753,107.0,125.0,0.4743471,95.0,122.0,0.64846575,99.0,184.0,0.5373306,64.0,113.0,0.19210838,99.0,245.0,0.5750301,32.0,105.0,0.4233102
guy3_warrior113.jpg,116.0,117.0,0.4896218,119.0,111.0,0.6199535,111.0,112.0,0.37844738,130.0,100.0,0.6088008,115.0,102.0,0.42360267,159.0,104.0,0.6844317,118.0,100.0,0.52607954,131.0,101.0,0.39796868,80.0,102.0,0.2698361,94.0,99.0,0.42545107,39.0,99.0,0.54038274,210.0,128.0,0.679664,202.0,123.0,0.5191462,202.0,185.0,0.756055,240.0,111.0,0.47134432,201.0,244.0,0.86469674,268.0,109.0,0.7316146
guy3_warrior113_flipped.jpg,181.0,114.0,0.4094189,187.0,109.0,0.54120725,180.0,108.0,0.51637053,185.0,102.0,0.24989954,169.0,99.0,0.52067083,177.0,102.0,0.51544535,142.0,105.0,0.47673613,204.0,99.0,0.27522936,170.0,102.0,0.15415272,260.0,98.0,0.43108848,203.0,99.0,0.30834857,108.0,126.0,0.4859748,94.0,123.0,0.64222574,99.0,184.0,0.4978202,57.0,111.0,0.2971434,97.0,245.0,0.51875305,32.0,106.0,0.46913838
guy3_warrior114.jpg,115.0,115.0,0.57391775,117.0,109.0,0.46432453,112.0,111.0,0.5053475,130.0,99.0,0.43482018,116.0,102.0,0.3002594,157.0,105.0,0.5037191,122.0,103.0,0.38119218,130.0,104.0,0.25195265,89.0,99.0,0.19910114,93.0,98.0,0.32938328,43.0,98.0,0.44799945,209.0,127.0,0.5524967,201.0,122.0,0.48296505,201.0,184.0,0.7306305,242.0,112.0,0.4604965,201.0,245.0,0.8571992,269.0,109.0,0.70721436
guy3_warrior114_flipped.jpg,183.0,112.0,0.49109432,188.0,107.0,0.39995053,183.0,107.0,0.4037121,184.0,101.0,0.353609,172.0,99.0,0.5172006,175.0,102.0,0.5308983,143.0,105.0,0.57351255,202.0,100.0,0.27872553,172.0,102.0,0.24096133,260.0,99.0,0.29664358,205.0,97.0,0.27838966,107.0,126.0,0.5054879,94.0,121.0,0.6016345,99.0,184.0,0.6543701,55.0,110.0,0.26331764,97.0,245.0,0.5731671,31.0,106.0,0.41321576
guy3_warrior115.jpg,115.0,113.0,0.5503316,117.0,108.0,0.39118537,112.0,109.0,0.49656272,129.0,98.0,0.46236235,116.0,101.0,0.26743507,156.0,104.0,0.60411143,122.0,102.0,0.39730993,129.0,102.0,0.28793517,88.0,98.0,0.31034786,92.0,97.0,0.4613415,43.0,98.0,0.5070137,210.0,127.0,0.68660474,203.0,122.0,0.53675103,202.0,184.0,0.7328699,242.0,113.0,0.46852267,202.0,243.0,0.8850621,271.0,109.0,0.69087803
guy3_warrior115_flipped.jpg,183.0,112.0,0.54694986,186.0,108.0,0.61731875,182.0,106.0,0.5883299,179.0,99.0,0.5387602,172.0,97.0,0.66612065,169.0,97.0,0.6542702,144.0,103.0,0.71072483,177.0,95.0,0.3077411,171.0,99.0,0.44227043,207.0,97.0,0.45314223,207.0,97.0,0.5202318,101.0,121.0,0.8787428,88.0,123.0,0.86472344,72.0,118.0,0.5422616,95.0,184.0,0.6136602,31.0,105.0,0.4742031,97.0,244.0,0.7283813
guy3_warrior116.jpg,114.0,114.0,0.5752294,116.0,109.0,0.5753981,111.0,110.0,0.6095362,131.0,100.0,0.547037,118.0,101.0,0.33301032,156.0,103.0,0.6019485,127.0,103.0,0.30766204,126.0,100.0,0.45143852,105.0,98.0,0.1785647,90.0,97.0,0.57754755,85.0,96.0,0.25565147,211.0,127.0,0.62076926,204.0,121.0,0.54858464,203.0,184.0,0.7251104,243.0,112.0,0.4247525,203.0,243.0,0.87749827,272.0,109.0,0.62415683
guy3_warrior116_flipped.jpg,182.0,113.0,0.57252485,186.0,108.0,0.5626798,182.0,107.0,0.47220576,179.0,100.0,0.464862,172.0,97.0,0.40472376,171.0,96.0,0.6564013,146.0,102.0,0.72189957,192.0,94.0,0.28897992,174.0,98.0,0.34813926,207.0,96.0,0.5538398,208.0,96.0,0.29038587,102.0,119.0,0.8027316,89.0,123.0,0.79560065,70.0,116.0,0.58220387,95.0,183.0,0.6924973,29.0,105.0,0.5739682,97.0,244.0,0.79145
guy3_warrior117.jpg,114.0,113.0,0.64219177,117.0,108.0,0.51604146,111.0,109.0,0.69345385,131.0,98.0,0.61164653,117.0,100.0,0.4087904,157.0,103.0,0.6577845,125.0,102.0,0.48079228,126.0,101.0,0.39988384,106.0,98.0,0.19401829,88.0,96.0,0.6531619,85.0,95.0,0.3317355,210.0,126.0,0.6639141,202.0,120.0,0.6246032,203.0,183.0,0.6070462,242.0,113.0,0.55685306,203.0,242.0,0.9218058,273.0,109.0,0.6799152
guy3_warrior117_flipped.jpg,183.0,113.0,0.5797023,186.0,108.0,0.49187696,182.0,108.0,0.699026,179.0,100.0,0.6329049,171.0,97.0,0.60017264,171.0,98.0,0.47089332,145.0,102.0,0.72945595,192.0,98.0,0.38123366,173.0,100.0,0.37312257,209.0,97.0,0.4976018,209.0,96.0,0.21459861,101.0,121.0,0.7277379,88.0,124.0,0.83533406,73.0,118.0,0.44034052,94.0,183.0,0.51303124,28.0,106.0,0.38086066,96.0,244.0,0.83334297
guy3_warrior118.jpg,115.0,113.0,0.64921224,118.0,108.0,0.51948833,112.0,108.0,0.6430508,131.0,97.0,0.64827484,117.0,99.0,0.47937998,156.0,102.0,0.6354499,124.0,98.0,0.38794783,122.0,98.0,0.4902901,104.0,95.0,0.28632787,85.0,95.0,0.66907614,82.0,94.0,0.3843345,210.0,127.0,0.70515823,204.0,120.0,0.4866751,203.0,184.0,0.746842,246.0,112.0,0.5641595,204.0,243.0,0.9023938,276.0,110.0,0.74159217
guy3_warrior118_flipped.jpg,182.0,113.0,0.5860398,185.0,109.0,0.63479733,182.0,107.0,0.6484589,178.0,99.0,0.58099914,172.0,96.0,0.5911207,169.0,97.0,0.7053814,145.0,101.0,0.592715,182.0,95.0,0.40858233,175.0,98.0,0.49689353,211.0,96.0,0.4214823,211.0,96.0,0.4147477,100.0,121.0,0.8698751,88.0,124.0,0.82420075,62.0,114.0,0.60276806,95.0,183.0,0.65351844,28.0,106.0,0.4918634,96.0,243.0,0.6315762
guy3_warrior119.jpg,116.0,113.0,0.57724696,118.0,108.0,0.43112674,112.0,109.0,0.4018397,129.0,97.0,0.44897076,118.0,99.0,0.47058487,156.0,103.0,0.55225503,127.0,99.0,0.28774044,122.0,97.0,0.3975167,100.0,95.0,0.28478816,85.0,93.0,0.5576823,83.0,92.0,0.3951746,211.0,127.0,0.65996397,205.0,122.0,0.5646826,203.0,183.0,0.72076863,249.0,112.0,0.44878736,204.0,242.0,0.90745604,278.0,111.0,0.69372505
guy3_warrior119_flipped.jpg,183.0,113.0,0.5952508,186.0,108.0,0.50213724,182.0,108.0,0.6640914,178.0,100.0,0.59300375,171.0,97.0,0.6254602,169.0,100.0,0.5905493,146.0,100.0,0.78139657,184.0,96.0,0.2386044,175.0,97.0,0.61157846,212.0,95.0,0.34014514,211.0,94.0,0.39857972,99.0,121.0,0.812505,88.0,124.0,0.85053086,94.0,179.0,0.3408661,95.0,182.0,0.46406817,25.0,106.0,0.4488552,95.0,243.0,0.51908404
guy3_warrior120.jpg,118.0,114.0,0.58354306,119.0,108.0,0.5385133,113.0,109.0,0.53374237,131.0,98.0,0.503916,119.0,101.0,0.31532896,156.0,103.0,0.46529418,128.0,99.0,0.22092785,121.0,96.0,0.3714711,104.0,94.0,0.28060034,86.0,93.0,0.45539853,84.0,93.0,0.32001942,209.0,128.0,0.53929734,202.0,122.0,0.52464044,203.0,184.0,0.7079694,247.0,112.0,0.4102242,205.0,243.0,0.8747816,277.0,108.0,0.57923144
guy3_warrior120_flipped.jpg,181.0,113.0,0.57491875,185.0,108.0,0.6707491,181.0,107.0,0.6235988,179.0,99.0,0.5732268,171.0,96.0,0.61626816,166.0,100.0,0.51160574,149.0,99.0,0.61409664,183.0,96.0,0.250958,175.0,96.0,0.55023515,210.0,93.0,0.3284212,211.0,92.0,0.41809398,99.0,121.0,0.7323799,89.0,124.0,0.8057326,65.0,117.0,0.4020145,95.0,182.0,0.37430504,28.0,105.0,0.40926623,95.0,243.0,0.5702349
guy3_warrior121.jpg,117.0,114.0,0.571576,119.0,109.0,0.57841897,113.0,109.0,0.56639063,130.0,98.0,0.51968974,119.0,102.0,0.35689405,156.0,103.0,0.5692253,129.0,99.0,0.2125165,121.0,96.0,0.50695634,101.0,96.0,0.3465419,86.0,92.0,0.62767863,83.0,92.0,0.3763548,212.0,127.0,0.65321624,204.0,122.0,0.3833887,204.0,184.0,0.74635,246.0,115.0,0.3696746,205.0,241.0,0.86369836,278.0,108.0,0.46326655
guy3_warrior121_flipped.jpg,182.0,114.0,0.6571709,185.0,108.0,0.53787833,181.0,108.0,0.7275815,176.0,99.0,0.62861705,171.0,97.0,0.7068912,167.0,98.0,0.7337482,147.0,99.0,0.79247963,180.0,97.0,0.22158077,172.0,98.0,0.62868834,209.0,95.0,0.35131127,208.0,94.0,0.60334796,99.0,121.0,0.79360604,89.0,124.0,0.90806186,61.0,116.0,0.585602,94.0,182.0,0.4309425,29.0,105.0,0.47152206,94.0,243.0,0.7380589
guy3_warrior122.jpg,117.0,114.0,0.52743226,118.0,109.0,0.53902453,113.0,109.0,0.53050745,130.0,98.0,0.47867617,119.0,102.0,0.3544101,155.0,105.0,0.5277091,126.0,101.0,0.32976422,121.0,96.0,0.47905174,100.0,97.0,0.3607013,84.0,91.0,0.5128765,80.0,91.0,0.38557106,213.0,127.0,0.6031281,206.0,123.0,0.42023635,204.0,183.0,0.5123259,248.0,115.0,0.36403927,205.0,241.0,0.83224404,279.0,110.0,0.5569994
guy3_warrior122_flipped.jpg,182.0,114.0,0.54471,185.0,110.0,0.57578665,182.0,109.0,0.552477,178.0,100.0,0.54554886,171.0,98.0,0.6399492,168.0,100.0,0.44669053,149.0,99.0,0.70831037,188.0,103.0,0.12979725,174.0,97.0,0.54542506,209.0,94.0,0.25985986,210.0,93.0,0.47099054,100.0,123.0,0.70844674,89.0,124.0,0.74075186,95.0,180.0,0.3981184,94.0,182.0,0.26387337,93.0,243.0,0.32394254,94.0,243.0,0.39496917
guy3_warrior123.jpg,117.0,116.0,0.48948956,118.0,110.0,0.52395475,113.0,112.0,0.5111327,130.0,100.0,0.58523166,119.0,102.0,0.39657363,154.0,104.0,0.5457206,129.0,103.0,0.27627993,120.0,96.0,0.5718487,100.0,97.0,0.2913005,83.0,91.0,0.7099201,80.0,91.0,0.36216074,212.0,127.0,0.6278323,206.0,123.0,0.444055,204.0,184.0,0.7158593,245.0,116.0,0.43848908,206.0,242.0,0.8722497,280.0,110.0,0.61667943
guy3_warrior123_flipped.jpg,182.0,115.0,0.6341202,185.0,110.0,0.4940637,182.0,110.0,0.56506765,178.0,100.0,0.5860162,173.0,99.0,0.54348505,167.0,98.0,0.6982289,151.0,98.0,0.60961854,189.0,95.0,0.34647292,174.0,96.0,0.5206033,211.0,91.0,0.3670637,212.0,91.0,0.5496913,97.0,122.0,0.69630885,90.0,125.0,0.82160187,54.0,116.0,0.47821337,93.0,183.0,0.4924185,24.0,108.0,0.47860554,94.0,242.0,0.5064329
guy3_warrior124.jpg,117.0,115.0,0.5054898,118.0,110.0,0.49511063,113.0,111.0,0.5506569,130.0,100.0,0.5768343,120.0,102.0,0.4269495,152.0,104.0,0.42362717,129.0,103.0,0.28583306,116.0,96.0,0.52528715,96.0,101.0,0.26912582,85.0,90.0,0.59059596,55.0,95.0,0.49648398,211.0,128.0,0.5796436,208.0,123.0,0.43746096,203.0,184.0,0.6990583,245.0,116.0,0.4417077,206.0,242.0,0.8712195,282.0,113.0,0.56705093
guy3_warrior124_flipped.jpg,181.0,114.0,0.64032656,184.0,110.0,0.71657944,182.0,109.0,0.6597397,177.0,98.0,0.51105154,172.0,96.0,0.5693977,167.0,97.0,0.71146715,151.0,96.0,0.70275676,192.0,95.0,0.3269852,175.0,95.0,0.5842849,212.0,90.0,0.42977044,212.0,89.0,0.54635835,98.0,123.0,0.59103525,90.0,125.0,0.8606928,50.0,114.0,0.6058663,94.0,184.0,0.6164504,22.0,108.0,0.44873232,93.0,243.0,0.571735
guy3_warrior125.jpg,117.0,117.0,0.44271597,118.0,111.0,0.447806,114.0,112.0,0.49557915,129.0,102.0,0.59968853,119.0,103.0,0.49454856,151.0,104.0,0.49032214,131.0,104.0,0.27910218,116.0,95.0,0.48894966,91.0,101.0,0.4537743,85.0,87.0,0.6352002,54.0,95.0,0.6462467,210.0,128.0,0.60401547,208.0,122.0,0.5357212,204.0,185.0,0.7197667,245.0,116.0,0.4382848,206.0,242.0,0.91249835,282.0,112.0,0.58104885
guy3_warrior125_flipped.jpg,181.0,115.0,0.6445196,184.0,111.0,0.6686538,182.0,110.0,0.62715757,177.0,99.0,0.6102498,173.0,98.0,0.6218585,168.0,98.0,0.7344184,152.0,99.0,0.6900021,196.0,99.0,0.49866575,177.0,96.0,0.67607176,215.0,92.0,0.4138654,212.0,87.0,0.64847445,96.0,122.0,0.77094716,89.0,126.0,0.6386648,55.0,116.0,0.65076673,93.0,186.0,0.73428583,21.0,108.0,0.3651854,93.0,244.0,0.69762427
guy3_warrior126.jpg,116.0,117.0,0.45984492,117.0,113.0,0.45765468,113.0,114.0,0.5129513,127.0,102.0,0.5769826,119.0,104.0,0.5066571,151.0,103.0,0.4665879,130.0,107.0,0.38049552,116.0,95.0,0.50050294,92.0,103.0,0.41686016,84.0,85.0,0.54685676,54.0,96.0,0.74040675,211.0,128.0,0.57901263,208.0,124.0,0.52718806,204.0,185.0,0.7245754,247.0,117.0,0.42331138,206.0,244.0,0.85872126,283.0,112.0,0.5915748
guy3_warrior126_flipped.jpg,180.0,116.0,0.54629517,185.0,112.0,0.45864588,182.0,111.0,0.44477618,181.0,104.0,0.44513083,172.0,102.0,0.3904708,171.0,103.0,0.5778733,147.0,103.0,0.49185306,199.0,102.0,0.40762326,178.0,97.0,0.5339185,239.0,96.0,0.30080816,214.0,86.0,0.43543708,101.0,125.0,0.50608385,89.0,122.0,0.6119293,96.0,183.0,0.48691234,44.0,116.0,0.2002338,93.0,242.0,0.4186251,16.0,111.0,0.3294742
guy3_warrior127.jpg,117.0,117.0,0.47682205,117.0,113.0,0.50052524,112.0,113.0,0.4571703,130.0,103.0,0.56000364,119.0,103.0,0.34959617,153.0,106.0,0.5159294,131.0,107.0,0.4088758,122.0,97.0,0.43823797,92.0,103.0,0.35562652,86.0,86.0,0.70372534,53.0,95.0,0.5616782,211.0,129.0,0.5590764,208.0,125.0,0.52564335,204.0,186.0,0.70279413,248.0,117.0,0.42219308,206.0,244.0,0.8507918,286.0,112.0,0.50690794
guy3_warrior127_flipped.jpg,183.0,115.0,0.5141674,188.0,112.0,0.57989264,185.0,110.0,0.59344876,181.0,104.0,0.395641,174.0,101.0,0.5117314,171.0,104.0,0.64703965,148.0,103.0,0.5092552,202.0,104.0,0.44128925,178.0,97.0,0.52307874,243.0,97.0,0.5035286,213.0,84.0,0.32992724,101.0,125.0,0.5021211,90.0,123.0,0.6489079,96.0,184.0,0.47984776,44.0,116.0,0.176237,93.0,243.0,0.40058535,15.0,108.0,0.39776683
guy3_warrior128.jpg,116.0,118.0,0.6038004,116.0,114.0,0.57419693,112.0,114.0,0.48697546,128.0,105.0,0.58905137,119.0,106.0,0.51588416,154.0,107.0,0.53026056,130.0,107.0,0.4241143,121.0,98.0,0.3117313,92.0,100.0,0.29582214,84.0,85.0,0.48786607,52.0,95.0,0.5169523,211.0,129.0,0.5719671,207.0,123.0,0.4952487,204.0,185.0,0.69828546,248.0,117.0,0.3929526,205.0,245.0,0.794561,282.0,113.0,0.529477
guy3_warrior128_flipped.jpg,182.0,118.0,0.5430345,186.0,114.0,0.5479982,183.0,112.0,0.4939687,180.0,106.0,0.4257429,173.0,102.0,0.3902581,168.0,104.0,0.5829414,143.0,106.0,0.6150368,200.0,102.0,0.43432552,177.0,98.0,0.5180304,239.0,97.0,0.33142754,213.0,85.0,0.27580678,99.0,124.0,0.5804323,91.0,127.0,0.5329359,63.0,122.0,0.33303016,96.0,186.0,0.39989978,17.0,110.0,0.30338582,93.0,244.0,0.38047567
guy3_warrior129.jpg,113.0,118.0,0.58244085,114.0,113.0,0.58969414,110.0,114.0,0.6777619,125.0,104.0,0.49837914,116.0,106.0,0.3772006,150.0,107.0,0.4802777,127.0,108.0,0.37127453,109.0,95.0,0.1811795,92.0,102.0,0.40281639,80.0,81.0,0.4261686,53.0,96.0,0.5103006,211.0,129.0,0.5375275,208.0,122.0,0.45606405,204.0,186.0,0.66489935,248.0,117.0,0.4082405,205.0,245.0,0.78886604,285.0,115.0,0.55700624
guy3_warrior129_flipped.jpg,181.0,119.0,0.49570283,186.0,114.0,0.53010595,183.0,114.0,0.5368383,179.0,107.0,0.25458398,174.0,104.0,0.43327063,165.0,106.0,0.54473567,146.0,106.0,0.41966164,199.0,103.0,0.36694512,177.0,99.0,0.5651274,242.0,97.0,0.382107,218.0,82.0,0.34565905,98.0,126.0,0.4481068,92.0,126.0,0.43711543,63.0,121.0,0.29018593,42.0,115.0,0.1459694,94.0,243.0,0.36653996,14.0,112.0,0.32885006
guy3_warrior130.jpg,114.0,121.0,0.5707367,114.0,116.0,0.6493111,111.0,116.0,0.6090033,126.0,106.0,0.54334295,118.0,107.0,0.4629112,151.0,109.0,0.48527756,131.0,108.0,0.3310979,115.0,99.0,0.36185348,92.0,103.0,0.43509367,83.0,85.0,0.5775288,53.0,96.0,0.528005,209.0,130.0,0.44545004,206.0,123.0,0.45528728,203.0,186.0,0.60688996,246.0,119.0,0.2962064,204.0,245.0,0.8366891,284.0,117.0,0.53074074
guy3_warrior130_flipped.jpg,182.0,120.0,0.6374968,186.0,115.0,0.6194066,184.0,114.0,0.64845335,178.0,105.0,0.45523414,175.0,103.0,0.48304114,165.0,109.0,0.5485797,149.0,104.0,0.64206266,197.0,101.0,0.36324134,179.0,99.0,0.53266954,228.0,101.0,0.2885426,217.0,84.0,0.47028366,97.0,128.0,0.7017761,93.0,131.0,0.7650484,51.0,119.0,0.651323,95.0,189.0,0.6223197,19.0,111.0,0.3921683,94.0,247.0,0.5498924
guy3_warrior131.jpg,112.0,121.0,0.5151869,113.0,116.0,0.5527915,109.0,116.0,0.58061373,126.0,106.0,0.6060623,116.0,107.0,0.34961388,151.0,111.0,0.35195524,131.0,109.0,0.28486326,114.0,99.0,0.23524857,92.0,104.0,0.33877102,80.0,82.0,0.5367416,52.0,98.0,0.5768173,209.0,130.0,0.40448916,206.0,124.0,0.4532644,203.0,186.0,0.5404347,247.0,120.0,0.36351943,204.0,245.0,0.8275921,282.0,118.0,0.49784756
guy3_warrior131_flipped.jpg,182.0,121.0,0.62782055,185.0,117.0,0.56454194,184.0,116.0,0.6471282,178.0,106.0,0.4777739,175.0,105.0,0.54463154,163.0,107.0,0.72337174,152.0,106.0,0.4016369,187.0,102.0,0.25356364,180.0,101.0,0.61942345,214.0,90.0,0.21420752,217.0,86.0,0.5701663,95.0,127.0,0.8221961,93.0,132.0,0.7289374,52.0,120.0,0.705149,95.0,189.0,0.79515076,18.0,113.0,0.5584738,94.0,247.0,0.7855343
guy3_warrior132.jpg,112.0,122.0,0.5354902,113.0,117.0,0.5146127,110.0,118.0,0.570153,125.0,108.0,0.6005566,117.0,108.0,0.44903198,150.0,111.0,0.36916676,131.0,111.0,0.4012108,115.0,100.0,0.35796043,92.0,106.0,0.43897292,80.0,84.0,0.6238799,53.0,100.0,0.55056775,210.0,133.0,0.4840248,208.0,126.0,0.49840465,202.0,187.0,0.49857932,248.0,120.0,0.520966,204.0,245.0,0.8261938,286.0,119.0,0.38020903
guy3_warrior132_flipped.jpg,187.0,120.0,0.51099336,190.0,117.0,0.517865,187.0,115.0,0.5936593,183.0,110.0,0.40209517,177.0,107.0,0.35304156,168.0,109.0,0.5786731,154.0,109.0,0.43535933,195.0,104.0,0.40808356,182.0,102.0,0.44441757,241.0,97.0,0.24348734,220.0,86.0,0.34203804,100.0,130.0,0.41439363,96.0,133.0,0.5006481,60.0,124.0,0.368339,98.0,188.0,0.25983825,95.0,244.0,0.40213883,18.0,116.0,0.26841977
guy3_warrior133.jpg,113.0,122.0,0.46686733,112.0,118.0,0.4881484,108.0,118.0,0.56112766,124.0,108.0,0.51035,116.0,110.0,0.3490156,150.0,111.0,0.4320219,128.0,110.0,0.44270408,119.0,104.0,0.272655,91.0,106.0,0.36686006,79.0,84.0,0.60482514,52.0,100.0,0.6227087,210.0,134.0,0.5210646,206.0,127.0,0.5005082,202.0,189.0,0.695943,249.0,121.0,0.56605464,204.0,246.0,0.8759249,284.0,118.0,0.48085156
guy3_warrior133_flipped.jpg,187.0,120.0,0.4227847,190.0,117.0,0.42078912,188.0,116.0,0.6341846,183.0,109.0,0.40705127,178.0,107.0,0.42654216,168.0,109.0,0.57559586,154.0,109.0,0.37093884,197.0,106.0,0.32603392,182.0,103.0,0.51178604,242.0,99.0,0.23996557,220.0,86.0,0.45321724,100.0,130.0,0.42548764,97.0,135.0,0.3996147,59.0,123.0,0.3927827,99.0,190.0,0.409068,20.0,116.0,0.36194724,95.0,246.0,0.30916557
guy3_warrior134.jpg,112.0,123.0,0.5849042,111.0,117.0,0.5561718,108.0,118.0,0.6152319,124.0,109.0,0.63788223,117.0,111.0,0.5391116,151.0,113.0,0.58277583,126.0,116.0,0.55673665,116.0,103.0,0.43127558,87.0,108.0,0.39413565,79.0,85.0,0.6914493,49.0,102.0,0.7019429,209.0,134.0,0.6421558,204.0,130.0,0.42983463,202.0,189.0,0.68115604,245.0,124.0,0.4578101,203.0,248.0,0.8932485,283.0,119.0,0.5255547
guy3_warrior134_flipped.jpg,189.0,121.0,0.570054,192.0,116.0,0.4613103,190.0,117.0,0.57465065,184.0,110.0,0.4402904,180.0,108.0,0.46891418,172.0,110.0,0.55200094,155.0,110.0,0.44686943,205.0,108.0,0.37737232,183.0,104.0,0.43474796,246.0,103.0,0.43269688,221.0,87.0,0.5589433,100.0,128.0,0.5740541,98.0,135.0,0.42023194,57.0,123.0,0.5670972,98.0,190.0,0.4493297,20.0,116.0,0.42671907,95.0,247.0,0.45372942
guy3_warrior135.jpg,111.0,125.0,0.57422256,112.0,119.0,0.5738823,108.0,120.0,0.60380924,123.0,110.0,0.6678969,114.0,113.0,0.490654,151.0,114.0,0.5294624,125.0,118.0,0.42081654,117.0,104.0,0.5440221,87.0,110.0,0.4375767,78.0,86.0,0.58961105,49.0,103.0,0.5387583,209.0,136.0,0.5767778,203.0,132.0,0.46304238,201.0,190.0,0.6875553,243.0,125.0,0.5137813,202.0,248.0,0.8638645,284.0,122.0,0.52037734
guy3_warrior135_flipped.jpg,189.0,122.0,0.59962213,192.0,118.0,0.5935981,190.0,117.0,0.60238516,183.0,112.0,0.44261608,179.0,109.0,0.5284928,173.0,112.0,0.5088496,154.0,110.0,0.50368,205.0,109.0,0.3827291,183.0,104.0,0.6358335,245.0,103.0,0.43328533,221.0,88.0,0.68759245,100.0,130.0,0.42731565,97.0,135.0,0.45120662,54.0,124.0,0.4398132,100.0,191.0,0.37949112,95.0,246.0,0.35594937,96.0,248.0,0.3708516
guy3_warrior136.jpg,111.0,126.0,0.5718948,112.0,121.0,0.5894944,108.0,122.0,0.6288719,124.0,112.0,0.7442413,116.0,113.0,0.61518145,150.0,114.0,0.6175424,126.0,118.0,0.46242192,113.0,104.0,0.48753884,89.0,112.0,0.44480744,77.0,86.0,0.83071345,51.0,103.0,0.65992844,208.0,138.0,0.5093498,204.0,132.0,0.56685257,200.0,192.0,0.6592413,244.0,125.0,0.52004,202.0,249.0,0.8457072,282.0,122.0,0.5470793
guy3_warrior136_flipped.jpg,187.0,123.0,0.6074034,191.0,120.0,0.6078104,189.0,119.0,0.5546647,183.0,112.0,0.3617142,178.0,111.0,0.42796364,173.0,114.0,0.6441974,154.0,112.0,0.46120834,205.0,110.0,0.40314132,184.0,105.0,0.45342922,245.0,103.0,0.4354881,222.0,88.0,0.6454597,103.0,131.0,0.45047456,98.0,136.0,0.45134556,59.0,127.0,0.30867115,100.0,191.0,0.31240416,96.0,246.0,0.33019677,97.0,248.0,0.402626
guy3_warrior137.jpg,110.0,128.0,0.61912584,110.0,123.0,0.5636847,106.0,124.0,0.66979104,121.0,115.0,0.52618927,114.0,116.0,0.37041646,144.0,116.0,0.46402773,126.0,121.0,0.45520058,111.0,104.0,0.45453447,88.0,113.0,0.38193482,77.0,87.0,0.70043755,52.0,104.0,0.52895004,205.0,138.0,0.45780087,203.0,132.0,0.3881283,199.0,192.0,0.54359984,243.0,125.0,0.45342767,201.0,251.0,0.7661692,282.0,123.0,0.5437058
guy3_warrior137_flipped.jpg,189.0,126.0,0.69062734,191.0,121.0,0.6108105,190.0,120.0,0.45132893,182.0,111.0,0.5540954,180.0,111.0,0.45017818,169.0,115.0,0.63072264,157.0,111.0,0.70677173,198.0,105.0,0.5054494,188.0,105.0,0.67691994,214.0,100.0,0.19802581,223.0,89.0,0.54532725,100.0,130.0,0.6923447,95.0,134.0,0.8467406,51.0,125.0,0.72095096,100.0,189.0,0.402734,18.0,118.0,0.48528567,98.0,250.0,0.6161437
guy3_warrior138.jpg,110.0,130.0,0.59310365,109.0,125.0,0.6384567,105.0,127.0,0.5748836,119.0,115.0,0.64847547,112.0,119.0,0.5155992,139.0,116.0,0.47251686,125.0,123.0,0.49181303,105.0,103.0,0.37052956,87.0,112.0,0.36528742,75.0,87.0,0.5555684,52.0,105.0,0.5133546,204.0,138.0,0.6378891,202.0,134.0,0.5358535,198.0,194.0,0.70007825,242.0,128.0,0.4259544,201.0,251.0,0.78853035,282.0,124.0,0.64150137
guy3_warrior138_flipped.jpg,188.0,128.0,0.6549994,192.0,124.0,0.65785384,190.0,123.0,0.653159,186.0,115.0,0.54333365,182.0,113.0,0.5504757,175.0,116.0,0.68005204,161.0,112.0,0.5159013,208.0,110.0,0.5168748,188.0,107.0,0.30923182,244.0,106.0,0.4168426,226.0,89.0,0.5068939,104.0,132.0,0.5215983,98.0,137.0,0.5618644,60.0,129.0,0.3930855,102.0,193.0,0.3894291,21.0,122.0,0.25677168,98.0,250.0,0.36838856
guy3_warrior139.jpg,109.0,131.0,0.4699646,109.0,126.0,0.4930069,106.0,127.0,0.61415994,119.0,116.0,0.47686976,112.0,120.0,0.40097952,139.0,119.0,0.5735229,122.0,126.0,0.5983188,102.0,104.0,0.34894168,85.0,113.0,0.3939745,71.0,86.0,0.6058917,51.0,106.0,0.50434613,203.0,139.0,0.64093655,201.0,134.0,0.41184133,198.0,195.0,0.6223478,242.0,130.0,0.46772814,199.0,251.0,0.78966326,280.0,126.0,0.62047786
guy3_warrior139_flipped.jpg,188.0,129.0,0.6120515,193.0,125.0,0.7148329,191.0,125.0,0.63259065,186.0,116.0,0.53210825,182.0,113.0,0.5723518,175.0,117.0,0.55644506,161.0,114.0,0.6183163,208.0,113.0,0.4730137,200.0,104.0,0.36760297,246.0,108.0,0.4557645,223.0,90.0,0.7381307,105.0,132.0,0.56790674,99.0,138.0,0.58961594,59.0,130.0,0.42441186,103.0,195.0,0.5754967,19.0,124.0,0.39445043,99.0,251.0,0.50984776
guy3_warrior140.jpg,110.0,132.0,0.5247412,109.0,127.0,0.4338629,105.0,130.0,0.6351045,117.0,118.0,0.6053201,110.0,123.0,0.4711661,137.0,119.0,0.5523189,122.0,124.0,0.48390967,100.0,106.0,0.1990639,84.0,114.0,0.36646503,73.0,89.0,0.45084715,51.0,108.0,0.5916336,200.0,141.0,0.54250365,200.0,136.0,0.42001083,197.0,196.0,0.46694708,241.0,131.0,0.41344962,198.0,253.0,0.6786487,280.0,127.0,0.43399525
guy3_warrior140_flipped.jpg,189.0,130.0,0.55153567,193.0,126.0,0.5483829,191.0,126.0,0.5575615,187.0,116.0,0.41266617,183.0,114.0,0.36265963,175.0,116.0,0.57369554,159.0,115.0,0.44661695,206.0,112.0,0.48077917,195.0,107.0,0.28044236,244.0,109.0,0.3863264,226.0,91.0,0.5841701,104.0,133.0,0.56075925,100.0,139.0,0.41458467,61.0,133.0,0.4523408,103.0,196.0,0.62965536,24.0,125.0,0.33908924,99.0,251.0,0.6070544
guy3_warrior141.jpg,110.0,133.0,0.5807123,109.0,129.0,0.6123515,106.0,130.0,0.60684156,116.0,119.0,0.55835545,110.0,122.0,0.4873229,135.0,119.0,0.5106189,118.0,129.0,0.4696098,105.0,109.0,0.2820609,85.0,134.0,0.4186374,77.0,94.0,0.6981156,53.0,147.0,0.67345065,198.0,142.0,0.45029593,197.0,137.0,0.48119876,196.0,197.0,0.40629676,242.0,130.0,0.49745983,197.0,254.0,0.70615745,279.0,129.0,0.44057304
guy3_warrior141_flipped.jpg,189.0,132.0,0.5122458,193.0,128.0,0.6491265,191.0,126.0,0.35811043,188.0,119.0,0.45050508,183.0,116.0,0.45345193,179.0,125.0,0.5690404,161.0,115.0,0.48784757,210.0,135.0,0.5708775,189.0,113.0,0.3451377,248.0,146.0,0.5835726,221.0,96.0,0.74297225,106.0,135.0,0.52809274,101.0,141.0,0.57318866,64.0,134.0,0.48242515,104.0,197.0,0.56794,26.0,127.0,0.37394342,99.0,253.0,0.68462294
guy3_warrior142.jpg,109.0,135.0,0.53827995,108.0,130.0,0.54058725,105.0,130.0,0.5706171,115.0,120.0,0.6324886,109.0,124.0,0.5171008,135.0,119.0,0.5339062,121.0,129.0,0.47965014,102.0,111.0,0.27289492,85.0,136.0,0.4175494,73.0,94.0,0.60188395,53.0,147.0,0.6998017,198.0,144.0,0.4039913,198.0,140.0,0.43061018,194.0,198.0,0.5412208,242.0,132.0,0.44414553,196.0,255.0,0.6679505,278.0,130.0,0.4311294
guy3_warrior142_flipped.jpg,189.0,132.0,0.51115525,193.0,129.0,0.6310363,191.0,127.0,0.34237877,188.0,121.0,0.47029492,183.0,116.0,0.40769932,181.0,125.0,0.5664186,162.0,116.0,0.53103435,210.0,136.0,0.5609808,192.0,113.0,0.4208699,249.0,147.0,0.57355165,222.0,97.0,0.6072549,107.0,137.0,0.58460116,99.0,141.0,0.53366244,84.0,140.0,0.2335259,104.0,197.0,0.45963663,23.0,128.0,0.3285923,100.0,254.0,0.76129055
guy3_warrior143.jpg,109.0,133.0,0.5181447,108.0,128.0,0.46658874,105.0,130.0,0.58847404,115.0,118.0,0.5017889,111.0,122.0,0.42339236,134.0,121.0,0.43545803,122.0,124.0,0.45262846,100.0,111.0,0.23985669,86.0,117.0,0.31496415,70.0,96.0,0.6752397,54.0,111.0,0.35562676,198.0,147.0,0.56370515,197.0,140.0,0.47502807,193.0,200.0,0.63159096,241.0,134.0,0.39549297,196.0,255.0,0.70912904,277.0,133.0,0.36160606
guy3_warrior143_flipped.jpg,188.0,134.0,0.5032613,192.0,129.0,0.47886556,190.0,129.0,0.4032288,186.0,120.0,0.36180332,182.0,119.0,0.3626253,175.0,120.0,0.57426333,157.0,118.0,0.5674616,210.0,114.0,0.43403456,194.0,113.0,0.36861143,232.0,100.0,0.19864322,225.0,99.0,0.30795854,105.0,137.0,0.65014887,104.0,144.0,0.7527776,57.0,134.0,0.60903525,105.0,201.0,0.5446954,18.0,127.0,0.61561304,102.0,255.0,0.7072952
guy3_warrior144.jpg,106.0,131.0,0.5017363,106.0,126.0,0.52399737,102.0,127.0,0.40987295,117.0,116.0,0.5575669,109.0,119.0,0.4186656,134.0,121.0,0.4700272,121.0,124.0,0.4565204,92.0,113.0,0.39204773,87.0,117.0,0.32811028,66.0,96.0,0.6494279,56.0,108.0,0.39792785,198.0,148.0,0.49579474,199.0,139.0,0.46901292,191.0,201.0,0.6178752,240.0,138.0,0.4861515,196.0,256.0,0.69973904,277.0,135.0,0.30229962
guy3_warrior144_flipped.jpg,192.0,131.0,0.53649515,196.0,126.0,0.46175063,194.0,126.0,0.5166592,190.0,117.0,0.4182568,186.0,117.0,0.5386255,175.0,122.0,0.6129899,162.0,118.0,0.6099438,204.0,115.0,0.50517654,194.0,112.0,0.43601307,230.0,103.0,0.33195204,231.0,100.0,0.6104193,106.0,138.0,0.59820735,102.0,142.0,0.6098095,81.0,143.0,0.17341888,107.0,199.0,0.40128583,23.0,132.0,0.2980727,101.0,254.0,0.52237666
guy3_warrior145.jpg,108.0,131.0,0.42746603,107.0,126.0,0.39944798,103.0,128.0,0.50274444,115.0,117.0,0.48479867,112.0,121.0,0.4115607,133.0,120.0,0.35699928,123.0,121.0,0.3655699,90.0,110.0,0.26863548,88.0,113.0,0.31071734,65.0,99.0,0.4729755,58.0,105.0,0.37925026,196.0,148.0,0.5048137,197.0,141.0,0.5201731,190.0,202.0,0.607736,239.0,142.0,0.4200583,195.0,256.0,0.69593424,278.0,137.0,0.42546654
guy3_warrior145_flipped.jpg,186.0,134.0,0.5376766,190.0,129.0,0.40800858,189.0,129.0,0.48558497,184.0,118.0,0.5180762,181.0,119.0,0.47705975,167.0,119.0,0.51460135,157.0,119.0,0.6026226,202.0,114.0,0.393445,197.0,116.0,0.3325675,229.0,101.0,0.3514119,231.0,101.0,0.38693067,106.0,140.0,0.6908511,105.0,145.0,0.6873108,59.0,141.0,0.62991285,107.0,203.0,0.49453837,20.0,134.0,0.7633304,103.0,255.0,0.87015027
guy3_warrior146.jpg,107.0,128.0,0.55224454,106.0,123.0,0.50222266,104.0,124.0,0.54206765,116.0,115.0,0.610746,112.0,118.0,0.32971546,133.0,120.0,0.42308515,121.0,121.0,0.4194598,86.0,108.0,0.3398497,83.0,111.0,0.34831583,63.0,96.0,0.3570673,53.0,103.0,0.4416472,195.0,149.0,0.6208067,194.0,142.0,0.5121869,190.0,202.0,0.53143203,236.0,146.0,0.32545048,194.0,257.0,0.6816434,276.0,142.0,0.44357374
guy3_warrior146_flipped.jpg,192.0,128.0,0.597598,195.0,124.0,0.5860977,194.0,124.0,0.65011823,188.0,115.0,0.5581262,186.0,115.0,0.60194075,173.0,121.0,0.4980821,159.0,116.0,0.64670444,208.0,112.0,0.5691103,207.0,109.0,0.38363725,235.0,103.0,0.3746302,236.0,100.0,0.40820846,106.0,143.0,0.7273263,103.0,147.0,0.64571977,64.0,147.0,0.58256364,109.0,203.0,0.5791817,22.0,140.0,0.52383685,104.0,257.0,0.775273
guy3_warrior147.jpg,106.0,126.0,0.49854174,105.0,122.0,0.4707724,102.0,123.0,0.584157,116.0,113.0,0.519863,110.0,116.0,0.39735186,134.0,118.0,0.4378608,121.0,120.0,0.43014982,89.0,107.0,0.44719428,86.0,108.0,0.30535054,62.0,96.0,0.58850443,59.0,98.0,0.36314592,194.0,149.0,0.60420024,193.0,142.0,0.51627177,189.0,203.0,0.73360217,235.0,151.0,0.31062576,192.0,259.0,0.69479144,276.0,149.0,0.38217548
guy3_warrior147_flipped.jpg,192.0,128.0,0.555954,195.0,124.0,0.58523434,193.0,124.0,0.6239456,188.0,116.0,0.57634854,186.0,115.0,0.5926088,174.0,121.0,0.55760455,160.0,115.0,0.55076015,206.0,110.0,0.58216524,206.0,107.0,0.4608345,237.0,100.0,0.43254456,240.0,99.0,0.5388091,107.0,148.0,0.6752701,104.0,149.0,0.6495085,63.0,151.0,0.76019603,111.0,205.0,0.5963731,23.0,150.0,0.5430424,105.0,258.0,0.7890249
guy3_warrior148.jpg,105.0,127.0,0.4869195,106.0,122.0,0.55606,102.0,123.0,0.44202653,117.0,114.0,0.5200133,111.0,117.0,0.33068588,136.0,120.0,0.4618865,122.0,120.0,0.3347812,99.0,106.0,0.3701974,91.0,107.0,0.38828108,63.0,93.0,0.5207697,60.0,94.0,0.51758945,193.0,149.0,0.6272284,190.0,144.0,0.49203172,188.0,204.0,0.7502403,234.0,155.0,0.25928408,191.0,260.0,0.74747086,277.0,155.0,0.39162898
guy3_warrior148_flipped.jpg,194.0,126.0,0.55338156,196.0,122.0,0.50923383,194.0,122.0,0.5335033,189.0,114.0,0.5942297,186.0,113.0,0.53471607,174.0,122.0,0.59804285,158.0,115.0,0.6246065,206.0,109.0,0.52334225,200.0,107.0,0.32602167,237.0,97.0,0.40273935,239.0,95.0,0.4121455,109.0,149.0,0.6135999,103.0,150.0,0.5192158,65.0,154.0,0.6660532,112.0,206.0,0.65302336,23.0,154.0,0.6313065,106.0,259.0,0.8974664
guy3_warrior149.jpg,106.0,124.0,0.5589037,107.0,119.0,0.5653622,102.0,120.0,0.6301379,117.0,111.0,0.5872572,110.0,114.0,0.24274346,136.0,116.0,0.519017,123.0,116.0,0.28999582,101.0,103.0,0.3697238,91.0,105.0,0.33827993,65.0,90.0,0.44268334,62.0,93.0,0.50695384,193.0,151.0,0.5623919,191.0,145.0,0.55283505,188.0,205.0,0.7499053,233.0,159.0,0.39086273,191.0,260.0,0.81427586,279.0,166.0,0.19817238
guy3_warrior149_flipped.jpg,194.0,122.0,0.623562,196.0,118.0,0.63200784,195.0,118.0,0.6236098,188.0,111.0,0.68526435,185.0,109.0,0.65512234,177.0,118.0,0.5979929,157.0,112.0,0.8049106,203.0,107.0,0.57334423,194.0,103.0,0.58908594,236.0,95.0,0.35157162,234.0,92.0,0.6024514,107.0,151.0,0.711723,102.0,152.0,0.6860008,67.0,160.0,0.63357186,112.0,207.0,0.53294563,23.0,161.0,0.5575854,107.0,259.0,0.88848907
guy3_warrior150.jpg,107.0,121.0,0.5647373,107.0,115.0,0.54949915,103.0,117.0,0.5622637,121.0,109.0,0.46039787,112.0,112.0,0.3173446,138.0,115.0,0.44074517,122.0,117.0,0.29489782,104.0,99.0,0.29558146,92.0,104.0,0.47676012,69.0,86.0,0.3953763,61.0,89.0,0.41275483,190.0,151.0,0.5575906,186.0,148.0,0.58118105,186.0,205.0,0.7891634,231.0,162.0,0.48004788,190.0,261.0,0.84526,276.0,167.0,0.3851719
guy3_warrior150_flipped.jpg,192.0,123.0,0.59324414,194.0,119.0,0.7388098,192.0,118.0,0.61852777,186.0,110.0,0.6953857,184.0,109.0,0.65971917,175.0,115.0,0.7750249,157.0,110.0,0.778588,204.0,103.0,0.5278538,199.0,99.0,0.618557,236.0,92.0,0.47163123,234.0,87.0,0.6162567,108.0,152.0,0.63939524,104.0,153.0,0.8125126,66.0,163.0,0.65366155,113.0,208.0,0.779675,22.0,168.0,0.7778407,109.0,259.0,0.8635834
